credit.policy,purpose,int.rate,installment,log.annual.inc,dti,fico,days.with.cr.line,revol.bal,revol.util,inq.last.6mths,delinq.2yrs,pub.rec,not.fully.paid
1,credit_card,0.1217,713.41,10.638858,7.92,722,6082.32,2237,81.2,4,0,0,0
1,credit_card,0.198,545.82,11.690659,10.62,670,8631.24,64899,3.8,2,1,0,0
1,debt_consolidation,0.1183,145.39,11.200573,9.57,739,7500.02,20184,119.0,3,0,0,0
1,small_business,0.14,306.5,10.14483,3.91,746,9292.88,1387,65.5,2,0,0,0
0,credit_card,0.1722,1063.91,10.864423,12.13,636,7139.57,61525,50.3,1,0,1,0
1,debt_consolidation,0.2007,284.31,10.82499,3.4,661,7284.06,2704,89.8,1,0,0,0
1,all_other,0.174,671.73,10.796919,19.15,715,2671.67,2114,21.7,2,0,0,0
1,credit_card,0.1867,627.04,11.240671,19.99,698,2599.68,130868,32.9,2,0,0,0
1,debt_consolidation,0.1406,636.85,11.317182,5.68,709,9261.53,16263,49.2,2,0,0,1
1,debt_consolidation,0.1973,547.69,11.245158,7.66,678,3926.31,2091,61.6,0,0,1,0
1,all_other,0.1252,621.67,11.136738,9.68,743,3705.39,4689,56.8,1,0,0,0
1,debt_consolidation,0.1273,130.14,10.982239,12.38,740,180.0,60246,52.9,2,0,0,0
1,educational,0.1406,1080.74,9.617764,14.37,713,7710.58,1623,35.5,3,0,0,1
1,debt_consolidation,0.1233,103.07,11.404515,15.8,753,2262.44,8836,57.2,2,0,0,0
1,debt_consolidation,0.146,468.99,11.227896,15.63,728,3009.27,8828,54.8,0,1,0,0
1,debt_consolidation,0.154,368.6,10.329296,23.32,677,7795.79,863718,46.7,3,0,0,0
1,debt_consolidation,0.1542,246.16,11.101155,13.02,724,180.0,1076,39.3,2,0,0,0
1,small_business,0.1349,187.53,11.325242,3.61,674,8456.83,1149,31.9,3,0,0,0
1,home_improvement,0.1456,553.68,11.644461,1.5,743,2986.89,4472,4.5,0,0,0,0
1,small_business,0.15,664.42,11.241284,23.89,708,4692.73,3978,88.3,3,0,0,0
1,all_other,0.1457,350.64,11.126177,16.12,703,3120.38,11714,68.7,3,0,0,0
1,all_other,0.1547,311.73,11.507531,14.02,684,1735.19,5209,76.2,2,0,0,1
1,debt_consolidation,0.1541,935.21,10.743011,15.7,756,3162.8,42937,13.4,1,0,0,0
1,debt_consolidation,0.1687,289.76,11.181322,13.71,704,2991.78,12749,32.5,0,0,0,0
1,small_business,0.1748,381.17,10.551121,15.59,694,1982.56,2363,45.0,0,0,0,0
1,all_other,0.1474,327.6,11.607281,10.03,697,8916.23,7574,57.4,3,0,0,0
1,all_other,0.1626,1234.99,9.948076,19.88,730,2636.17,7194,24.7,3,0,0,0
1,all_other,0.1855,221.32,11.42821,8.98,724,342.38,69123,97.3,1,0,0,0
1,home_improvement,0.1481,676.75,10.940802,6.37,726,180.0,44297,72.5,1,0,0,0
1,debt_consolidation,0.1167,110.05,11.518886,0.93,726,6149.12,34771,52.3,3,0,0,0
1,credit_card,0.1054,181.92,10.453868,10.96,791,724.85,3470,55.8,1,0,0,0
1,credit_card,0.1738,315.74,10.98489,21.35,695,4614.55,18330,40.6,3,0,0,0
1,home_improvement,0.1556,348.7,10.966984,9.44,691,9983.91,1760,27.2,1,0,0,1
1,debt_consolidation,0.1527,314.1,11.194669,3.09,679,5514.78,31568,0.0,0,0,0,0
1,debt_consolidation,0.1275,342.54,10.290987,14.57,733,5870.22,77805,72.4,3,0,0,0
1,all_other,0.1384,230.26,11.318091,8.11,753,3735.86,394,48.7,0,0,0,1
1,small_business,0.142,923.3,9.804005,23.28,706,5026.53,9716,81.3,1,0,0,1
1,educational,0.1696,193.49,10.522616,20.01,678,4520.52,9699,63.9,1,0,0,0
1,all_other,0.1716,658.14,9.976735,3.83,679,5831.8,47819,46.2,1,0,0,0
1,debt_consolidation,0.1357,597.07,11.435214,11.4,735,9202.86,4362,49.6,2,0,0,0
1,debt_consolidation,0.1224,187.76,11.17408,7.39,738,3992.4,4265,25.7,0,0,0,0
1,all_other,0.1668,300.28,11.208184,4.59,731,3090.24,14559,12.3,3,0,0,0
0,debt_consolidation,0.1405,373.45,11.828646,12.21,685,4871.17,29822,18.3,1,2,0,0
1,all_other,0.1553,1222.39,10.737276,18.25,719,7460.36,15686,19.2,0,0,0,0
1,home_improvement,0.1687,300.62,11.301847,12.04,714,4213.97,46229,41.4,2,0,0,0
1,debt_consolidation,0.1555,1222.73,10.970274,9.04,718,5726.36,33999,69.7,1,0,0,0
1,debt_consolidation,0.1657,663.53,10.877397,0.0,743,6338.39,4938,66.9,2,0,0,0
1,debt_consolidation,0.1296,468.46,11.727042,8.01,718,10441.52,11737,3.0,1,0,0,0
1,debt_consolidation,0.1284,682.81,12.199946,16.41,736,7366.3,27236,71.9,2,0,0,0
1,credit_card,0.1453,113.11,10.666805,3.34,713,2878.2,3185,51.1,0,1,0,0
1,debt_consolidation,0.2168,944.64,11.438569,21.45,721,180.0,3816,67.3,0,0,0,1
1,debt_consolidation,0.1553,151.33,11.124661,8.57,734,5435.95,1097,61.9,1,0,0,0
0,debt_consolidation,0.1946,741.68,11.131979,13.94,655,3297.13,74891,0.0,1,0,0,0
0,debt_consolidation,0.1744,259.16,11.080778,9.85,698,3845.53,363953,52.7,6,0,0,1
1,credit_card,0.1656,221.5,10.726822,4.48,692,2570.02,3841,89.7,2,0,0,0
1,all_other,0.1877,1278.89,8.743162,15.64,686,3796.84,28520,12.6,1,0,0,0
1,all_other,0.123,340.28,11.866234,8.47,700,3746.94,83804,20.2,0,0,0,0
1,all_other,0.1358,127.24,10.506213,6.85,767,4770.76,1756,0.0,1,0,0,0
1,debt_consolidation,0.1793,781.62,10.78265,0.0,677,3378.1,19858,33.9,3,0,0,0
1,all_other,0.1596,163.54,10.795621,21.59,747,3267.2,95255,4.3,1,0,0,0
0,debt_consolidation,0.1616,999.08,10.45188,12.64,646,6385.04,7488,22.0,0,0,0,0
1,major_purchase,0.1401,369.67,11.076546,20.24,697,5053.62,10082,54.1,1,0,0,0
1,debt_consolidation,0.1328,151.7,10.902969,16.88,716,5071.18,104704,70.7,3,0,0,0
1,all_other,0.1564,679.9,10.492913,20.23,732,4936.53,5842,0.0,0,0,1,0
1,debt_consolidation,0.1545,549.59,11.021074,8.71,737,2822.39,4597,33.7,1,0,0,0
1,home_improvement,0.1234,82.58,10.909842,3.13,740,8652.02,8585,40.2,2,0,0,0
1,debt_consolidation,0.2,388.85,11.495982,17.86,697,10140.79,213077,43.2,1,0,0,0
1,major_purchase,0.1697,480.51,10.112366,13.5,692,8156.27,41588,70.2,1,1,0,0
1,debt_consolidation,0.1435,444.59,10.438713,9.38,743,649.45,27546,70.3,3,0,0,0
1,home_improvement,0.1549,335.49,11.372432,17.72,703,3405.93,27087,72.7,2,0,1,0
1,credit_card,0.1961,681.1,10.539757,14.73,662,6829.99,1960,54.0,0,1,0,0
1,debt_consolidation,0.183,591.35,10.378925,17.01,667,3184.73,28884,39.7,1,0,0,0
1,debt_consolidation,0.2094,420.83,10.569923,5.55,675,3307.35,5993,32.2,2,0,0,0
1,debt_consolidation,0.1231,309.27,10.868403,19.35,729,1631.68,8742,64.5,3,0,0,0
1,home_improvement,0.1227,404.55,10.870721,12.57,715,4154.22,8054,22.6,3,0,0,0
1,small_business,0.1444,246.53,10.801925,20.09,736,3006.11,54272,22.8,0,0,0,1
1,debt_consolidation,0.1742,191.75,10.302575,19.28,694,180.0,225419,61.5,2,0,0,0
1,debt_consolidation,0.1446,171.35,11.401627,17.34,716,7938.61,2806,68.7,1,0,0,0
1,debt_consolidation,0.1705,363.86,11.738994,11.83,734,6101.73,67344,47.0,0,1,0,0
1,debt_consolidation,0.1534,209.01,9.764639,17.5,698,1720.94,9616,65.4,0,0,0,0
1,all_other,0.1699,348.89,9.98234,20.26,727,7229.82,43424,39.2,1,0,0,0
1,debt_consolidation,0.1505,962.72,11.541743,16.79,685,5377.23,20877,42.7,1,1,0,1
1,debt_consolidation,0.1859,344.89,11.887576,14.0,696,7958.13,4840,57.6,3,0,0,0
1,small_business,0.205,450.85,9.631201,17.51,695,6895.67,4724,24.3,2,0,0,0
1,credit_card,0.1649,329.92,11.427416,8.97,665,3121.69,9217,67.8,1,0,0,0
1,credit_card,0.1571,955.8,11.929107,23.05,729,6732.24,23088,40.0,0,1,1,0
1,debt_consolidation,0.1694,1243.5,10.403929,1.0,692,6838.05,28816,41.9,0,0,0,0
1,major_purchase,0.1662,279.24,11.893597,12.84,710,7698.85,1200000,49.6,3,1,0,0
1,all_other,0.1735,652.24,10.821423,9.8,728,7553.59,31284,71.1,0,0,0,0
1,all_other,0.1677,1243.84,11.121929,8.18,727,10255.74,1643,0.0,0,0,0,0
1,debt_consolidation,0.1549,169.43,10.491268,14.71,735,7441.5,98223,10.2,3,0,1,0
1,small_business,0.186,791.97,11.540627,4.83,706,3098.7,34114,76.8,0,0,0,0
0,all_other,0.1377,110.17,11.439016,27.45,694,5503.25,10142,61.2,0,2,0,1
1,home_improvement,0.1564,390.62,11.982073,3.27,707,2437.37,2236,34.2,0,0,0,0
0,credit_card,0.1627,349.95,11.80877,6.04,646,8083.47,8434,49.0,1,1,0,0
0,home_improvement,0.1803,119.76,10.924418,5.38,655,2919.3,85800,64.3,0,0,0,0
1,credit_card,0.2007,872.18,12.826111,13.97,660,10637.87,29281,92.0,1,1,0,0
1,major_purchase,0.1729,434.18,11.753984,19.6,672,4328.95,115653,34.8,1,0,1,0
1,debt_consolidation,0.099,184.15,11.259715,16.23,725,4950.17,106240,85.2,2,0,0,0
1,debt_consolidation,0.1503,477.43,10.321736,22.76,676,3898.28,18331,63.5,2,0,0,1
1,credit_card,0.1738,738.08,9.99668,6.89,696,3267.72,85,20.2,1,1,0,0
1,all_other,0.1231,105.8,10.048533,17.15,759,3734.14,3110,29.4,1,0,0,0
1,all_other,0.1779,43.52,10.360464,10.51,696,5639.19,1118,82.1,1,0,0,0
1,credit_card,0.1192,352.37,11.770155,14.17,738,5104.12,127229,88.0,1,0,0,0
1,all_other,0.1793,230.72,11.227124,20.25,675,3992.54,29981,45.6,1,1,0,0
1,home_improvement,0.1681,992.63,10.555842,0.92,702,5826.23,9306,78.9,3,0,0,1
1,debt_consolidation,0.1879,308.47,10.84712,26.34,674,3702.91,5710,57.3,4,0,1,0
1,small_business,0.1636,479.97,10.772775,11.6,697,5047.53,74412,45.1,2,1,0,0
1,debt_consolidation,0.1571,336.0,11.418031,1.51,742,9474.53,3116,52.5,1,0,0,0
0,all_other,0.2157,140.73,10.393933,7.82,644,3627.3,1664,6.6,2,1,1,0
1,small_business,0.1178,369.97,11.143309,13.31,727,4301.54,1450,39.1,1,0,0,0
1,debt_consolidation,0.1529,150.47,11.113052,7.82,719,2172.93,15569,31.8,2,0,0,1
1,debt_consolidation,0.1301,140.77,10.412191,0.0,687,4214.14,3554,76.1,1,0,0,0
0,debt_consolidation,0.1634,179.21,11.898684,13.27,655,5996.45,64527,54.2,0,0,0,0
1,all_other,0.139,162.82,10.749702,7.62,713,3738.49,12729,40.1,0,0,0,0
1,all_other,0.1636,333.55,10.324422,17.09,690,2224.52,1373,79.3,4,0,0,1
1,debt_consolidation,0.1594,292.02,11.450257,5.23,719,5963.73,8644,3.2,0,0,0,0
1,small_business,0.1885,488.16,10.963242,28.2,711,6228.2,2646,19.3,3,0,0,1
1,debt_consolidation,0.1337,123.09,11.179141,16.14,771,6594.95,10235,83.7,3,0,0,0
1,all_other,0.1734,328.53,10.207345,13.96,701,1962.23,71198,65.6,0,0,0,0
1,all_other,0.1519,271.44,11.425574,16.9,671,8486.35,9670,1.1,1,0,0,0
1,debt_consolidation,0.1739,451.46,12.255181,0.03,717,3840.31,4237,53.3,2,0,0,0
1,debt_consolidation,0.0864,411.98,10.159671,9.17,718,2540.75,24986,10.3,2,0,0,0
1,educational,0.163,430.81,11.146067,24.9,762,7621.35,6186,34.6,1,0,0,0
1,credit_card,0.1684,194.54,10.450961,10.39,742,8398.18,28750,60.3,1,0,0,0
1,debt_consolidation,0.1646,393.78,12.57066,12.17,724,4271.67,20616,46.0,2,0,0,0
1,home_improvement,0.1753,274.3,11.686176,9.38,766,2978.2,2257,45.0,4,0,0,0
1,all_other,0.1401,938.14,11.102085,22.71,665,6165.76,1489,23.1,0,0,0,1
1,debt_consolidation,0.1823,428.55,10.181001,10.91,686,1728.85,6717,80.5,0,0,0,0
1,credit_card,0.1744,414.79,10.328506,3.96,675,11438.94,23388,61.4,0,0,0,0
1,all_other,0.1675,158.53,11.385227,30.0,695,2479.69,192925,23.7,0,0,0,0
0,debt_consolidation,0.156,252.94,10.09888,3.11,658,5950.4,1973,50.5,2,0,0,1
1,small_business,0.168,466.12,10.118021,11.93,734,4658.15,2395,38.0,1,0,0,0
1,debt_consolidation,0.1665,367.26,10.935387,6.79,702,2760.62,56859,31.1,0,0,0,0
0,debt_consolidation,0.1673,364.9,11.011384,7.76,654,2720.51,16130,51.2,1,0,0,0
1,debt_consolidation,0.1721,114.6,11.161819,5.29,671,7879.32,8865,95.5,0,0,0,1
1,credit_card,0.1242,206.73,10.66189,8.87,722,5978.15,34563,21.9,1,1,0,0
1,credit_card,0.1336,305.59,11.491289,19.39,742,3319.72,85831,63.3,0,0,0,0
1,small_business,0.1559,886.68,10.404293,0.0,786,3660.18,61942,71.8,4,0,0,0
1,debt_consolidation,0.1256,97.47,11.312253,21.3,821,3025.88,3825,61.2,0,1,0,0
1,home_improvement,0.1641,186.23,11.060614,20.11,726,7262.6,23753,73.5,1,0,0,0
1,all_other,0.1922,106.5,11.296396,16.11,672,7365.79,71851,45.0,1,1,0,0
0,debt_consolidation,0.2118,518.78,11.651019,13.47,629,6378.35,7406,61.3,2,0,1,1
1,debt_consolidation,0.1385,855.76,10.652247,14.51,720,5694.38,21402,50.6,0,0,0,0
1,home_improvement,0.1766,506.55,10.526743,22.42,679,6626.6,4607,9.8,2,0,0,0
1,debt_consolidation,0.1848,596.27,9.90008,0.55,694,937.59,2564,16.8,1,0,0,1
1,all_other,0.1387,181.19,9.698409,17.62,687,5747.87,22886,77.6,3,0,0,0
1,all_other,0.1304,477.58,10.822656,7.45,705,7731.12,51728,33.7,1,0,0,0
1,debt_consolidation,0.1086,208.11,10.864411,18.3,751,5637.49,40106,37.6,3,0,0,0
1,educational,0.1175,377.46,10.267489,8.37,716,5192.41,1393,69.2,3,0,0,1
1,home_improvement,0.1376,529.59,10.398629,17.48,704,3470.01,96950,43.4,1,0,0,0
1,all_other,0.1629,314.75,11.859307,1.92,671,3636.48,30142,67.6,1,0,0,0
0,credit_card,0.2149,736.59,11.464262,0.92,646,3751.77,72386,43.9,0,0,0,0
1,all_other,0.1553,340.68,10.16042,11.82,692,5617.54,2701,17.1,2,0,0,0
1,credit_card,0.1265,444.12,10.660168,22.51,708,3847.28,46082,76.5,2,1,0,0
1,debt_consolidation,0.1291,1177.77,11.177662,16.3,777,501.5,33451,23.1,1,0,0,0
1,all_other,0.1499,537.05,10.547865,16.25,715,7054.36,1591,83.6,4,0,0,0
1,debt_consolidation,0.1236,216.12,10.436696,18.54,747,6365.54,24450,63.6,1,0,1,1
1,all_other,0.1527,271.91,10.72367,9.86,691,5948.16,2324,31.9,1,0,1,0
1,all_other,0.1975,746.44,11.595303,16.81,665,2717.88,12416,64.2,0,0,0,0
1,debt_consolidation,0.1444,780.52,11.650655,8.6,673,3829.33,494733,33.5,2,0,1,1
1,educational,0.1352,361.94,10.481377,10.43,682,6357.47,19282,24.8,0,0,0,0
1,debt_consolidation,0.1288,126.33,11.210936,11.29,791,5126.08,10115,53.1,1,0,0,0
1,debt_consolidation,0.1576,197.06,10.926089,8.84,679,3315.15,1129,69.6,0,0,0,0
1,debt_consolidation,0.1725,444.11,10.314976,12.14,742,8309.1,19310,55.0,2,0,0,0
1,all_other,0.1681,583.87,10.748785,10.84,676,2942.22,9530,25.6,1,0,0,0
1,debt_consolidation,0.1381,753.29,10.158817,7.72,745,180.0,487,7.9,1,0,0,0
1,all_other,0.1649,93.35,11.639464,11.63,725,5278.29,2122,41.9,0,0,0,0
1,credit_card,0.1252,673.66,11.877008,13.67,704,5384.76,50522,15.2,2,0,0,0
1,debt_consolidation,0.1636,1049.45,10.67955,5.01,708,5204.94,95994,44.1,2,0,0,1
1,educational,0.1598,71.97,10.534062,15.48,685,6064.52,13687,46.0,3,0,0,1
1,debt_consolidation,0.1688,387.87,11.573303,9.19,727,3667.55,61345,67.6,1,0,0,0
1,all_other,0.1506,645.02,11.671851,13.97,693,7625.28,12847,65.7,1,0,0,1
1,debt_consolidation,0.1806,147.35,10.250209,8.01,663,1644.55,3632,75.5,1,0,0,0
1,credit_card,0.1708,275.23,10.839693,19.85,661,5006.46,412192,46.5,1,0,0,0
1,home_improvement,0.161,569.99,10.894048,19.2,717,3495.49,1272,35.3,3,0,1,0
1,debt_consolidation,0.1239,253.39,10.459826,5.36,770,7576.88,23983,59.7,0,0,0,0
1,debt_consolidation,0.1584,297.46,11.165449,16.22,716,3073.74,4301,59.3,0,1,0,1
1,debt_consolidation,0.1932,470.03,10.503033,22.58,705,5237.35,8731,58.0,4,0,0,0
1,debt_consolidation,0.1452,166.06,10.600441,6.06,721,5272.84,154857,102.4,1,0,0,0
1,educational,0.1415,177.53,10.868181,6.6,760,5549.55,13093,66.3,1,0,0,0
1,all_other,0.198,562.68,10.021672,17.67,718,3235.27,7260,81.3,0,0,0,1
1,all_other,0.1709,758.68,9.675564,3.58,694,5974.21,5086,15.6,4,1,0,0
1,major_purchase,0.0883,458.6,11.490146,7.24,752,5131.53,29948,18.8,2,0,0,0
0,home_improvement,0.1354,963.08,10.478403,5.6,726,5918.5,2679,24.5,5,0,0,0
1,home_improvement,0.1057,477.4,12.232267,17.76,768,8996.03,14173,47.4,1,0,0,1
1,debt_consolidation,0.1712,1249.94,12.132821,7.82,717,5350.09,9824,42.9,0,1,0,0
1,debt_consolidation,0.1752,411.32,10.621048,10.64,663,2572.3,3483,54.6,2,0,1,0
0,debt_consolidation,0.2006,485.55,12.356822,7.44,658,9962.57,1232,94.9,1,0,0,1
1,debt_consolidation,0.1398,495.6,11.50192,20.52,773,7507.76,12867,44.4,0,0,0,0
1,debt_consolidation,0.1388,240.44,10.536359,6.67,775,6695.07,6714,61.0,0,0,0,0
1,debt_consolidation,0.1346,215.48,9.355078,2.89,703,4603.38,17426,49.2,1,0,0,0
1,debt_consolidation,0.1727,208.47,11.349775,2.62,695,6909.24,379,78.4,1,0,0,0
1,all_other,0.158,259.89,10.94909,17.39,766,180.0,5843,65.5,3,0,0,0
1,debt_consolidation,0.1459,1206.27,11.193131,17.88,668,8925.61,47668,45.5,3,0,0,0
1,debt_consolidation,0.1649,1238.98,10.79041,21.22,676,7300.82,870,74.9,0,0,0,0
1,debt_consolidation,0.1522,302.34,10.232247,3.9,734,4617.34,244418,64.7,1,0,0,0
1,all_other,0.1646,288.34,10.669514,11.0,695,7237.34,21754,72.0,1,0,0,0
1,credit_card,0.1846,88.55,11.361049,29.35,710,6607.09,9695,48.3,2,0,0,0
1,credit_card,0.1732,195.3,10.713831,10.51,704,2536.57,14444,66.3,1,0,0,1
1,debt_consolidation,0.1582,217.68,10.710145,8.71,723,5507.31,3105,40.4,2,0,0,0
1,debt_consolidation,0.1484,278.09,10.003174,12.46,763,5997.56,117674,17.5,3,0,0,0
1,debt_consolidation,0.1698,261.65,10.985632,16.26,713,4725.38,16162,33.7,1,0,0,0
1,debt_consolidation,0.1459,438.13,10.251722,16.14,734,4511.9,13499,64.8,0,0,0,0
0,debt_consolidation,0.1839,683.93,11.490301,8.36,632,7313.13,60408,62.5,1,0,0,1
1,educational,0.1766,236.47,10.482198,8.56,708,5499.99,22565,27.1,2,0,0,0
1,debt_consolidation,0.1554,1044.66,10.749621,10.55,678,9754.56,4092,86.9,2,0,0,1
1,debt_consolidation,0.1752,500.34,12.25003,7.56,664,3427.0,11504,18.2,2,1,0,0
0,credit_card,0.1476,703.73,10.74299,4.08,677,6083.64,30101,51.8,1,2,0,0
1,all_other,0.1764,289.25,10.661249,25.07,697,2758.85,13330,35.0,1,0,0,0
1,debt_consolidation,0.1648,567.55,11.287229,9.79,745,6753.72,1406,52.7,1,0,0,0
1,debt_consolidation,0.1597,528.0,9.84099,10.18,660,2274.1,113928,10.7,2,0,0,0
1,major_purchase,0.1524,1062.82,11.692994,10.4,711,5780.51,15669,0.0,1,1,0,1
1,debt_consolidation,0.1544,602.49,11.536303,12.04,692,8011.57,6438,29.3,2,0,0,0
1,all_other,0.1828,721.6,11.249916,15.6,698,5189.94,34309,66.7,2,0,0,0
1,home_improvement,0.1671,268.19,8.869971,9.39,748,2583.34,5491,52.4,1,0,0,0
1,debt_consolidation,0.1373,860.16,10.771759,20.46,730,7422.7,1043,7.7,1,0,0,0
1,credit_card,0.0711,138.46,10.153552,16.72,761,5960.5,12005,75.1,0,0,0,0
1,debt_consolidation,0.1817,265.39,11.615705,11.28,704,4846.94,35251,53.4,0,0,0,0
1,debt_consolidation,0.1685,473.85,11.572062,8.0,684,2640.58,7828,68.9,0,0,0,1
1,debt_consolidation,0.1609,171.82,11.166686,20.09,701,1034.09,8328,37.2,0,0,0,0
1,educational,0.1711,204.67,10.196102,11.48,719,10689.0,8948,0.0,0,1,0,0
1,debt_consolidation,0.1455,197.5,11.841519,4.03,717,3627.03,10215,90.1,1,1,0,1
1,debt_consolidation,0.1617,502.46,10.770021,19.65,669,2577.64,15225,42.0,1,0,0,1
1,major_purchase,0.1474,338.0,12.031276,7.59,713,5846.65,43128,75.7,1,0,0,0
1,debt_consolidation,0.1616,756.67,11.091886,18.59,719,2514.76,39070,35.9,1,0,0,0
1,small_business,0.1453,1205.25,11.239153,0.0,806,6305.37,310725,49.7,3,0,0,0
1,credit_card,0.1566,462.48,10.649214,10.06,781,8437.65,195779,0.0,1,0,0,0
1,all_other,0.1784,275.82,11.788243,20.6,678,2415.32,3031,23.0,2,0,0,0
1,credit_card,0.158,496.26,11.301145,12.64,699,4313.13,8334,90.0,2,0,0,1
0,credit_card,0.1988,216.79,11.810164,16.73,654,6137.11,38099,72.3,0,1,0,0
1,debt_consolidation,0.1464,360.8,11.0383,6.38,688,2014.68,683,81.3,4,1,0,0
1,educational,0.1789,1263.4,10.901306,15.0,722,2782.8,19840,61.1,1,0,0,0
1,major_purchase,0.1394,324.02,11.293029,12.63,756,4768.11,3047,54.3,1,0,1,0
1,small_business,0.1789,488.0,11.80995,14.28,682,9961.87,11006,74.7,2,0,0,0
1,all_other,0.1478,337.58,11.550208,26.67,685,2928.01,12214,73.5,2,0,0,0
0,all_other,0.2053,307.39,11.014317,21.6,628,4353.0,706,55.8,0,0,0,0
1,all_other,0.153,533.18,9.797097,18.06,704,11258.94,573887,49.8,1,1,0,0
1,debt_consolidation,0.172,160.65,11.424335,18.15,670,7047.88,5044,74.8,2,0,0,0
1,all_other,0.1315,328.78,10.05239,6.33,690,824.35,119587,17.0,2,0,0,0
1,all_other,0.1621,149.13,10.951354,9.35,677,4476.16,875,38.3,3,0,0,0
1,credit_card,0.1463,1111.96,10.859383,2.03,706,6522.41,4191,6.6,2,1,0,0
0,debt_consolidation,0.1944,805.07,10.065161,3.84,643,8676.7,41835,19.4,0,0,0,0
0,all_other,0.1757,229.59,11.157227,6.48,654,8542.16,7921,53.1,0,0,0,0
1,all_other,0.0665,91.65,12.244134,12.4,791,6460.19,41870,69.5,1,0,0,0
1,all_other,0.1696,549.37,10.739311,4.15,661,6852.31,32125,99.9,2,0,0,0
1,educational,0.1457,365.51,11.397187,12.33,668,1812.41,3085,43.7,2,0,0,0
1,credit_card,0.1035,1135.11,12.366971,11.54,780,3328.6,82431,35.3,1,0,0,0
1,debt_consolidation,0.1265,978.25,11.456194,4.77,820,1816.79,29145,44.9,2,0,0,0
1,debt_consolidation,0.1424,585.13,10.536646,23.13,665,7636.25,1145,54.0,2,0,0,1
1,credit_card,0.1681,268.71,11.074579,3.46,696,6001.55,13662,99.3,3,0,0,0
1,all_other,0.1399,311.24,11.223276,20.31,723,5325.78,32828,47.2,3,0,0,1
1,home_improvement,0.1122,443.84,11.804626,0.0,776,8918.84,9842,15.3,3,0,0,0
1,debt_consolidation,0.1534,488.48,11.670571,11.62,672,6405.43,12477,58.2,1,0,1,0
1,debt_consolidation,0.1663,236.4,9.240371,4.34,701,7905.28,25132,49.5,0,1,0,0
1,debt_consolidation,0.151,146.14,10.407715,8.08,740,6950.85,844,45.9,1,0,0,0
1,credit_card,0.1137,1152.0,10.887284,25.09,727,7194.64,8371,39.2,1,0,0,0
1,educational,0.1852,407.85,10.310675,10.21,696,2453.37,6338,107.1,0,0,0,0
1,small_business,0.1494,509.83,8.672944,4.98,705,7495.59,38649,32.4,1,0,0,0
0,all_other,0.1871,219.12,10.487373,15.96,658,6242.86,4680,2.5,0,0,0,1
1,home_improvement,0.1363,967.67,10.927798,10.15,701,4037.75,260155,29.6,0,0,0,0
1,debt_consolidation,0.1512,786.61,10.609576,13.64,700,6771.19,4509,32.8,4,1,0,1
1,all_other,0.1263,382.45,10.321865,6.29,719,8274.61,1897,10.3,1,0,0,0
1,major_purchase,0.1548,442.23,10.955293,6.63,689,4814.55,81989,41.5,0,0,0,0
1,debt_consolidation,0.1438,458.84,11.139284,7.17,728,3186.09,29766,93.8,3,0,0,0
1,educational,0.1158,386.8,10.644156,18.11,748,3301.44,21152,10.2,1,0,0,0
1,debt_consolidation,0.1595,567.87,11.766764,11.03,716,1571.9,7726,6.8,0,0,0,0
1,debt_consolidation,0.159,499.83,10.965206,5.37,723,4638.47,6466,68.6,2,0,0,0
1,all_other,0.2091,363.9,10.398377,13.72,712,6535.54,23692,41.2,1,1,0,0
0,small_business,0.1895,176.82,10.244032,13.15,710,9394.29,4581,35.9,5,0,1,1
1,debt_consolidation,0.1916,394.77,10.800088,16.56,683,3045.55,195839,78.3,1,0,0,1
1,home_improvement,0.1151,609.93,11.609187,9.28,722,5958.11,16615,30.9,1,0,0,0
1,debt_consolidation,0.1185,580.32,10.42755,12.06,706,5116.62,7360,1.6,2,1,0,0
1,credit_card,0.114,902.59,11.293486,15.51,790,5038.5,5853,70.2,1,0,0,0
1,all_other,0.1646,1044.49,10.98768,5.64,770,1235.5,1617,45.2,1,0,0,1
1,debt_consolidation,0.1986,663.01,12.145872,18.71,725,2532.88,35156,43.7,2,1,0,0
1,credit_card,0.1552,435.51,11.168053,12.71,681,9596.6,3201,0.0,3,0,0,0
1,credit_card,0.1631,491.21,10.504082,5.0,668,7583.17,8900,18.0,2,0,0,1
1,all_other,0.1465,252.39,11.379185,4.95,755,5767.15,644298,41.2,0,1,0,0
1,debt_consolidation,0.1475,661.13,11.399713,11.91,720,6214.65,610,16.1,0,0,0,0
1,debt_consolidation,0.1444,950.16,10.687823,8.8,728,6918.6,9331,74.7,3,0,0,0
0,major_purchase,0.1983,840.82,10.219963,17.81,644,3939.41,1225,45.1,1,1,0,1
1,credit_card,0.1945,595.54,11.256981,10.62,745,4042.23,4630,40.0,0,1,0,0
1,home_improvement,0.1743,331.49,10.968744,14.69,727,3520.37,8710,75.3,1,0,0,0
1,credit_card,0.2122,322.16,10.004904,6.74,668,5482.23,1358,30.1,1,0,0,1
1,home_improvement,0.1271,328.18,11.085258,12.44,692,2183.49,21049,58.2,2,0,1,0
1,debt_consolidation,0.1729,234.86,10.541434,21.68,720,3399.98,114631,47.0,1,0,0,0
1,all_other,0.136,450.52,10.005483,11.58,712,6325.14,18631,71.3,3,0,0,0
1,credit_card,0.1944,56.96,10.715209,8.78,699,4177.67,41957,59.7,0,0,1,0
1,debt_consolidation,0.1848,273.0,11.71258,6.64,706,683.55,147088,65.2,2,0,0,0
1,debt_consolidation,0.1725,410.45,11.666918,12.47,700,4111.95,28895,32.2,0,1,0,0
1,all_other,0.1383,1193.33,11.507519,22.32,716,6423.73,252,30.8,1,0,0,1
1,small_business,0.136,372.87,11.094232,3.19,766,5350.02,14567,44.4,1,0,0,0
0,credit_card,0.1919,413.78,11.293436,12.26,612,835.58,200,65.0,2,0,0,0
1,debt_consolidation,0.1752,219.17,10.990173,0.77,701,7640.75,3444,58.1,1,0,0,0
1,educational,0.1608,1231.88,10.255919,9.77,717,4443.8,994,69.6,0,0,0,0
1,debt_consolidation,0.1794,223.58,10.377644,14.41,721,5907.63,16927,22.6,1,0,0,0
1,debt_consolidation,0.1944,1290.76,10.55962,1.7,696,7671.8,2603,8.4,2,0,0,0
0,educational,0.1691,232.03,11.784829,9.53,643,4750.53,17688,33.1,3,0,0,0
1,credit_card,0.16,743.38,11.586781,14.6,722,287.34,38176,28.2,0,1,0,0
1,major_purchase,0.1355,357.0,10.271275,13.5,776,9448.81,2361,19.7,1,0,0,1
0,home_improvement,0.1801,266.79,10.962569,14.94,652,180.0,16350,41.0,0,0,0,0
1,credit_card,0.1599,779.49,10.68441,5.88,743,4228.61,166,10.0,0,1,0,0
1,debt_consolidation,0.1711,989.85,10.835389,14.6,698,8299.18,1004,30.9,3,1,0,0
1,debt_consolidation,0.1453,330.78,10.603014,8.46,708,3316.81,83130,19.0,3,0,0,0
1,major_purchase,0.1711,384.01,11.787472,17.53,670,3464.67,2667,13.2,1,0,0,0
1,small_business,0.1698,292.06,10.918467,0.0,697,4518.19,4721,11.3,0,0,0,0
1,debt_consolidation,0.1193,424.56,11.061856,10.6,759,4608.36,2956,18.6,1,0,0,0
1,debt_consolidation,0.1443,174.8,11.066798,13.28,732,2909.32,683,62.0,2,0,0,0
1,debt_consolidation,0.1003,53.59,10.30306,21.91,776,3470.34,2092,38.8,1,1,0,0
1,debt_consolidation,0.1451,101.69,10.996218,13.2,755,7746.83,10837,50.2,2,0,0,0
1,small_business,0.1913,344.08,11.578013,13.9,727,3732.01,5905,41.1,2,0,0,1
1,debt_consolidation,0.1272,173.58,11.828342,15.19,776,6316.2,60914,65.4,1,1,0,0
1,all_other,0.1672,357.75,10.229833,21.25,727,2777.92,4065,61.5,2,0,0,0
1,major_purchase,0.1451,263.04,10.003653,9.96,741,8521.11,10730,62.4,1,0,0,0
1,all_other,0.1404,228.13,10.967902,2.92,699,7404.09,4581,41.6,0,0,0,0
1,all_other,0.1947,256.24,11.606604,1.6,713,4835.97,48743,45.9,2,0,0,0
1,debt_consolidation,0.1196,714.58,11.149354,17.18,683,6663.35,1104,12.8,3,0,0,0
1,debt_consolidation,0.139,440.14,11.344981,14.14,748,8864.7,23489,26.6,2,0,0,0
1,debt_consolidation,0.1608,1151.31,10.100248,10.83,665,2555.43,20907,68.3,1,1,0,0
1,debt_consolidation,0.174,421.55,10.581088,8.56,740,2420.24,2939,31.0,2,0,0,0
1,debt_consolidation,0.1634,101.48,9.590371,13.85,703,5994.85,9331,39.6,2,0,0,0
1,debt_consolidation,0.1868,192.24,10.843082,14.05,755,1828.02,20315,64.3,2,1,0,0
1,debt_consolidation,0.1436,407.29,9.609826,15.91,739,1179.46,3616,53.8,1,0,0,0
1,debt_consolidation,0.1096,423.95,11.742924,4.95,779,1051.95,3497,47.1,2,0,0,0
1,major_purchase,0.1091,237.3,11.878441,0.43,738,5431.13,1529,39.8,2,0,0,0
0,debt_consolidation,0.205,234.49,11.015793,6.3,650,180.0,278105,70.4,2,1,0,0
1,debt_consolidation,0.1406,244.47,10.00733,3.28,707,4051.56,5182,27.7,2,0,0,0
1,small_business,0.1828,358.79,11.159185,2.92,665,180.0,1538,56.1,3,1,0,1
1,debt_consolidation,0.1895,387.15,12.064071,23.43,690,6154.66,646,38.7,2,0,0,0
1,all_other,0.1513,176.14,11.220199,0.0,767,6322.21,3028,62.4,2,0,1,0
1,home_improvement,0.1329,439.7,11.65284,15.84,734,4528.9,16765,64.9,3,0,0,0
1,all_other,0.159,453.31,10.634049,18.86,683,8014.11,7268,50.0,0,0,0,0
1,debt_consolidation,0.1383,345.31,10.398562,19.41,671,7048.74,19168,77.3,0,1,0,0
1,credit_card,0.1143,222.14,10.886774,14.51,711,3081.53,34353,66.9,1,0,0,0
1,credit_card,0.1919,643.26,9.75471,21.71,664,2866.4,8592,38.4,0,0,0,0
1,debt_consolidation,0.1851,1005.85,12.311094,24.91,684,7269.09,8919,53.1,2,1,0,1
1,debt_consolidation,0.1576,280.04,11.015187,10.51,722,6771.91,133940,54.3,3,0,0,0
0,debt_consolidation,0.1398,240.71,11.458732,15.69,754,4387.37,35548,74.4,6,0,0,0
1,home_improvement,0.1314,511.68,10.64848,21.4,733,661.17,20236,4.5,2,0,0,0
0,debt_consolidation,0.22,184.09,9.988717,6.65,623,7383.17,6317,77.9,0,0,0,0
1,debt_consolidation,0.1148,147.55,11.799747,10.91,722,5226.88,32231,1.8,3,0,0,0
1,all_other,0.1452,239.13,10.244299,8.28,713,4915.13,19220,59.7,1,0,0,0
1,major_purchase,0.1519,472.15,11.142792,15.78,726,180.0,18096,59.5,1,0,1,0
1,debt_consolidation,0.1284,198.53,11.200282,0.0,771,6392.03,34460,41.1,1,0,0,0
0,debt_consolidation,0.191,396.26,10.97511,22.51,632,4907.41,18430,63.8,0,1,0,1
1,all_other,0.1554,93.6,10.451404,16.28,688,3709.6,962,12.5,1,0,0,0
1,credit_card,0.1568,589.53,10.838724,16.67,732,2968.68,11938,23.9,0,1,0,0
0,all_other,0.1586,1051.97,10.350469,0.0,650,5337.12,1837,16.3,2,1,0,0
1,small_business,0.1428,198.52,11.423598,5.42,766,6229.91,30130,27.8,1,0,0,0
1,debt_consolidation,0.1582,523.43,11.278644,22.88,724,4104.66,889,76.9,4,0,0,1
1,debt_consolidation,0.1348,320.79,10.916945,11.38,742,6458.28,10408,82.5,1,0,0,0
1,debt_consolidation,0.1659,417.66,10.583306,0.7,688,2179.26,11998,44.2,1,0,0,1
1,debt_consolidation,0.1463,317.55,12.215464,14.13,741,3429.15,1746,52.2,2,1,0,0
0,all_other,0.1022,286.3,10.135741,17.29,751,6775.69,9607,102.3,5,0,0,0
1,home_improvement,0.1185,202.32,9.987786,16.27,719,4048.84,37360,34.9,2,0,0,0
1,debt_consolidation,0.1545,177.56,10.879976,11.56,719,9352.01,4489,27.4,2,1,0,1
1,credit_card,0.1392,806.13,10.772591,20.44,720,5752.35,17383,73.4,0,0,0,0
1,debt_consolidation,0.1598,118.68,11.599525,7.76,677,2139.96,24642,31.7,2,0,0,0
1,all_other,0.17,384.9,11.324131,16.33,704,1137.45,1983,18.9,2,0,1,0
0,debt_consolidation,0.1388,356.82,10.948011,13.53,704,7021.0,11686,72.1,5,1,0,1
1,all_other,0.1009,341.98,11.235206,11.68,725,3542.12,7806,86.3,2,0,0,1
1,debt_consolidation,0.1719,622.74,11.224121,9.98,748,7351.91,10681,32.7,1,0,0,1
1,major_purchase,0.1981,312.76,12.21317,10.23,670,3709.31,840,46.0,0,0,1,0
1,small_business,0.1971,639.51,11.084552,12.82,705,5664.95,1151,72.7,0,0,0,1
1,home_improvement,0.1083,1143.04,10.514543,10.58,766,4221.43,77042,25.0,1,0,0,0
1,small_business,0.182,356.46,11.051086,17.66,682,5698.69,36683,74.1,1,0,0,0
1,debt_consolidation,0.1445,90.72,9.332606,8.9,679,6883.38,15555,89.0,2,0,0,0
1,all_other,0.1511,343.7,10.910085,23.42,718,5107.83,46287,11.2,1,0,0,0
1,debt_consolidation,0.1345,313.39,11.596719,8.59,742,6712.51,1311,8.1,0,0,0,0
1,small_business,0.1493,501.9,11.297332,18.95,710,813.45,7607,0.2,1,0,0,1
1,debt_consolidation,0.143,92.97,11.112119,19.25,761,6099.05,6544,32.0,0,0,0,0
1,debt_consolidation,0.1359,466.44,11.326036,13.74,743,5117.53,3190,10.5,1,0,0,0
1,credit_card,0.176,292.78,11.602986,13.13,742,4404.72,1783,78.4,1,1,0,1
1,debt_consolidation,0.1482,663.39,11.799392,7.57,731,180.0,89848,19.1,1,0,0,0
1,credit_card,0.0653,233.31,11.202948,9.03,798,888.44,3996,35.2,0,0,0,0
1,debt_consolidation,0.1233,670.19,10.737172,14.12,702,5628.38,22494,57.4,2,0,0,0
0,credit_card,0.22,145.09,9.518752,12.29,634,5943.77,18613,23.1,3,0,0,0
1,small_business,0.1363,376.53,11.526686,20.76,771,6083.38,58260,47.2,2,1,0,0
1,all_other,0.1684,197.07,11.244274,9.46,693,5041.92,35407,65.7,3,0,0,0
1,debt_consolidation,0.1543,271.07,11.023122,9.88,714,2063.58,6687,119.0,3,0,0,0
1,debt_consolidation,0.1617,1233.44,10.510289,1.11,760,2489.89,1445,58.0,1,0,0,0
0,debt_consolidation,0.1452,193.74,11.518743,17.04,649,180.0,45604,1.1,1,0,0,0
1,debt_consolidation,0.2041,314.94,10.773086,16.42,662,5371.54,77271,67.0,1,0,0,0
0,all_other,0.2086,184.7,10.909003,19.34,649,9824.2,563009,55.9,0,1,1,1
1,debt_consolidation,0.1695,314.34,10.895847,19.73,680,4830.26,52304,61.5,0,1,0,1
1,debt_consolidation,0.1565,344.53,11.20441,18.04,727,3159.42,3936,44.1,1,0,0,1
1,debt_consolidation,0.1395,223.39,10.229334,18.33,730,5124.04,4845,72.5,2,0,0,0
1,major_purchase,0.1177,1091.57,11.273157,16.81,720,4720.81,395,39.7,2,0,0,0
0,debt_consolidation,0.1918,902.28,10.490258,17.87,656,719.25,2985,55.9,3,0,0,1
0,debt_consolidation,0.2004,209.63,10.51166,0.0,622,5695.41,1436,52.9,0,0,0,1
1,all_other,0.1603,681.42,11.469996,5.01,712,4788.49,28027,50.0,3,0,0,0
1,debt_consolidation,0.1736,280.07,10.323033,3.88,692,4633.56,50617,37.5,2,1,1,0
1,major_purchase,0.1362,157.26,11.4689,21.36,727,10030.73,405576,79.4,0,0,0,0
1,debt_consolidation,0.1736,237.13,10.991834,7.2,737,4806.82,1200000,86.9,1,0,0,0
1,credit_card,0.1538,158.25,9.924551,8.3,715,9616.48,16286,103.1,3,0,0,1
1,all_other,0.1537,736.59,11.76233,12.65,739,2992.17,4305,50.8,0,0,0,0
1,home_improvement,0.1464,204.26,11.119255,4.02,719,1284.74,5851,53.6,4,0,0,0
1,credit_card,0.1679,957.98,11.170417,15.23,730,3035.4,3613,55.4,0,0,0,0
1,credit_card,0.1701,430.45,11.544418,0.0,683,7993.2,465060,24.1,1,0,0,1
1,all_other,0.1573,288.81,11.844525,4.48,703,3163.57,130,72.7,1,1,0,0
1,all_other,0.1769,277.05,11.052626,13.97,717,1494.79,146151,39.3,1,0,0,0
1,credit_card,0.1075,1141.72,11.306545,4.03,741,5910.69,2457,64.2,0,0,0,0
1,all_other,0.157,385.7,11.156423,21.56,695,4101.29,5849,13.7,0,1,0,0
1,all_other,0.1346,260.63,10.720851,12.92,730,6496.15,176,63.5,0,0,0,0
1,debt_consolidation,0.1679,706.66,9.964104,20.41,700,3380.98,59160,84.4,0,0,0,0
1,debt_consolidation,0.164,582.64,11.061102,15.07,706,2751.71,38911,28.4,4,1,0,0
1,debt_consolidation,0.1413,187.54,11.771152,12.52,742,9208.46,1902,34.7,0,0,0,0
0,debt_consolidation,0.1758,394.58,11.285833,5.72,634,2978.36,64348,33.9,2,0,0,1
1,all_other,0.1775,111.1,10.278872,19.01,661,2971.32,47287,33.9,0,0,0,0
0,debt_consolidation,0.1876,390.37,11.599488,15.64,654,6214.19,4683,86.6,1,0,0,0
0,all_other,0.1924,501.23,10.741223,26.98,621,180.0,410,51.3,2,1,0,1
1,credit_card,0.1898,548.43,9.653864,18.32,684,6891.97,7704,20.1,2,1,0,0
1,all_other,0.1555,189.83,11.550921,9.86,738,9531.18,57911,24.4,1,0,0,0
1,credit_card,0.1612,229.7,10.353318,14.6,699,7223.12,2530,0.0,0,0,0,0
1,debt_consolidation,0.1054,422.98,12.016244,15.51,718,2457.27,61701,25.9,1,0,0,1
1,debt_consolidation,0.1331,888.32,11.630142,20.62,751,3251.77,2760,11.8,2,0,0,0
1,credit_card,0.146,402.13,10.791042,21.72,760,5220.86,9463,13.1,0,0,1,0
1,home_improvement,0.1517,257.16,11.21021,11.48,707,5972.9,3366,36.0,0,1,0,0
1,credit_card,0.139,736.24,12.40859,4.21,761,9094.92,14050,16.8,1,0,0,0
1,credit_card,0.1496,414.79,11.540004,0.0,714,8982.25,40700,43.5,2,0,0,0
1,credit_card,0.1749,444.97,11.075302,4.74,678,4521.9,148627,58.5,2,0,1,0
1,credit_card,0.1943,704.96,12.692384,8.52,687,3731.76,15266,56.6,1,0,0,0
0,credit_card,0.1968,378.33,11.001724,22.98,654,3105.95,903,54.2,2,0,0,0
1,credit_card,0.1453,195.97,11.284907,23.08,676,6671.19,30071,0.0,1,0,0,0
1,debt_consolidation,0.129,330.27,10.35891,19.23,696,7759.76,6792,33.3,4,1,0,0
1,debt_consolidation,0.1508,826.84,9.908421,21.09,741,5230.69,6562,84.1,1,0,0,0
1,debt_consolidation,0.15,1213.29,10.754441,7.72,775,5056.96,12956,108.9,2,0,0,0
0,all_other,0.1465,160.76,10.953429,2.14,657,10342.66,26762,70.5,1,1,0,1
1,credit_card,0.145,1184.39,11.130851,5.65,725,6759.98,5644,48.7,3,0,0,0
1,debt_consolidation,0.22,323.11,10.06394,0.0,670,180.0,27710,22.9,1,0,0,1
1,debt_consolidation,0.1424,380.52,11.333011,4.91,728,4974.31,20902,83.3,2,0,0,1
1,home_improvement,0.2087,1316.29,10.423465,9.11,705,5563.67,27742,42.5,1,0,0,0
0,debt_consolidation,0.1709,293.11,11.301328,13.75,640,4386.4,44701,39.8,0,0,0,1
1,home_improvement,0.1272,302.92,11.500305,13.53,745,8214.39,321,80.3,1,1,0,0
1,debt_consolidation,0.1522,242.53,10.688739,7.84,687,4235.55,5835,0.0,1,1,0,0
1,debt_consolidation,0.1393,383.5,10.34207,16.53,690,2598.32,8567,45.0,1,0,0,0
1,debt_consolidation,0.1405,465.34,11.871626,7.97,669,3284.56,7343,4.2,1,0,0,0
1,debt_consolidation,0.1627,238.63,11.462476,12.67,685,6746.25,2736,63.0,2,0,0,0
1,debt_consolidation,0.1516,1048.9,11.022706,4.94,726,1672.77,3851,93.9,1,0,0,0
1,debt_consolidation,0.1447,223.04,11.825741,20.11,703,3827.59,25184,61.3,1,0,0,0
1,debt_consolidation,0.141,530.66,10.98079,12.74,722,7177.99,22864,104.1,1,0,0,1
1,debt_consolidation,0.1785,402.01,10.551491,17.28,724,1659.12,11523,53.1,3,0,0,0
1,home_improvement,0.1528,909.18,10.318962,4.21,760,2466.82,2194,88.9,1,0,0,0
1,debt_consolidation,0.1566,218.01,10.864243,13.8,697,822.26,43273,0.9,0,0,0,0
0,debt_consolidation,0.1897,598.35,11.400749,16.55,654,2821.12,38555,53.1,1,0,1,0
1,debt_consolidation,0.1047,1137.09,11.777753,0.0,751,3753.87,64852,8.6,3,0,0,0
1,major_purchase,0.1671,141.58,10.944341,20.66,697,4466.85,3132,58.1,1,1,0,1
1,home_improvement,0.1358,197.83,11.670006,3.98,752,2768.18,1200000,37.7,2,0,1,0
1,educational,0.1417,1199.11,10.799296,14.06,725,4104.49,15554,41.3,3,0,0,0
1,small_business,0.1738,356.9,10.453225,24.94,705,7509.19,3256,40.8,1,1,0,1
1,debt_consolidation,0.1475,409.1,10.133149,19.19,723,5894.81,492048,77.4,2,0,0,0
1,credit_card,0.0963,278.19,10.621194,2.32,784,10396.03,36177,52.6,3,0,0,0
1,debt_consolidation,0.1539,1213.68,10.156119,11.37,789,3377.48,15130,52.5,0,0,0,0
1,small_business,0.1886,129.33,12.155802,21.11,713,3937.02,18355,47.5,2,0,0,0
1,all_other,0.1454,895.52,11.197971,6.96,716,5445.43,85120,67.8,3,1,0,0
1,debt_consolidation,0.1022,125.87,10.871675,10.12,751,3773.82,16376,40.6,0,0,0,0
1,small_business,0.1362,124.16,11.980421,9.92,678,4993.53,693,15.0,2,0,0,0
1,home_improvement,0.1901,187.37,10.135617,16.53,723,265.8,10627,74.9,0,0,0,0
1,educational,0.1529,348.14,10.846343,1.99,709,4133.26,46135,34.2,2,0,0,0
1,debt_consolidation,0.1658,235.14,12.149801,16.92,722,7254.31,10133,55.1,1,0,0,0
1,debt_consolidation,0.1513,221.03,10.842135,8.3,678,9819.18,2261,69.1,2,0,0,0
0,debt_consolidation,0.1768,205.66,12.422556,12.52,650,8681.97,10320,16.0,1,0,0,0
0,all_other,0.1863,210.93,11.409219,11.05,631,5374.7,43600,23.3,2,0,0,0
0,all_other,0.1796,205.7,11.726615,16.74,668,6262.97,84254,5.5,5,0,0,0
1,debt_consolidation,0.1653,456.64,11.744286,12.45,693,5886.25,1854,36.9,2,0,0,0
1,home_improvement,0.1424,240.35,10.930978,22.54,699,3674.26,1663,77.7,2,0,0,0
1,debt_consolidation,0.1039,54.94,10.632191,19.43,784,2662.11,9954,46.3,2,0,0,0
1,credit_card,0.1354,361.83,10.859581,7.11,752,5680.7,3610,88.0,0,0,0,0
1,small_business,0.1525,642.98,10.327971,22.02,673,4784.7,4337,56.5,3,0,0,0
1,all_other,0.1336,304.76,10.889763,14.8,723,7158.22,7115,30.5,0,0,0,0
1,debt_consolidation,0.1596,159.01,10.927312,13.77,695,180.0,37262,27.2,3,0,0,1
1,debt_consolidation,0.1688,655.84,11.960433,18.45,699,4626.16,2835,92.9,3,0,0,0
1,debt_consolidation,0.1828,151.88,11.291898,5.42,717,8083.06,1693,69.7,2,1,0,0
1,credit_card,0.1356,296.7,12.371197,3.08,734,6500.98,3353,41.8,1,0,0,0
1,all_other,0.1625,380.04,9.612678,12.77,697,2602.46,972,50.9,2,0,0,0
1,debt_consolidation,0.1006,751.88,10.187603,8.42,750,1787.41,11898,34.1,2,0,0,0
1,educational,0.1819,594.09,10.713239,26.91,667,4944.64,13024,0.0,0,1,0,0
1,credit_card,0.1377,440.3,11.840422,7.33,710,7022.96,55050,49.5,1,0,1,0
1,home_improvement,0.1052,682.16,10.863158,12.88,809,6350.73,2011,10.9,2,0,0,0
1,all_other,0.1618,171.4,10.034626,13.92,718,5348.66,13313,36.5,1,0,1,0
1,major_purchase,0.142,1133.01,10.780474,21.1,764,6665.13,18693,10.5,4,0,0,0
1,debt_consolidation,0.1255,42.85,10.199465,5.74,713,5703.65,919,41.6,0,0,0,0
1,debt_consolidation,0.162,1047.66,10.079888,1.48,732,6558.37,15531,18.1,1,0,0,0
1,small_business,0.171,216.72,12.149285,22.22,708,7403.53,16483,49.0,1,0,0,0
1,small_business,0.1989,529.64,10.715519,13.16,704,3947.82,8913,67.1,2,0,0,0
1,all_other,0.1986,1118.31,11.035623,18.19,680,2845.46,1408,56.1,1,1,0,0
1,debt_consolidation,0.1808,586.26,10.873297,18.51,726,6882.26,9684,4.3,1,0,0,0
1,debt_consolidation,0.1418,486.42,10.776588,19.71,678,3783.11,478,0.0,1,0,0,0
1,credit_card,0.1527,698.0,10.417197,9.99,735,193.93,18404,9.8,0,1,0,0
1,home_improvement,0.1059,126.33,10.740513,8.12,751,8628.47,35833,76.7,1,0,0,0
1,debt_consolidation,0.1756,154.92,11.135714,0.0,724,5695.12,7705,110.5,0,0,0,0
1,debt_consolidation,0.1897,484.62,11.795368,5.74,699,5583.56,84718,27.5,1,0,0,0
1,credit_card,0.1678,338.55,11.507936,13.03,727,4597.75,3585,17.3,1,0,0,0
1,credit_card,0.1528,305.81,10.186369,7.76,698,7153.01,3412,87.2,0,0,0,0
1,all_other,0.1506,902.86,11.533005,4.73,746,1851.95,7005,34.9,2,0,0,0
0,all_other,0.1764,880.97,11.220017,12.95,640,5068.87,409104,44.7,2,0,0,1
1,educational,0.162,202.42,10.54892,21.87,697,5765.69,6942,51.7,3,0,0,1
0,debt_consolidation,0.1883,545.21,11.041079,12.21,634,6437.51,337504,27.2,1,0,0,0
0,all_other,0.1416,125.34,11.279095,4.78,653,788.73,10285,24.5,2,0,1,0
1,all_other,0.1163,118.87,10.958702,21.38,762,6544.62,3006,44.7,3,1,0,0
1,all_other,0.186,213.43,11.222948,7.26,744,4013.33,248862,35.1,0,0,0,0
1,small_business,0.1813,381.73,10.4036,22.81,683,3431.13,14699,0.0,2,0,1,1
0,all_other,0.1848,252.02,12.145628,10.78,653,1156.16,6833,20.9,2,0,0,0
0,all_other,0.1998,557.33,9.753136,13.31,612,10641.45,43373,43.0,2,0,0,0
1,debt_consolidation,0.1571,378.9,11.282489,23.37,689,4739.63,80471,30.9,1,0,0,0
1,credit_card,0.1152,786.96,11.153726,3.27,802,5674.16,4316,61.4,3,0,0,0
1,debt_consolidation,0.1401,547.8,11.322195,5.35,727,2430.44,46297,24.4,3,0,0,0
1,debt_consolidation,0.1197,175.53,10.497894,10.35,689,1236.54,7612,99.6,1,0,0,1
1,all_other,0.1635,725.9,11.64321,11.63,728,7096.57,2276,48.5,2,1,0,0
0,all_other,0.2147,226.85,10.864132,30.0,651,1685.06,3527,49.2,1,0,0,1
1,educational,0.1376,496.92,10.206409,6.47,699,8318.96,1677,32.1,2,0,0,0
1,credit_card,0.1458,267.05,10.262166,3.6,714,9561.33,12574,39.3,1,0,0,0
1,home_improvement,0.1872,1009.1,11.00607,6.14,707,3121.37,12647,0.0,1,0,0,1
1,debt_consolidation,0.127,612.23,9.956122,14.2,740,3906.96,68021,47.0,1,0,0,0
1,all_other,0.1578,236.07,12.028309,16.0,723,180.0,43891,104.1,2,0,0,0
1,educational,0.22,318.82,11.569842,7.72,735,702.45,5732,73.0,0,0,0,0
1,all_other,0.1802,1265.69,12.044375,12.75,684,6639.72,8032,0.0,1,0,0,0
1,home_improvement,0.142,155.09,11.980068,26.02,744,8196.29,3872,55.4,1,0,0,0
1,all_other,0.1456,227.65,10.715337,12.84,772,3105.56,13037,59.9,0,0,0,0
1,debt_consolidation,0.1881,250.01,10.399709,14.81,673,3483.78,7683,91.0,3,0,1,1
1,all_other,0.158,170.38,9.296559,25.63,676,1107.04,11842,24.1,2,1,0,1
1,debt_consolidation,0.0982,168.34,10.682197,7.78,761,2234.52,113492,113.3,1,0,0,0
1,debt_consolidation,0.1709,361.86,12.007048,7.33,703,8381.61,123263,50.3,4,0,0,0
1,debt_consolidation,0.1469,526.99,10.425011,9.36,763,5835.09,4028,23.0,1,0,0,0
1,debt_consolidation,0.1576,125.65,10.801948,8.96,693,572.17,37908,0.0,3,0,0,0
1,debt_consolidation,0.1641,272.27,10.591712,0.04,765,6476.23,31115,43.6,0,0,0,0
1,small_business,0.1975,230.75,11.158747,13.55,715,10987.96,4542,53.0,4,0,0,0
1,debt_consolidation,0.1669,171.13,11.714512,14.1,720,4074.95,104740,13.9,1,0,0,0
1,home_improvement,0.1238,733.43,9.991082,11.32,769,3394.15,1027,65.1,3,0,0,0
1,all_other,0.1204,212.79,10.107857,14.31,696,6514.02,61140,62.3,1,0,0,0
1,debt_consolidation,0.1686,149.19,11.836838,14.38,674,7576.07,9072,47.2,2,0,0,0
1,debt_consolidation,0.1268,679.32,11.377171,3.52,693,7113.99,1970,22.1,1,0,0,0
1,major_purchase,0.1011,848.75,10.771778,14.59,727,4267.25,8148,47.6,2,0,0,0
0,all_other,0.1954,477.05,11.97132,16.45,651,4008.71,220744,100.4,2,0,1,0
1,major_purchase,0.1685,201.42,10.097332,1.58,734,749.3,607648,20.2,1,0,0,0
1,debt_consolidation,0.1259,301.67,11.49804,22.7,690,1985.57,3147,0.0,1,0,0,0
1,credit_card,0.131,233.33,10.888375,4.07,754,5961.77,10277,36.2,2,0,0,0
0,credit_card,0.1965,390.8,11.299992,4.75,619,3723.6,8123,23.5,1,0,0,1
1,educational,0.1636,637.95,9.473837,13.99,680,5676.05,10609,0.0,3,0,0,1
0,debt_consolidation,0.1571,376.28,10.770971,16.29,646,4463.45,147257,58.8,2,0,0,0
0,major_purchase,0.1965,403.55,11.379446,17.97,679,5214.43,5852,8.7,0,2,0,0
1,debt_consolidation,0.1248,255.43,10.891369,16.47,719,5108.48,3130,5.7,2,0,0,0
1,home_improvement,0.1201,578.69,11.695732,9.01,703,6925.28,5371,70.8,2,0,0,0
1,all_other,0.1329,478.91,11.675301,13.35,700,7181.74,8105,87.6,0,0,0,0
1,all_other,0.1682,107.43,10.345276,10.41,704,5017.08,37498,119.0,2,0,0,0
1,debt_consolidation,0.147,108.49,11.432636,13.8,718,4549.32,13375,1.8,1,0,0,0
1,home_improvement,0.1576,303.85,10.324476,13.07,672,4970.3,31716,58.4,2,0,0,0
1,debt_consolidation,0.1543,752.59,10.962949,9.12,737,3099.95,59503,6.3,1,0,0,0
1,all_other,0.1513,859.61,11.330238,10.2,735,7775.65,6974,49.1,0,0,0,0
1,all_other,0.103,604.69,10.420477,0.0,725,3654.82,9780,42.5,1,0,0,0
1,credit_card,0.1568,344.5,11.410025,18.33,731,4660.36,23996,0.0,1,0,0,0
1,all_other,0.1746,1094.35,10.621733,14.65,721,5500.53,4081,62.3,0,0,0,0
1,credit_card,0.1188,218.71,10.575775,0.0,787,5835.07,11742,47.0,1,0,0,0
1,all_other,0.1526,299.75,11.361057,18.07,707,5732.28,59497,64.5,1,0,0,0
1,credit_card,0.1992,150.18,10.420057,12.23,698,4718.34,13299,10.5,1,0,0,0
1,credit_card,0.1548,299.77,10.38903,6.14,681,9172.05,84169,108.3,0,0,0,0
1,credit_card,0.1701,213.37,11.565105,5.52,671,5248.2,2546,54.7,2,0,0,1
1,home_improvement,0.1837,1166.34,10.99622,7.85,663,4431.81,18789,56.7,0,0,0,1
1,all_other,0.1722,1000.08,10.042987,6.17,676,9553.89,27580,87.0,2,0,0,0
1,debt_consolidation,0.1518,397.35,11.451941,7.1,707,3115.68,18154,46.6,0,0,0,0
1,credit_card,0.1518,527.1,10.681973,24.33,723,9547.13,6900,21.1,1,0,0,0
1,debt_consolidation,0.1864,261.36,10.074162,15.16,712,180.0,1060,78.6,2,0,0,1
1,debt_consolidation,0.1851,67.45,9.400538,26.65,681,4055.71,65465,42.6,3,0,0,0
1,home_improvement,0.1391,218.94,11.481083,14.16,744,885.7,1144,75.0,3,0,0,0
1,all_other,0.126,618.57,10.40545,16.6,738,1654.69,1290,43.6,3,0,0,0
1,all_other,0.144,510.92,10.171255,6.52,704,6192.13,27723,110.0,1,0,0,0
1,educational,0.1862,303.12,11.320036,11.44,685,5773.81,6059,45.4,0,0,0,0
1,debt_consolidation,0.1146,604.92,11.421533,12.04,731,3539.2,13765,28.5,0,0,0,0
1,debt_consolidation,0.2008,292.68,10.449867,16.88,717,9144.26,1404,56.4,1,0,0,0
0,debt_consolidation,0.18,177.84,11.486711,12.26,655,7895.9,17438,32.9,4,0,0,0
1,debt_consolidation,0.1297,618.22,12.183485,15.02,707,4931.04,41687,21.4,1,0,0,0
1,credit_card,0.155,248.83,11.751465,14.78,720,538.54,900,85.6,0,0,0,0
1,credit_card,0.1552,783.64,11.656545,10.51,676,7457.15,16375,9.6,1,0,0,1
1,all_other,0.1444,92.92,11.121619,9.8,717,3853.29,46337,76.4,3,0,0,1
0,debt_consolidation,0.1504,254.64,10.659332,7.98,655,5790.54,1294,93.0,1,0,0,1
0,all_other,0.1282,558.36,10.89591,20.07,761,7054.26,13789,36.6,5,0,0,0
1,debt_consolidation,0.0923,493.13,11.198852,10.51,757,4056.88,11877,54.3,1,0,0,0
1,credit_card,0.1484,324.06,10.162918,14.87,700,8256.94,19357,22.3,3,0,0,0
1,all_other,0.1331,452.65,10.460677,11.52,724,4111.23,7073,79.7,1,1,0,0
0,debt_consolidation,0.1873,440.63,10.059072,19.93,618,6407.02,1064,9.0,2,1,0,0
1,home_improvement,0.1604,135.68,11.073464,0.0,666,6947.91,5793,75.3,1,0,0,0
1,credit_card,0.1615,298.76,10.980663,14.69,699,7340.78,4496,46.6,3,0,0,0
1,debt_consolidation,0.1921,471.49,10.531848,3.94,669,9420.53,9813,21.8,1,0,0,0
1,all_other,0.151,541.18,11.430505,15.3,737,3004.55,75222,26.1,2,1,0,0
1,all_other,0.1477,361.1,10.292794,11.59,786,2227.92,1014,60.5,3,0,0,0
1,debt_consolidation,0.1662,263.59,10.509201,2.4,665,4256.51,50871,11.8,3,0,0,0
1,debt_consolidation,0.1768,154.69,11.406121,14.93,678,12669.08,185182,62.2,1,0,0,1
1,credit_card,0.1591,650.51,11.496578,14.15,719,8436.44,167910,51.3,3,1,0,0
1,major_purchase,0.1515,595.91,10.444607,11.0,771,3684.73,191952,34.8,0,0,0,0
1,all_other,0.162,769.65,11.071546,11.88,664,4190.74,14887,60.4,2,0,0,0
1,all_other,0.1676,182.7,10.454928,13.71,719,5022.21,12278,23.1,2,0,0,0
1,all_other,0.1077,388.73,10.809623,20.73,779,5742.49,606,38.2,2,0,0,0
0,all_other,0.1729,241.18,11.017741,10.43,647,6662.93,7724,35.0,1,0,0,0
1,debt_consolidation,0.1708,403.31,11.271823,19.59,661,6767.22,66984,9.4,0,1,0,0
1,debt_consolidation,0.1722,1251.68,11.123711,12.34,694,8051.73,1126,36.5,1,0,0,1
1,small_business,0.1582,722.05,11.096629,21.54,690,10067.16,2763,0.8,1,0,0,0
1,home_improvement,0.123,214.99,10.272116,10.98,741,4726.15,13034,30.1,1,0,0,0
1,major_purchase,0.1389,312.75,11.166849,8.0,719,4525.71,775,0.0,1,1,0,0
0,debt_consolidation,0.187,309.89,11.26615,5.03,643,4149.33,202293,16.6,1,0,0,0
1,all_other,0.1282,400.9,11.35025,12.37,730,4367.91,27832,19.5,0,0,0,0
1,all_other,0.1711,134.4,10.491093,7.13,688,5982.33,18942,58.3,2,0,0,0
1,debt_consolidation,0.1271,460.36,11.488507,22.29,758,6648.97,39920,18.4,2,0,0,0
1,debt_consolidation,0.1799,89.79,10.126487,6.59,686,9375.45,6361,10.0,1,0,1,0
1,home_improvement,0.168,120.59,10.667201,7.84,686,3287.54,17119,35.1,1,0,0,0
1,credit_card,0.1815,1267.97,10.761933,16.61,731,5956.55,2291,101.3,0,0,0,0
1,all_other,0.1453,292.6,10.15993,20.78,739,2958.34,269,0.0,3,0,0,1
1,debt_consolidation,0.1239,991.48,10.752666,17.64,727,6072.18,10384,66.5,0,0,0,0
0,all_other,0.1804,224.4,11.065103,19.9,646,11741.48,137497,56.5,1,0,0,0
1,debt_consolidation,0.1473,86.76,9.816279,12.05,730,4718.01,159437,106.9,2,0,0,0
1,debt_consolidation,0.1553,183.09,10.68924,12.14,671,11191.2,8087,54.9,3,0,0,0
1,all_other,0.1822,1269.2,9.863475,26.48,719,2967.62,7027,47.6,2,0,0,0
0,debt_consolidation,0.174,146.08,12.175339,24.26,656,3909.28,908,47.5,0,0,0,0
1,educational,0.1354,1188.41,11.05962,17.53,727,4203.44,59849,45.3,0,1,0,0
1,all_other,0.1735,499.0,11.006756,20.24,679,5497.14,21526,66.8,2,0,0,0
1,debt_consolidation,0.1598,418.08,11.071565,18.52,661,4674.69,8082,30.9,1,0,0,1
1,debt_consolidation,0.1631,228.7,11.298758,4.28,737,6969.92,466,119.0,1,0,0,1
1,credit_card,0.1672,206.71,11.526674,12.33,719,180.0,611,71.3,3,1,0,0
1,debt_consolidation,0.1689,577.9,9.976232,22.93,687,2610.37,13455,40.9,1,0,0,0
1,debt_consolidation,0.143,945.36,11.729208,17.57,765,9796.18,927,39.2,2,0,0,0
1,all_other,0.1536,437.23,11.689953,12.16,693,1540.97,25876,46.0,4,1,0,0
1,debt_consolidation,0.1254,614.42,10.889529,23.01,711,4168.43,27975,45.1,1,0,0,0
1,all_other,0.1449,279.46,10.857575,15.15,720,6591.25,1335,65.1,3,0,1,0
1,all_other,0.1567,1224.8,9.037316,17.81,686,4946.3,11818,55.1,1,0,0,0
1,debt_consolidation,0.1071,421.41,10.171165,15.18,728,2935.34,2435,89.0,0,1,0,0
1,home_improvement,0.1437,1202.52,11.246498,16.33,690,6172.77,49325,18.7,0,0,0,1
1,all_other,0.1385,189.81,11.662377,16.83,694,7149.6,1200000,45.6,0,0,0,0
1,all_other,0.1114,347.69,11.374591,21.57,762,3567.58,9043,18.4,1,0,0,0
1,debt_consolidation,0.2006,861.3,10.883814,22.47,670,6078.5,116354,32.9,1,0,0,0
0,all_other,0.2075,453.61,12.104782,9.49,618,7211.96,56643,31.8,1,0,0,0
1,debt_consolidation,0.1477,543.02,11.543157,15.05,771,7761.16,9661,69.4,2,0,0,0
1,all_other,0.1224,183.87,10.689766,21.37,807,5985.17,25624,28.2,1,1,0,0
1,debt_consolidation,0.1843,299.5,12.261087,11.69,695,9333.67,1444,87.4,1,1,0,0
0,educational,0.1897,217.17,10.261338,3.57,636,5178.31,13635,89.0,0,0,0,1
1,debt_consolidation,0.1916,378.48,10.032177,6.33,698,2602.43,6768,67.6,2,1,0,0
1,small_business,0.1512,332.89,10.673126,6.81,699,4513.79,96304,13.8,0,1,0,0
1,major_purchase,0.1577,264.68,10.467229,9.44,703,8090.16,4014,88.6,3,0,0,0
0,all_other,0.1543,593.89,10.707392,7.45,668,2826.41,2025,34.4,5,1,0,0
1,debt_consolidation,0.1708,185.22,11.416835,19.7,732,180.0,2153,37.2,2,0,0,0
1,debt_consolidation,0.1553,84.86,10.909272,10.69,730,6209.35,43005,61.9,1,0,0,0
0,educational,0.2053,274.44,10.924939,21.3,653,3950.28,8149,22.0,3,0,0,1
1,all_other,0.1157,1155.33,10.965877,4.8,737,10680.29,739,83.1,2,0,0,0
1,all_other,0.1088,510.81,9.519481,10.16,788,5726.2,55456,70.1,0,0,0,0
1,debt_consolidation,0.1171,200.07,10.005691,13.32,717,8152.93,976,119.0,0,0,0,0
1,home_improvement,0.169,531.76,10.69496,18.19,697,3833.73,4548,55.7,0,0,1,0
1,debt_consolidation,0.1496,344.99,10.415813,20.49,705,6544.78,7808,43.1,1,0,0,0
1,debt_consolidation,0.1607,504.92,10.78861,8.89,733,5988.8,1895,105.1,1,1,0,0
0,debt_consolidation,0.1862,738.85,11.786518,19.45,644,8508.61,724,0.0,2,0,0,0
1,all_other,0.1106,410.4,10.884586,0.99,716,5538.38,40193,53.6,1,0,0,0
1,small_business,0.1444,409.3,10.123477,18.61,695,3750.89,31038,43.0,0,0,0,1
1,home_improvement,0.126,1037.31,10.446209,3.35,780,7656.56,11922,82.7,2,0,0,0
1,debt_consolidation,0.1684,567.71,11.973451,15.68,703,3274.48,19624,119.0,3,0,0,0
1,debt_consolidation,0.0832,394.7,11.864821,20.39,773,3016.64,719,27.4,4,0,0,0
1,home_improvement,0.1731,403.41,11.293485,18.72,668,4949.87,25213,80.5,0,0,0,0
1,all_other,0.1257,246.48,9.976885,1.29,732,4244.68,21200,87.4,3,0,1,0
1,debt_consolidation,0.1283,153.74,11.117151,9.51,722,5101.8,22198,85.1,0,0,0,0
1,debt_consolidation,0.1576,612.76,11.164055,17.55,677,3390.15,22072,54.1,2,0,0,0
1,all_other,0.1552,933.49,10.94558,17.35,717,7859.96,53679,67.8,1,0,0,0
1,educational,0.1211,490.92,10.582293,14.5,756,7823.77,9085,19.4,3,0,0,0
1,credit_card,0.1216,541.14,10.708795,0.0,698,7136.6,12097,98.5,0,0,0,1
0,debt_consolidation,0.187,214.59,10.539774,20.87,646,6889.64,1292,15.7,2,0,0,0
1,credit_card,0.1493,249.55,10.231505,22.1,709,439.88,32764,18.9,3,0,0,0
1,debt_consolidation,0.1524,155.1,11.763253,13.73,676,5350.75,3752,38.8,0,0,0,0
0,small_business,0.1706,327.75,11.468211,14.18,697,7204.52,4210,30.5,1,2,0,1
1,debt_consolidation,0.1503,754.95,10.756193,16.07,707,8411.73,5685,59.6,4,0,0,0
0,debt_consolidation,0.186,244.72,11.144829,22.68,645,4550.27,1967,37.8,1,0,0,0
0,all_other,0.1784,374.47,11.167718,14.33,649,8318.78,9224,21.8,3,0,0,0
1,debt_consolidation,0.1511,620.95,12.359159,11.28,728,5828.4,40893,14.5,1,0,0,0
1,debt_consolidation,0.1639,900.75,11.462267,15.23,690,180.0,1847,81.5,0,0,0,0
0,all_other,0.2159,131.15,11.439209,12.52,613,4811.96,10652,62.3,0,0,0,1
1,credit_card,0.1741,280.93,10.953168,12.6,740,2959.63,31769,9.3,3,0,0,0
1,home_improvement,0.1511,226.5,10.665001,0.42,720,3529.68,207,65.5,2,0,0,0
1,debt_consolidation,0.1556,206.89,11.773453,16.21,683,7690.09,212545,37.7,1,0,0,0
1,debt_consolidation,0.1497,289.89,11.327886,20.68,660,5803.67,5223,1.2,1,0,0,0
1,all_other,0.1544,97.61,10.423979,19.64,742,3763.97,2450,11.0,2,0,0,0
1,all_other,0.132,285.75,11.206859,19.16,723,3368.44,12462,76.5,0,0,0,0
1,debt_consolidation,0.1619,395.14,11.440806,12.23,801,6155.12,3715,86.2,0,0,1,0
1,small_business,0.2193,201.08,9.651543,13.61,726,4599.1,9769,67.4,0,1,0,0
1,educational,0.1449,268.69,10.367344,20.82,725,6801.47,3300,25.8,1,1,0,1
1,debt_consolidation,0.1253,371.12,11.151287,18.58,704,2994.19,66370,61.9,4,0,0,0
1,home_improvement,0.155,415.26,9.756079,22.86,741,4108.57,801406,61.3,0,1,0,0
1,all_other,0.1871,127.2,9.85266,7.96,734,2261.1,34779,0.0,3,0,1,0
1,debt_consolidation,0.1081,583.03,10.765018,7.92,758,3676.24,15053,63.9,1,0,0,0
0,all_other,0.2029,677.6,11.229842,10.31,690,10504.44,4522,52.6,6,0,0,0
1,debt_consolidation,0.1266,218.11,11.258048,6.09,693,3218.87,59754,115.0,1,1,0,0
1,debt_consolidation,0.1349,1187.57,11.895264,3.48,692,3876.41,3200,104.7,2,0,0,0
1,educational,0.1486,520.65,10.980181,15.83,740,2999.82,18210,44.7,0,0,0,0
1,all_other,0.1506,471.88,10.702682,15.36,767,4601.86,4759,59.9,1,0,0,1
1,debt_consolidation,0.1622,622.23,10.132511,14.3,693,4879.04,1465,50.6,1,0,0,0
1,all_other,0.1721,189.79,10.695377,15.04,694,8105.78,7779,33.5,2,0,0,0
1,major_purchase,0.1726,305.6,11.361593,2.5,722,4045.79,2261,7.5,1,0,0,0
1,all_other,0.1844,613.02,11.389161,9.29,701,5345.51,115955,27.6,0,1,0,0
1,small_business,0.1423,214.57,11.091418,10.58,746,374.78,3273,33.8,3,0,0,0
0,small_business,0.1923,314.28,11.26374,12.93,624,2898.08,8881,81.7,0,0,0,1
1,debt_consolidation,0.1909,611.42,11.708594,2.53,679,7774.32,3869,53.2,2,0,0,0
1,credit_card,0.1785,490.19,10.975916,6.2,680,2920.47,1515,30.6,2,0,0,0
0,credit_card,0.2073,416.64,11.764064,9.59,622,6979.02,32699,25.6,3,0,0,0
1,credit_card,0.1593,401.37,10.486745,19.9,673,2745.91,9402,59.8,2,0,0,0
1,debt_consolidation,0.1844,352.01,10.885292,14.41,675,4627.67,464715,37.9,3,1,0,0
1,debt_consolidation,0.1376,676.78,10.636692,19.65,702,9347.23,58450,16.5,1,0,0,0
1,debt_consolidation,0.1419,1199.45,11.41355,11.76,752,6922.65,12235,20.0,1,0,0,0
1,all_other,0.1622,473.44,10.311164,12.61,701,180.0,19676,98.1,3,0,0,1
1,credit_card,0.1758,964.46,10.733723,16.04,671,13113.41,9470,43.3,1,0,0,1
1,credit_card,0.1724,288.22,9.795597,11.38,708,2463.47,2114,78.9,0,0,0,0
1,all_other,0.1175,224.65,11.292569,8.29,750,9725.7,1098,0.0,1,0,0,0
1,debt_consolidation,0.1861,229.68,11.690542,2.32,673,3944.42,2021,81.3,3,0,0,1
1,debt_consolidation,0.1721,205.65,11.485532,8.47,675,1987.98,92952,69.6,1,0,0,0
1,home_improvement,0.1306,300.35,11.425703,18.37,731,3932.19,16504,72.8,2,0,0,0
1,all_other,0.1331,688.33,11.442034,21.3,702,3426.71,25835,0.6,3,1,0,1
1,home_improvement,0.1824,800.61,11.356813,7.27,735,3689.59,38539,47.9,0,0,2,0
1,debt_consolidation,0.155,267.28,11.304781,0.64,709,5209.36,7941,23.3,2,0,0,0
1,debt_consolidation,0.1367,296.6,11.344137,18.99,737,6255.11,4151,13.0,3,1,0,0
1,major_purchase,0.1506,378.95,10.530034,13.08,671,8611.03,276936,0.0,2,0,0,0
0,debt_consolidation,0.1777,464.36,10.807882,3.31,710,5596.02,25574,15.8,1,2,2,0
1,debt_consolidation,0.1797,596.02,10.972848,0.0,702,5253.73,763,13.7,4,0,0,0
1,credit_card,0.193,304.46,10.72522,5.95,664,3253.49,660,69.8,2,0,0,1
0,all_other,0.1812,344.25,9.974551,9.41,651,4359.32,36316,29.4,3,0,0,1
1,major_purchase,0.1592,991.51,10.176645,4.65,736,3799.7,2661,42.5,1,0,0,1
1,small_business,0.1603,316.55,11.070285,17.37,697,1626.99,8881,81.8,0,0,0,1
1,credit_card,0.1778,263.67,11.482523,6.99,671,11437.25,330,49.1,2,0,0,0
1,debt_consolidation,0.1566,360.47,10.935699,12.69,706,5665.99,5213,26.2,3,0,0,0
1,all_other,0.1419,395.92,12.616541,28.98,753,5697.56,47078,52.9,0,0,0,1
0,small_business,0.1738,133.32,10.368945,13.41,623,8104.2,4645,24.3,2,0,0,0
0,all_other,0.2189,305.75,11.201415,11.8,653,180.0,1682,0.0,0,0,0,0
1,educational,0.204,548.41,11.717634,11.96,675,10656.83,7399,57.8,1,0,0,0
1,credit_card,0.1077,1142.05,11.580063,17.22,766,2912.75,11564,65.8,2,0,0,0
1,debt_consolidation,0.1625,266.5,11.329591,16.36,721,2851.64,6224,41.4,0,0,0,0
1,all_other,0.1131,614.43,11.582855,5.68,739,3702.82,875,43.2,1,0,0,0
1,credit_card,0.1769,446.36,10.963791,9.76,667,7520.79,20525,34.7,3,0,0,0
1,debt_consolidation,0.1313,831.66,11.944358,8.0,667,10420.89,4367,91.9,4,1,0,0
1,debt_consolidation,0.1424,243.24,11.712727,10.65,727,9158.87,14457,55.7,2,0,0,0
1,credit_card,0.1452,815.19,10.410141,25.2,712,3855.19,2293,43.3,1,0,0,0
1,debt_consolidation,0.1696,1039.99,11.126156,16.86,731,564.33,80292,75.1,0,0,0,0
1,debt_consolidation,0.1924,1105.84,9.986149,12.05,703,4024.11,34202,77.7,3,0,0,0
1,credit_card,0.1848,1081.2,11.858291,21.19,721,3461.16,6152,59.9,2,0,0,1
0,credit_card,0.1764,449.71,11.066781,13.9,716,947.91,17797,75.0,5,0,0,0
1,all_other,0.144,566.2,11.752751,1.3,740,6517.13,149819,63.1,2,0,0,0
1,major_purchase,0.1497,282.55,10.863292,24.08,741,5071.05,71690,48.4,0,0,0,0
0,major_purchase,0.1915,84.76,9.797677,11.52,648,6311.39,122369,75.8,2,0,0,0
0,all_other,0.1705,466.79,12.538794,0.0,625,6889.21,28801,19.9,0,1,0,1
1,debt_consolidation,0.1617,344.38,11.009964,1.56,748,6771.81,4596,19.3,2,0,1,0
1,credit_card,0.1495,743.54,10.319873,20.38,755,4899.03,28041,61.4,0,0,0,0
1,debt_consolidation,0.1882,731.23,11.628915,1.67,671,9159.89,165837,27.3,3,0,0,1
0,home_improvement,0.1422,178.29,12.171873,21.91,639,3835.0,28826,70.8,2,0,0,1
1,all_other,0.1632,1236.03,10.806513,13.16,714,3463.69,2912,54.3,0,0,0,0
1,debt_consolidation,0.1603,504.81,10.869462,17.53,745,4480.58,12161,107.0,0,1,0,0
1,all_other,0.125,148.93,11.075208,10.83,778,6404.98,36925,18.3,0,0,0,0
1,all_other,0.1369,167.09,10.252308,16.21,730,6765.69,14402,74.0,0,1,0,0
1,major_purchase,0.135,80.82,10.508693,14.78,696,4209.28,37098,32.6,1,0,0,0
1,debt_consolidation,0.1425,640.29,12.016975,12.33,676,4261.34,4060,55.5,3,0,0,0
1,major_purchase,0.159,265.56,10.849354,5.25,710,8321.88,7755,68.1,3,0,0,0
1,debt_consolidation,0.1562,212.4,10.41909,15.07,699,1790.86,18881,58.5,2,0,0,1
1,credit_card,0.1685,247.94,10.654254,0.06,671,11927.68,20368,61.7,0,0,0,0
1,major_purchase,0.1514,307.83,11.584422,19.03,788,4308.36,3973,59.2,3,0,0,0
1,debt_consolidation,0.1002,528.24,9.724703,13.96,778,4548.91,217,40.1,1,0,0,0
1,debt_consolidation,0.1296,116.5,11.085336,15.8,753,5984.45,109,71.9,0,1,1,0
1,home_improvement,0.2055,193.69,12.431953,0.0,675,6389.99,10149,73.4,0,0,0,1
1,home_improvement,0.1353,514.22,12.168948,4.83,742,3422.72,14660,37.4,1,0,0,0
1,debt_consolidation,0.1464,248.9,11.279654,9.11,734,5905.95,7854,24.3,2,0,0,0
1,all_other,0.1447,565.71,11.73303,17.25,727,2725.84,11571,55.0,3,0,0,0
1,home_improvement,0.1489,267.26,11.727164,6.09,757,3562.82,141730,53.1,1,0,0,0
1,debt_consolidation,0.104,1069.0,10.85323,30.0,734,1048.04,4943,0.5,0,0,0,0
1,all_other,0.1392,432.14,11.494124,10.78,738,5411.86,19616,53.7,0,0,0,0
1,all_other,0.1462,889.8,12.021036,5.59,734,4619.23,161818,23.8,2,0,0,0
1,debt_consolidation,0.1301,529.61,10.159105,11.31,723,180.0,2084,0.0,0,1,0,0
0,home_improvement,0.1934,603.84,11.281757,6.04,642,3357.54,185823,58.4,2,0,0,0
1,debt_consolidation,0.1703,230.39,11.1505,4.43,713,4988.13,51731,12.0,1,0,0,0
0,major_purchase,0.1744,888.36,10.99293,19.58,689,7208.32,6658,84.4,1,4,0,0
1,all_other,0.2135,481.56,10.938926,16.14,661,1855.32,189,69.8,0,0,0,1
1,all_other,0.1184,185.91,11.071319,16.16,774,4307.55,101212,54.2,4,0,0,0
1,all_other,0.1362,84.9,11.122499,21.41,776,2309.57,185797,87.4,3,1,0,0
1,debt_consolidation,0.142,413.48,11.612355,15.96,762,6872.91,3599,75.0,0,0,0,1
1,home_improvement,0.1467,1084.45,11.220674,5.23,720,3389.29,205454,21.1,2,0,0,0
1,credit_card,0.1556,202.53,10.821495,17.49,761,6357.01,731,76.4,0,0,0,0
1,credit_card,0.1617,199.52,10.417648,4.83,710,4164.12,17443,27.2,4,0,1,0
1,all_other,0.1283,294.64,10.64181,9.3,718,800.27,8233,73.7,2,0,0,0
1,debt_consolidation,0.1898,866.46,11.089311,12.28,668,4885.1,1288,34.8,1,1,0,0
1,debt_consolidation,0.1392,103.23,10.499297,11.58,725,2098.94,7333,10.4,3,0,0,0
1,credit_card,0.1485,240.02,11.506985,0.24,712,7858.5,10411,59.4,0,1,0,1
1,all_other,0.1734,193.79,11.192334,5.92,660,9605.53,1630,33.0,2,0,0,0
1,all_other,0.1715,579.19,11.627552,12.44,708,6654.26,32218,78.3,2,0,0,0
1,all_other,0.1788,357.24,10.54032,8.39,707,3458.47,3675,84.9,1,1,0,0
1,all_other,0.1221,285.9,10.423049,20.37,778,5115.71,6156,0.0,0,0,0,0
1,credit_card,0.1363,327.83,11.622995,21.55,744,5785.28,110752,47.0,1,0,0,0
1,all_other,0.115,624.78,11.009272,4.87,710,7771.55,3839,65.9,2,0,0,0
1,educational,0.1377,817.02,10.806465,13.01,719,4589.14,293,50.6,3,1,0,0
1,debt_consolidation,0.1361,761.67,11.356183,23.52,712,6080.42,7314,51.2,0,0,0,0
1,all_other,0.1657,579.89,11.333484,11.67,702,862.09,13021,54.8,0,1,0,1
1,debt_consolidation,0.1722,1030.58,10.163984,9.79,669,5664.42,7433,0.5,1,0,0,1
1,home_improvement,0.1404,194.85,11.774634,18.54,704,2909.1,43327,93.3,2,0,0,0
1,all_other,0.1716,512.69,10.679652,10.71,682,5167.06,20751,66.2,2,0,0,0
1,all_other,0.1761,1258.5,11.967011,21.37,662,2464.63,4192,28.1,2,0,0,0
1,home_improvement,0.0965,97.07,10.116535,8.5,729,6088.66,33336,25.3,3,0,0,1
1,all_other,0.1713,268.79,11.123613,9.33,725,6655.05,22965,72.1,2,0,0,1
0,debt_consolidation,0.2067,198.67,10.816771,18.05,642,4477.5,21881,54.6,3,0,0,1
1,all_other,0.1534,466.33,9.725107,13.29,705,2894.94,8471,57.6,0,0,0,1
1,debt_consolidation,0.1459,1031.4,11.331507,13.35,748,6494.77,17268,63.1,1,1,0,0
1,small_business,0.1464,549.58,9.756398,0.0,750,8953.16,13024,53.6,2,1,0,0
1,credit_card,0.1063,305.92,10.752083,10.16,749,9864.08,6765,0.0,1,0,0,0
1,credit_card,0.1987,594.53,11.603608,18.56,711,6049.72,23546,35.1,1,0,0,1
1,small_business,0.2003,332.02,10.606678,7.19,678,5755.55,26654,63.2,2,0,0,0
1,home_improvement,0.1932,461.4,10.378722,17.43,669,1771.95,26673,65.7,2,0,0,1
1,all_other,0.1444,580.04,11.418217,14.45,723,8344.7,29355,33.3,1,0,0,0
1,debt_consolidation,0.1721,1251.51,10.777794,11.22,724,180.0,299,46.0,3,0,0,0
1,debt_consolidation,0.1064,487.94,10.682914,21.97,759,8039.08,46487,80.7,2,0,0,0
1,major_purchase,0.1321,430.5,11.707745,10.26,752,5126.58,2339,87.8,1,0,0,0
1,major_purchase,0.1729,1252.9,10.21796,10.74,705,180.0,65655,56.6,0,0,0,0
1,credit_card,0.1645,98.42,10.64964,11.14,663,5901.54,1240,72.8,2,1,0,0
1,debt_consolidation,0.1795,370.51,11.458533,13.16,698,4668.86,137462,57.3,3,0,0,1
1,debt_consolidation,0.1584,228.36,10.178512,17.89,718,3938.18,332,67.5,1,0,0,0
1,small_business,0.1787,334.05,12.012962,2.44,702,4385.33,18347,46.7,3,0,1,0
1,debt_consolidation,0.1514,579.84,10.797723,18.59,688,5012.55,6093,29.5,1,0,0,0
1,all_other,0.1595,763.44,11.463462,13.07,720,5005.16,22959,100.7,0,0,0,0
1,debt_consolidation,0.2031,283.59,11.462185,16.42,691,1370.84,172948,99.2,0,1,0,1
1,debt_consolidation,0.1702,623.12,10.837104,29.1,686,6067.25,15972,47.8,3,1,0,0
1,credit_card,0.1616,205.61,10.637803,9.07,722,4110.92,49184,58.5,0,0,1,0
1,major_purchase,0.1767,160.62,10.903792,4.15,695,9027.17,127435,52.0,1,0,0,0
1,credit_card,0.129,386.73,11.364737,13.94,719,7210.16,4062,48.5,1,0,0,0
1,all_other,0.1487,324.79,10.328281,15.03,720,7491.45,19521,49.8,1,0,0,0
1,all_other,0.172,1110.13,10.196012,18.61,667,9714.02,97627,81.0,0,0,0,0
1,small_business,0.1365,1190.28,11.835364,8.89,692,6900.01,19233,16.0,0,0,1,0
1,all_other,0.1469,246.56,10.481738,6.87,765,4694.3,4280,29.3,1,0,0,0
1,all_other,0.1571,107.76,11.145991,2.02,666,180.0,24937,74.1,3,0,0,0
0,credit_card,0.2055,157.29,10.806655,3.16,630,5662.25,13145,52.4,2,1,0,0
0,debt_consolidation,0.1727,218.08,10.833702,9.73,639,9386.9,24707,84.6,1,0,0,1
1,debt_consolidation,0.1963,467.6,11.802538,11.8,711,7296.59,4696,50.2,1,0,1,0
1,small_business,0.1649,322.5,10.878047,26.85,711,3791.17,16115,58.5,3,0,0,1
1,all_other,0.1961,167.55,10.712336,0.92,706,5209.66,8750,42.2,2,1,0,0
1,debt_consolidation,0.1317,1182.16,10.765473,14.91,756,3670.41,4956,87.4,0,0,0,0
0,debt_consolidation,0.1989,645.53,10.62289,7.59,612,5824.34,88932,73.4,2,0,0,1
0,educational,0.1805,1266.21,10.521245,14.14,725,3784.0,4808,15.5,5,0,0,1
1,all_other,0.111,101.64,10.625337,8.78,769,8658.42,3267,66.2,1,0,0,0
1,all_other,0.1762,958.71,11.944558,19.74,667,5360.82,1639,78.2,0,1,0,0
1,debt_consolidation,0.173,352.81,11.364008,19.7,696,5704.01,9863,47.2,0,1,0,0
1,educational,0.177,299.33,10.71943,11.82,681,2989.38,8573,68.4,0,0,0,0
1,small_business,0.1871,406.2,11.52881,22.53,676,4015.7,34732,86.0,0,0,0,1
1,all_other,0.1594,235.47,9.961812,17.84,698,2171.11,1525,45.4,1,0,0,0
1,debt_consolidation,0.1485,342.33,11.769164,22.21,764,8602.85,739,58.2,1,0,0,0
1,credit_card,0.1279,712.7,11.720045,12.3,780,3776.78,562,34.4,2,0,0,0
1,home_improvement,0.1811,100.22,12.294164,19.17,697,5459.26,22691,63.9,0,0,0,0
1,home_improvement,0.1313,1053.15,11.547046,7.3,782,1187.58,57260,21.0,3,0,0,0
1,educational,0.1685,512.17,11.196713,6.6,711,1980.21,50258,67.7,4,0,0,0
1,all_other,0.1484,350.22,11.717596,27.64,777,4434.13,4903,93.0,1,0,0,0
1,debt_consolidation,0.1515,731.45,10.548256,5.11,706,4281.67,13469,22.9,0,0,0,0
1,all_other,0.1758,507.16,10.688796,9.59,715,5671.84,300,87.3,1,0,0,0
1,home_improvement,0.1465,269.64,10.890811,0.0,724,10087.78,145602,48.1,0,0,0,0
1,debt_consolidation,0.0752,198.13,11.765018,6.76,827,180.0,69627,30.5,0,0,0,0
1,debt_consolidation,0.1349,1060.23,10.407914,5.74,742,7506.14,46459,43.0,2,0,0,0
1,credit_card,0.1536,135.33,10.343142,7.97,683,6305.5,2601,50.1,0,0,0,0
1,all_other,0.1468,328.86,11.074288,14.67,747,3514.71,6114,37.8,3,0,0,0
1,home_improvement,0.1565,142.57,11.367694,16.33,696,3975.89,8069,82.3,2,0,0,0
1,debt_consolidation,0.167,546.39,10.501121,5.65,691,7860.18,166121,41.3,2,0,0,0
1,debt_consolidation,0.1604,359.49,11.338955,7.15,745,4904.28,54176,58.5,4,0,1,0
1,debt_consolidation,0.1852,166.09,11.764724,20.08,711,4255.11,8110,110.7,3,0,0,0
1,credit_card,0.1568,208.36,11.662282,24.37,721,2438.37,27871,44.3,1,0,0,0
1,credit_card,0.1772,406.34,11.145509,21.27,711,2969.8,2543,35.1,1,0,0,0
1,all_other,0.1465,460.63,10.874735,1.24,723,2019.21,1193,38.2,0,0,0,0
1,all_other,0.1174,93.27,11.98873,20.81,726,7271.25,9798,81.6,2,0,0,1
0,debt_consolidation,0.1656,236.54,10.939396,25.39,636,3099.53,1773,46.4,1,0,0,1
1,credit_card,0.1407,418.69,11.503616,0.9,735,2074.89,730,56.7,1,0,0,0
1,educational,0.1885,933.21,12.124552,20.07,673,5496.7,11536,28.8,0,0,0,0
0,credit_card,0.1768,708.41,11.439514,14.15,655,3019.43,7161,40.4,1,0,0,0
1,debt_consolidation,0.1805,287.78,10.321774,10.34,708,8926.84,2178,76.9,1,0,0,0
1,all_other,0.1912,808.23,10.174196,13.33,713,5162.75,5765,6.6,1,0,0,0
1,debt_consolidation,0.1498,304.04,10.748446,15.66,684,5572.65,20049,0.0,1,0,1,0
1,debt_consolidation,0.184,44.69,11.362794,20.59,742,5579.53,7622,34.3,3,0,0,1
0,debt_consolidation,0.1462,1034.03,11.201319,20.23,659,6487.31,13685,37.2,1,0,0,0
1,debt_consolidation,0.1996,559.69,12.27632,2.2,695,6836.01,8334,40.9,1,0,0,0
1,debt_consolidation,0.1651,441.8,11.195384,8.12,688,5133.26,174220,41.7,1,0,0,0
1,home_improvement,0.1521,382.49,10.730261,13.25,708,2520.17,91741,49.0,1,0,0,1
1,debt_consolidation,0.1508,469.19,10.238661,23.45,721,4675.87,13174,36.7,0,0,0,0
1,credit_card,0.157,384.89,11.650067,0.0,672,5208.33,2948,88.1,2,0,0,0
1,major_purchase,0.1733,319.99,10.926303,8.39,738,979.63,4462,72.5,1,0,0,0
1,all_other,0.1412,237.07,10.011255,2.06,712,180.0,1385,45.1,2,0,0,0
0,all_other,0.177,415.59,10.943579,3.15,638,2028.26,3053,75.0,0,0,0,0
0,credit_card,0.1616,207.98,10.3226,19.4,636,182.63,31849,0.0,2,0,0,0
1,debt_consolidation,0.1413,168.33,10.670361,8.93,710,3843.84,4231,58.3,3,0,0,0
1,all_other,0.1455,455.08,10.933777,0.0,702,3127.79,8267,73.5,0,0,0,1
1,all_other,0.1424,744.88,10.377841,11.51,706,5281.64,72425,32.2,2,0,0,0
1,home_improvement,0.1528,218.02,10.632549,26.65,709,6833.08,26498,64.0,4,0,0,0
1,home_improvement,0.1296,238.27,10.476087,0.13,719,5783.37,12211,30.2,1,0,0,0
1,home_improvement,0.1716,119.25,10.492454,16.28,746,6146.12,9111,58.3,1,0,0,0
1,credit_card,0.1717,155.57,10.315107,23.42,668,7424.86,7967,10.7,1,1,0,0
1,all_other,0.1836,162.41,10.635514,12.26,665,4244.71,48525,74.7,2,1,0,0
1,home_improvement,0.192,795.18,10.384234,25.9,668,180.0,17617,48.6,2,0,0,0
1,small_business,0.2064,121.62,11.287816,8.05,721,698.96,7256,55.3,2,0,0,0
1,all_other,0.1529,525.05,11.052488,22.58,757,6305.98,1425,46.5,2,0,0,0
1,educational,0.1581,318.54,11.658776,20.95,694,5550.45,23679,80.0,0,0,1,1
0,small_business,0.1922,614.35,12.080889,12.38,615,6797.85,18920,55.9,0,0,0,1
0,all_other,0.1919,909.39,11.343168,2.34,645,12166.23,870,75.9,0,0,0,1
1,debt_consolidation,0.1915,393.44,11.204248,5.69,678,5608.5,8542,32.8,4,1,0,1
1,debt_consolidation,0.1682,860.2,11.381606,0.0,689,4821.24,18694,64.9,2,0,0,0
1,credit_card,0.1644,1144.98,11.214619,16.7,694,5925.27,7200,94.2,0,0,0,1
1,debt_consolidation,0.1597,986.43,10.960622,15.87,711,2084.47,199307,95.4,1,1,1,0
1,all_other,0.1239,228.22,10.912111,13.15,698,6947.23,125905,0.0,0,0,0,1
1,all_other,0.1408,94.29,10.306781,11.75,750,4631.64,1452,53.2,1,0,0,0
1,small_business,0.1972,371.05,11.441741,21.97,684,9266.9,7353,5.7,0,0,0,0
1,home_improvement,0.1698,441.71,10.91091,14.65,677,1058.68,51541,37.2,1,1,0,0
1,credit_card,0.1703,99.4,11.814207,8.77,728,5071.35,9571,32.6,2,1,0,0
0,debt_consolidation,0.2051,427.23,11.488233,13.62,652,3491.05,35561,66.0,1,0,0,0
1,debt_consolidation,0.1391,61.66,10.54817,26.73,725,2393.83,3879,44.5,1,0,0,0
1,credit_card,0.1629,1139.34,11.690482,16.89,714,6616.65,887,27.0,2,1,0,0
1,debt_consolidation,0.1595,536.77,9.367947,9.91,704,4266.15,33162,63.8,1,0,0,0
1,all_other,0.0883,195.71,12.107438,12.29,770,8386.34,6428,18.4,2,0,0,0
1,educational,0.163,421.98,10.113548,15.8,686,3732.81,676823,26.0,2,0,0,1
1,all_other,0.1002,420.61,11.232018,9.69,788,4078.52,49231,37.3,0,0,0,0
1,all_other,0.1626,541.18,11.190724,9.08,701,10096.61,2006,42.6,3,1,0,1
1,credit_card,0.1916,421.83,11.615467,12.52,661,1682.8,32131,53.5,1,0,0,0
1,home_improvement,0.1502,734.92,10.729495,23.08,713,3100.92,9769,53.9,3,0,0,0
1,all_other,0.1563,157.49,9.621234,18.06,669,180.0,25364,30.4,3,0,0,0
1,all_other,0.1736,358.05,10.730354,9.77,681,3942.84,3438,55.3,3,0,0,0
1,debt_consolidation,0.198,1297.16,10.796311,18.6,725,6786.93,18022,50.7,0,0,1,0
1,all_other,0.103,277.12,9.679993,12.66,731,6084.48,59563,48.5,3,0,0,1
1,debt_consolidation,0.1714,462.66,10.957677,14.98,686,5420.55,40776,3.7,2,0,0,0
1,all_other,0.1279,183.07,10.273731,14.35,748,2869.29,63017,61.2,0,0,0,0
1,credit_card,0.1276,1175.25,11.325942,0.0,754,4584.01,1200000,64.9,0,0,0,0
1,debt_consolidation,0.1291,449.43,10.779891,0.0,765,4066.1,5183,69.6,1,0,0,0
1,all_other,0.14,154.89,12.126268,14.16,730,5046.31,196552,52.0,0,0,0,0
1,debt_consolidation,0.1445,807.11,10.773731,6.72,762,5495.51,17554,78.5,2,0,0,0
0,debt_consolidation,0.183,187.33,11.192539,1.29,639,4183.02,5887,61.5,1,0,0,0
1,debt_consolidation,0.1181,584.73,10.800026,6.93,698,5119.56,10811,35.5,1,1,0,0
1,debt_consolidation,0.1963,831.71,9.939806,18.98,677,4815.49,46376,45.6,3,0,0,0
1,educational,0.1762,1258.67,10.805125,15.07,715,3372.57,6068,30.8,2,0,0,0
1,educational,0.1537,445.81,11.389582,17.93,688,5258.79,475,18.7,2,1,0,1
1,credit_card,0.1596,397.7,11.297214,15.73,704,1867.24,41923,67.7,1,1,0,0
1,all_other,0.1479,91.49,10.751107,6.26,782,5513.43,15740,39.9,3,0,0,0
1,credit_card,0.1793,286.96,10.041379,17.96,704,2283.08,4767,67.4,2,0,0,0
1,small_business,0.1908,243.46,11.32312,16.64,726,4996.19,1455,101.4,1,0,0,0
1,all_other,0.1674,342.38,11.185887,11.79,701,6223.56,20971,77.6,3,0,1,0
1,debt_consolidation,0.1699,270.93,11.444481,13.01,713,2745.25,86296,19.4,1,0,0,0
1,credit_card,0.1841,689.53,10.762792,18.07,710,7642.11,2606,30.9,2,1,0,0
1,educational,0.1414,253.18,9.902531,7.43,727,9530.65,17175,63.9,1,0,0,1
1,debt_consolidation,0.1449,525.13,11.255594,20.11,754,3434.89,377574,59.4,0,0,0,0
1,all_other,0.0846,318.28,10.924423,16.5,773,4698.14,49915,85.8,2,0,0,0
1,debt_consolidation,0.1189,234.56,11.778927,12.62,722,8089.82,11022,36.7,0,0,0,0
1,debt_consolidation,0.156,232.05,10.947527,23.17,732,564.73,9383,10.7,1,0,0,1
1,credit_card,0.1888,471.19,10.902265,3.67,666,5143.47,5175,20.4,1,0,0,0
1,debt_consolidation,0.1495,989.09,11.184525,9.42,707,4304.87,12481,81.8,2,0,0,0
1,major_purchase,0.1276,220.2,10.565872,7.89,746,7311.16,5726,52.0,1,0,0,0
1,home_improvement,0.1339,383.14,10.536467,15.07,743,4447.17,7246,71.5,3,0,0,0
1,debt_consolidation,0.1561,536.61,10.870284,20.76,718,6189.92,9243,37.5,3,1,0,0
1,home_improvement,0.0943,345.2,10.368552,5.82,744,3002.09,854,26.1,0,0,0,0
1,credit_card,0.1567,111.64,10.790252,30.0,729,7438.98,8915,66.4,0,0,1,0
1,all_other,0.1358,519.65,12.113132,8.03,756,2256.0,867209,8.8,1,0,0,0
1,all_other,0.1559,133.2,11.566007,15.09,721,7237.04,1261,61.5,1,0,0,0
1,home_improvement,0.1597,135.21,11.117903,12.62,696,5250.49,136143,94.4,2,0,0,0
1,all_other,0.1224,146.26,11.876523,12.92,723,180.0,63345,0.0,1,0,0,0
0,debt_consolidation,0.178,352.11,10.426813,7.13,612,5217.6,33385,20.1,2,1,0,0
1,debt_consolidation,0.1796,201.32,12.449168,19.97,725,6577.4,5111,46.7,3,1,0,0
0,debt_consolidation,0.1871,146.2,10.649093,6.71,612,1986.61,52672,33.8,4,0,0,0
0,credit_card,0.2013,531.31,12.152322,0.39,645,2942.5,230571,43.6,0,1,0,0
1,debt_consolidation,0.1266,359.9,12.149636,4.86,727,5282.07,70204,111.4,2,1,0,0
1,all_other,0.1475,642.14,9.86053,22.57,728,3781.12,18710,28.3,3,0,0,0
1,all_other,0.1669,233.01,11.824926,21.23,666,5883.95,13007,41.1,0,0,0,0
1,home_improvement,0.1623,369.0,10.756815,0.0,683,4536.88,4550,18.6,1,0,0,0
1,all_other,0.1257,641.39,10.583539,18.21,762,1760.75,15050,6.5,2,0,0,0
1,major_purchase,0.1929,160.53,11.250029,0.0,692,10880.95,30482,59.9,1,0,0,0
1,small_business,0.1712,245.83,10.315172,12.41,795,4210.39,13693,0.1,2,0,0,0
1,debt_consolidation,0.1607,771.24,11.236218,4.27,710,5370.67,11347,9.4,1,0,0,1
1,credit_card,0.1404,379.21,10.356115,18.75,726,9491.01,11599,48.3,1,0,0,0
1,debt_consolidation,0.1019,318.51,11.038018,16.43,771,7217.24,242349,64.0,2,0,0,0
1,home_improvement,0.1257,356.52,11.744571,19.36,715,6428.77,17099,21.9,1,1,0,0
1,all_other,0.202,959.52,11.165776,10.56,672,7704.5,18150,25.6,1,0,0,0
1,debt_consolidation,0.1283,361.51,10.710527,11.28,706,6438.62,278,0.0,1,0,1,0
1,debt_consolidation,0.1475,390.08,11.260261,2.26,709,6438.53,60570,61.8,3,0,0,0
0,all_other,0.1824,392.13,10.072047,5.49,658,6477.84,33031,48.0,0,0,0,0
1,home_improvement,0.1084,115.28,10.418295,19.14,700,4638.13,30622,47.3,1,0,0,0
1,home_improvement,0.1435,534.12,10.667535,15.13,682,7746.99,34118,9.0,1,0,1,0
1,debt_consolidation,0.1134,202.53,11.409979,13.32,745,6746.1,2827,70.5,1,0,0,0
1,debt_consolidation,0.1421,154.97,11.177537,21.31,711,180.0,8110,32.5,0,0,0,0
1,all_other,0.166,114.2,11.256452,3.63,699,7187.06,216322,72.8,0,0,0,0
1,all_other,0.1783,134.36,10.913297,17.57,706,3076.4,1372,28.0,1,0,0,0
1,debt_consolidation,0.139,76.24,10.449259,4.46,718,5667.3,1512,56.5,1,1,1,0
1,debt_consolidation,0.1363,181.45,11.837751,22.8,733,879.34,1229,25.1,2,0,0,0
1,small_business,0.1856,293.97,10.504346,16.36,672,3601.75,9604,74.9,0,0,0,0
1,all_other,0.1578,805.82,11.185614,19.26,670,4149.13,165483,11.9,1,0,0,1
1,credit_card,0.1454,393.07,10.861616,7.76,752,6401.66,20125,55.7,0,0,0,0
1,all_other,0.1721,467.06,11.273426,27.66,694,3590.75,73444,11.6,3,0,0,0
0,all_other,0.1258,897.06,10.560653,26.39,656,180.0,527,34.6,2,0,0,1
1,all_other,0.161,52.33,11.572133,15.57,727,3834.21,3356,65.5,4,0,0,0
1,debt_consolidation,0.1503,498.98,11.77075,20.71,728,4108.59,4331,13.9,2,0,0,0
0,debt_consolidation,0.1872,497.89,11.534707,10.52,652,6642.68,167233,60.6,0,0,0,1
1,educational,0.1754,699.35,11.026151,3.85,719,5430.17,16219,68.9,3,0,0,0
1,small_business,0.1226,103.71,10.664574,18.09,738,3143.35,11919,0.0,0,0,0,0
1,credit_card,0.1245,244.66,12.651488,6.26,724,5752.61,17634,60.8,1,0,0,0
1,debt_consolidation,0.1437,195.86,10.325109,21.64,734,9644.17,8825,79.6,1,0,0,0
0,debt_consolidation,0.1333,150.32,11.46755,19.83,657,7985.86,311166,25.3,1,0,0,1
1,debt_consolidation,0.1458,1206.1,11.132999,14.22,723,286.29,291950,22.1,1,0,0,0
1,major_purchase,0.1778,265.26,10.891852,13.84,699,11247.79,77513,0.0,0,0,1,0
1,home_improvement,0.1719,748.28,11.042949,19.43,692,8019.51,64713,19.1,2,0,0,0
1,all_other,0.1426,614.92,10.618769,14.49,743,9023.48,5702,76.5,1,0,1,1
1,educational,0.126,133.71,11.190504,9.81,766,1260.32,27334,34.9,0,0,0,0
1,debt_consolidation,0.1167,250.36,11.123263,2.15,778,4024.34,524,61.5,1,1,1,0
1,all_other,0.1237,380.97,12.563368,19.22,760,6531.27,6493,28.9,0,0,0,0
1,debt_consolidation,0.1623,508.83,11.583202,15.13,706,2256.06,1076,43.7,1,0,0,0
1,debt_consolidation,0.119,457.27,11.244688,30.0,723,6379.59,28771,83.1,2,0,0,0
1,major_purchase,0.1721,1251.51,11.281091,11.94,739,9143.15,10983,86.1,2,0,1,1
1,small_business,0.1539,721.09,12.052118,14.68,715,4227.03,44094,51.4,1,1,0,0
1,debt_consolidation,0.1648,613.18,10.33804,14.85,715,9318.41,36840,41.0,1,0,0,0
1,debt_consolidation,0.1436,740.06,10.818533,17.09,741,6816.24,78134,24.1,1,0,0,0
1,all_other,0.1337,955.08,9.766645,5.93,708,413.3,3794,70.3,4,1,0,0
1,debt_consolidation,0.1944,260.8,11.270852,12.07,682,2887.74,729,43.5,3,0,0,1
1,all_other,0.1847,131.74,11.447386,18.31,694,7830.65,288911,84.6,0,0,0,0
1,all_other,0.1137,235.45,10.322684,10.3,734,2479.48,5416,0.0,1,0,0,0
1,debt_consolidation,0.1544,145.86,11.805399,18.05,710,7758.04,12022,34.5,1,0,0,0
1,debt_consolidation,0.1542,191.68,10.491483,13.27,723,6588.96,71838,42.7,1,0,0,0
1,debt_consolidation,0.1032,380.24,10.721094,15.37,735,5841.19,8094,61.8,1,0,0,0
1,major_purchase,0.1198,246.54,11.002935,20.54,696,3616.81,2074,9.5,3,0,0,0
1,debt_consolidation,0.1262,576.96,11.90246,11.03,739,5812.85,382306,43.1,0,0,0,0
1,all_other,0.1233,451.46,10.406499,2.58,724,9266.17,5376,75.2,0,0,0,0
1,debt_consolidation,0.1562,493.76,11.107661,10.76,663,4084.89,249071,56.1,2,0,0,0
1,credit_card,0.1049,146.63,11.402651,6.9,765,6585.29,23426,56.7,0,0,0,0
1,debt_consolidation,0.162,208.63,11.276767,0.0,691,10075.79,65236,23.4,1,0,0,0
0,debt_consolidation,0.1664,101.91,11.299295,11.86,647,5715.77,63254,40.7,0,0,0,0
1,credit_card,0.1962,601.84,11.394515,13.97,670,3833.41,6762,17.3,0,1,0,0
1,credit_card,0.1771,1260.25,10.591619,19.64,671,3806.2,34199,76.4,2,0,0,0
1,debt_consolidation,0.1709,442.52,11.959546,4.74,712,180.0,308194,59.3,1,0,0,0
1,debt_consolidation,0.1266,442.34,10.862199,13.21,700,2031.4,108485,50.7,1,0,0,0
1,major_purchase,0.1492,261.06,10.781253,20.38,697,5905.67,83555,52.2,0,0,0,0
1,debt_consolidation,0.1478,324.82,11.752052,8.63,734,7484.58,39547,82.2,1,0,0,0
1,debt_consolidation,0.1591,937.36,10.545354,16.3,723,3994.75,11218,105.5,2,0,0,0
1,all_other,0.1375,396.94,11.12537,23.62,722,7452.42,3352,49.4,1,0,1,0
1,debt_consolidation,0.1387,583.75,10.489071,0.0,726,7295.22,169190,49.4,1,1,0,0
1,all_other,0.1377,926.22,12.466734,14.48,733,3133.03,5312,58.5,3,0,0,0
0,credit_card,0.1859,861.33,12.338279,20.62,630,3570.55,6051,89.1,1,0,0,0
1,all_other,0.2055,418.94,10.862753,10.18,696,1694.66,13590,69.5,0,1,0,0
0,all_other,0.1995,437.45,11.247113,22.17,627,6919.86,1269,58.6,2,0,0,1
1,all_other,0.1562,291.87,10.933172,16.98,711,5069.36,7284,69.4,2,0,0,0
1,credit_card,0.1307,523.12,10.717354,24.81,710,7279.22,3951,59.1,3,0,0,1
1,debt_consolidation,0.1132,269.37,11.002975,16.62,750,4910.74,1328,6.5,1,0,1,0
1,debt_consolidation,0.1314,471.84,10.905233,25.38,755,2708.58,1773,78.0,4,0,1,0
1,credit_card,0.1749,812.17,10.002393,14.67,718,7009.37,12497,23.9,3,0,0,0
1,debt_consolidation,0.1605,118.21,11.090444,3.16,691,180.0,67072,44.5,2,0,0,0
1,debt_consolidation,0.1447,102.54,10.904201,8.25,728,4217.2,11259,24.6,1,0,0,0
1,debt_consolidation,0.15,367.5,11.120442,19.63,690,3124.14,2261,39.4,2,0,0,0
1,credit_card,0.1211,581.14,10.882714,19.49,710,8873.86,4534,54.0,0,1,0,0
1,debt_consolidation,0.148,462.19,10.710193,10.46,747,9434.4,22494,86.4,0,0,0,0
1,credit_card,0.1603,164.82,11.463695,25.05,689,6117.88,81497,34.8,1,0,0,0
1,credit_card,0.1509,712.69,11.255212,10.16,741,3612.94,60362,89.4,3,0,0,0
1,all_other,0.1473,1208.66,11.781589,15.79,736,9362.92,19127,0.6,1,0,0,0
1,debt_consolidation,0.1528,207.24,11.231785,15.6,674,3314.06,147149,11.3,0,0,0,0
1,home_improvement,0.1438,226.26,10.80946,3.42,747,1599.83,5583,22.4,0,0,0,0
1,debt_consolidation,0.1179,368.76,11.306229,11.84,737,180.0,1986,69.2,1,0,1,0
1,small_business,0.1735,358.86,9.721826,29.02,714,5315.86,8246,20.0,4,0,0,1
1,credit_card,0.1677,902.36,12.213245,6.24,681,772.54,98037,10.8,1,0,0,1
1,debt_consolidation,0.2016,496.85,11.097372,16.91,677,8607.18,39935,99.1,2,0,0,1
1,home_improvement,0.1476,308.11,12.262518,4.63,690,3608.88,74640,43.2,3,1,0,0
1,all_other,0.1199,240.4,10.3997,6.16,731,1844.03,11319,90.1,1,0,0,0
1,all_other,0.1638,132.7,10.248236,2.84,674,7849.14,16489,76.9,1,0,0,1
1,all_other,0.1604,1003.54,11.153158,19.09,727,7249.68,9329,70.4,1,0,0,0
1,all_other,0.1211,564.62,11.151146,6.59,663,9218.54,3312,83.5,0,0,0,0
1,credit_card,0.177,369.62,11.136329,21.35,702,811.21,13931,39.2,0,0,0,0
1,small_business,0.1649,417.82,11.043354,8.93,714,284.69,9232,13.5,3,0,0,0
0,debt_consolidation,0.0912,323.14,10.546849,13.48,803,8961.76,6093,62.0,6,0,0,0
0,all_other,0.1719,113.62,10.023933,15.44,658,180.0,34814,36.8,1,0,0,0
1,credit_card,0.1159,133.55,11.102722,1.44,766,2021.28,16230,64.4,2,0,0,0
1,credit_card,0.1287,318.85,10.147619,14.01,716,5198.31,114905,73.2,3,0,0,0
0,all_other,0.1099,306.69,10.090026,15.01,726,1736.39,3306,23.6,5,0,0,1
1,debt_consolidation,0.1687,385.97,10.697815,20.47,714,5588.23,6900,29.9,1,0,0,0
1,credit_card,0.1371,1191.29,11.192702,5.98,727,2188.34,778,44.4,0,0,0,0
1,debt_consolidation,0.1508,310.65,12.142533,6.96,704,8285.2,2706,83.8,1,0,0,0
1,debt_consolidation,0.148,221.68,11.527348,17.15,765,6854.52,36177,24.2,1,1,0,1
1,all_other,0.1647,401.72,11.804263,22.35,693,5747.72,48603,100.2,0,1,0,1
1,debt_consolidation,0.1054,133.8,11.328734,8.51,753,4172.53,40077,0.0,1,0,0,0
1,debt_consolidation,0.1802,441.05,11.153781,4.08,686,2476.3,105539,93.9,2,0,0,1
1,debt_consolidation,0.1865,240.23,12.458532,10.41,708,4723.23,31608,54.0,0,1,0,1
1,credit_card,0.1844,465.74,10.123058,5.61,669,1980.36,14695,62.5,4,0,0,0
1,educational,0.1309,325.28,10.67793,15.34,727,9852.4,38780,63.7,0,1,0,0
1,all_other,0.1017,320.45,10.72554,5.15,765,5858.18,3962,0.0,1,1,0,0
1,debt_consolidation,0.1392,578.96,11.47507,19.31,707,2884.73,965,38.8,2,0,0,0
1,home_improvement,0.1611,643.99,10.332946,14.07,703,8974.65,7143,42.7,3,0,0,0
1,debt_consolidation,0.2033,1306.62,11.395692,19.53,668,4944.59,8641,82.1,2,0,0,0
1,educational,0.1448,611.95,11.283586,0.0,701,8556.91,16041,44.6,0,0,1,0
0,all_other,0.1704,328.7,11.426142,0.47,649,8481.21,3746,88.3,3,0,0,0
1,debt_consolidation,0.1921,258.24,11.415086,21.52,675,6151.2,5133,99.8,0,0,0,1
1,all_other,0.1432,478.74,11.868375,7.64,719,1886.5,47495,64.0,2,0,0,0
1,debt_consolidation,0.1677,1081.24,10.899982,2.48,760,3608.75,1917,52.6,2,0,0,0
1,credit_card,0.1048,647.21,11.253396,11.2,817,14032.76,11552,17.4,0,0,0,0
1,debt_consolidation,0.1892,243.26,10.480705,14.27,688,3682.06,5017,65.7,2,0,1,0
1,small_business,0.1538,523.3,10.341475,11.51,765,4416.62,908,38.2,0,0,0,0
1,credit_card,0.166,453.0,12.006546,15.83,719,3880.29,7062,87.9,4,0,0,0
1,small_business,0.1701,812.88,10.434608,14.89,704,2710.96,3230,5.1,0,0,0,0
1,small_business,0.1615,475.88,11.3212,14.53,726,6819.88,6935,28.1,1,0,0,0
1,debt_consolidation,0.1634,464.82,11.253936,21.9,712,1712.74,15442,74.6,0,1,0,0
1,all_other,0.1701,170.6,11.646738,12.5,714,2983.0,419,97.6,1,1,0,1
1,home_improvement,0.1736,682.34,9.918498,12.3,694,5831.7,70825,68.7,2,0,0,0
0,debt_consolidation,0.1444,142.12,11.473636,18.14,657,4433.49,1200000,84.8,0,0,0,0
0,debt_consolidation,0.1876,425.48,10.8946,16.41,651,5467.72,3002,53.1,3,1,0,0
1,debt_consolidation,0.1315,251.18,10.564055,6.37,735,4982.46,5295,97.4,0,0,1,0
1,debt_consolidation,0.1499,247.4,10.777001,11.96,699,2129.46,3653,55.2,2,0,0,1
1,small_business,0.1904,603.16,11.56243,15.62,687,8721.45,2403,63.2,0,0,0,0
1,all_other,0.1899,399.99,11.376057,8.55,710,7917.53,329182,54.5,4,0,0,0
1,credit_card,0.1378,69.78,10.851967,8.88,740,2670.99,8253,40.9,3,0,0,0
1,educational,0.1922,350.15,10.235144,3.0,717,6251.91,41289,61.0,3,1,0,0
1,debt_consolidation,0.1452,286.97,10.278188,0.0,685,3833.52,89242,56.0,3,0,0,0
1,credit_card,0.1594,926.51,11.389348,10.02,757,7768.41,72378,61.8,4,1,0,0
1,debt_consolidation,0.1375,156.11,10.150577,13.48,770,7207.36,81651,0.0,1,1,0,0
1,debt_consolidation,0.1515,1215.86,10.857926,5.04,729,8200.16,1653,23.5,0,0,0,0
1,debt_consolidation,0.1669,707.29,12.565454,22.11,747,2691.8,58513,33.6,3,0,0,0
1,debt_consolidation,0.122,299.91,11.210332,5.38,757,1673.01,7317,5.4,2,0,0,0
1,debt_consolidation,0.1621,287.67,11.382772,18.9,753,413.77,188266,21.5,1,0,0,0
0,all_other,0.1414,239.61,10.282768,15.49,733,11747.97,3306,69.1,5,0,0,0
1,debt_consolidation,0.1327,462.65,10.181346,27.62,733,7325.33,2006,57.7,0,0,0,0
1,debt_consolidation,0.1204,209.41,11.415451,16.32,730,8172.4,12464,76.9,0,0,0,0
1,credit_card,0.2065,377.79,10.757765,2.62,668,1475.61,34809,74.9,4,0,0,1
1,debt_consolidation,0.1666,181.4,11.645909,19.88,737,6648.73,706,77.2,1,0,0,0
0,home_improvement,0.1697,642.0,11.017311,24.31,658,755.89,6454,49.7,1,0,0,0
1,major_purchase,0.1803,445.43,13.099381,0.37,680,6197.81,2135,87.6,1,0,0,1
1,credit_card,0.1359,267.84,10.641885,17.01,760,5111.18,54097,32.0,3,1,0,0
1,all_other,0.1344,313.13,11.16737,18.54,742,4314.29,4991,86.1,2,0,0,0
1,credit_card,0.1495,233.28,10.445571,11.13,767,3704.8,74782,74.2,0,0,0,0
1,credit_card,0.1479,470.75,11.620569,0.0,700,7999.46,3920,67.3,1,1,0,0
1,major_purchase,0.1319,153.51,11.259713,10.56,666,3752.66,20055,47.9,3,0,0,0
1,educational,0.1651,728.21,10.404674,8.59,701,8443.41,1354,28.7,2,0,0,0
1,all_other,0.1554,431.34,10.797456,23.16,714,4941.61,10355,48.4,2,0,0,0
1,all_other,0.1427,274.13,11.827819,11.99,713,5994.16,2136,4.2,3,0,0,1
1,home_improvement,0.1187,547.16,11.754543,9.76,753,6435.69,142141,78.4,0,1,0,1
1,debt_consolidation,0.131,484.45,10.128219,8.55,696,6209.17,68697,34.4,4,0,0,0
1,all_other,0.1428,180.52,10.706759,14.85,723,5631.15,17424,36.2,3,0,0,0
1,credit_card,0.1555,954.23,12.102052,12.99,672,10441.51,63423,0.0,2,0,0,0
1,credit_card,0.1675,67.69,10.889022,7.15,727,7881.99,5537,17.7,2,1,0,0
1,debt_consolidation,0.1662,831.67,11.102888,14.42,710,180.0,32788,119.0,2,0,0,0
1,debt_consolidation,0.1588,342.47,11.617428,8.75,682,4539.45,10852,29.5,1,1,0,0
1,debt_consolidation,0.1704,780.56,10.178381,0.0,701,8775.16,28113,77.7,1,0,0,0
1,all_other,0.1569,1049.43,10.417785,17.21,703,3027.22,15010,10.5,3,0,0,0
1,major_purchase,0.155,283.1,10.793544,16.55,700,5071.62,11270,8.6,1,0,0,0
1,small_business,0.1397,286.31,11.72582,13.98,777,5258.34,681,46.7,3,0,0,1
1,debt_consolidation,0.1931,501.87,11.613057,9.55,706,9040.19,4388,49.1,0,0,0,0
1,debt_consolidation,0.1728,177.05,11.430057,12.1,701,2443.22,224901,29.8,0,0,0,1
0,home_improvement,0.1859,316.08,10.906112,18.25,630,2801.82,10257,47.1,2,0,0,0
1,credit_card,0.1891,299.16,11.680038,8.24,676,6323.8,3941,24.8,1,1,0,0
1,all_other,0.1776,171.8,10.897886,18.53,700,5921.76,13362,82.4,0,0,0,0
1,debt_consolidation,0.1728,281.91,11.34356,2.42,684,6365.16,1081,105.6,1,0,0,0
1,debt_consolidation,0.1255,620.33,11.547344,13.76,763,5865.65,5809,77.6,1,0,0,1
1,home_improvement,0.1507,611.3,12.02606,12.78,704,4763.75,16715,7.6,0,0,0,0
1,all_other,0.1123,317.37,10.956642,19.52,759,6460.76,27328,60.2,0,1,0,0
1,debt_consolidation,0.1586,400.92,10.769808,6.26,712,5573.39,21597,30.3,0,0,0,0
1,major_purchase,0.1433,303.56,11.780996,7.01,711,4437.26,139796,30.3,3,0,1,0
1,credit_card,0.1485,110.27,11.82783,2.98,707,4901.49,4227,67.8,0,0,0,0
1,major_purchase,0.1684,190.98,10.659542,8.69,710,3710.92,1121,50.3,1,0,0,0
1,all_other,0.1604,752.89,10.316929,14.36,775,3290.18,6982,50.5,1,0,0,0
0,all_other,0.203,943.64,11.734611,0.19,622,6453.94,5022,48.5,1,1,0,1
0,major_purchase,0.188,219.25,9.989546,9.54,634,1792.89,16691,21.1,0,0,0,0
1,major_purchase,0.165,847.63,9.958391,16.81,689,6782.21,7807,17.6,4,1,0,0
1,educational,0.1782,170.2,10.82734,11.89,711,4400.43,15574,38.9,2,0,0,0
1,home_improvement,0.152,264.76,10.992488,13.12,736,4802.08,14594,41.4,2,0,0,0
1,all_other,0.1517,349.75,10.283429,2.21,728,4616.86,51001,59.1,1,0,0,0
1,debt_consolidation,0.1679,321.15,11.065337,11.91,695,6318.09,12100,72.8,3,0,0,1
1,debt_consolidation,0.1098,220.52,11.092547,12.8,749,8760.42,17152,41.9,1,0,0,0
1,major_purchase,0.1462,412.13,10.636963,11.47,749,9568.87,213670,52.1,4,1,0,0
1,debt_consolidation,0.1352,639.38,12.170413,13.65,717,7679.05,900,73.7,0,0,0,0
1,credit_card,0.1471,136.49,11.192154,10.47,747,5256.32,16542,39.7,1,1,0,1
1,major_purchase,0.1367,406.46,11.618378,9.45,720,7058.49,10259,59.5,1,1,0,0
1,educational,0.1772,773.98,10.04171,5.43,689,180.0,13322,53.3,1,0,1,0
1,major_purchase,0.1407,280.31,10.036446,19.32,737,6579.72,31213,37.7,1,0,0,0
1,all_other,0.1312,251.76,11.210638,4.14,714,6034.19,3249,10.2,2,0,0,0
1,all_other,0.1501,209.05,12.061463,13.69,710,1198.23,4950,19.6,2,0,0,0
1,educational,0.1748,1256.22,10.313939,25.11,766,3607.24,39918,77.2,2,0,0,0
0,debt_consolidation,0.1523,1081.89,11.01746,20.2,617,5754.01,9611,0.1,1,0,0,1
0,debt_consolidation,0.1835,323.25,10.176591,16.11,656,6014.2,2655,98.5,1,0,1,0
1,educational,0.1559,873.49,10.49164,14.32,665,7452.99,43391,27.4,2,0,0,0
1,credit_card,0.1897,277.31,11.047798,11.72,696,9234.26,33922,0.0,1,0,0,0
1,all_other,0.1767,353.0,10.629507,6.38,700,4687.03,15827,31.3,3,0,0,0
0,debt_consolidation,0.1853,189.68,10.13363,10.85,653,2215.07,23648,0.0,0,0,0,0
1,all_other,0.1909,110.49,10.11997,16.57,673,7114.83,30193,0.0,2,0,1,0
1,major_purchase,0.1756,261.84,9.779535,15.29,677,8279.64,10555,49.9,1,0,0,0
1,all_other,0.1142,267.56,11.220716,18.04,803,8228.83,19996,1.6,2,0,1,0
1,debt_consolidation,0.1133,485.01,11.294524,21.02,778,6236.88,1809,3.1,0,0,0,0
1,all_other,0.1559,604.72,11.291458,11.51,694,10059.6,8743,48.6,1,0,0,0
1,small_business,0.1679,356.83,10.375403,13.92,696,4375.22,56956,49.1,1,1,0,0
1,small_business,0.1909,200.59,11.54363,0.0,666,9058.33,409645,61.4,1,0,0,0
0,debt_consolidation,0.1509,239.53,11.361135,28.17,637,2159.4,14821,53.7,2,0,0,0
1,all_other,0.1783,1201.59,10.93445,9.74,706,180.0,2865,45.3,1,0,2,0
1,debt_consolidation,0.2119,641.77,10.834334,17.1,672,2117.86,6900,63.5,2,0,0,0
1,all_other,0.1486,1024.54,10.53404,9.74,707,3623.65,1193,73.3,0,0,0,0
0,debt_consolidation,0.2068,1312.88,11.047219,9.58,649,5061.74,35615,48.8,2,0,0,0
1,all_other,0.1663,244.86,11.916521,10.96,681,2728.39,13095,61.7,0,0,0,0
1,all_other,0.1412,664.9,11.624093,4.01,716,5379.43,2638,0.0,1,0,0,0
1,debt_consolidation,0.142,199.36,10.773712,0.0,724,6677.03,8963,34.2,1,0,0,0
1,debt_consolidation,0.1504,782.01,11.258559,20.6,726,5941.68,37633,88.7,2,1,0,0
1,debt_consolidation,0.164,690.32,10.258128,16.37,660,4715.59,13198,30.7,3,0,0,0
1,debt_consolidation,0.1536,86.77,11.375341,6.28,742,8066.56,4046,61.5,2,0,0,0
1,credit_card,0.159,509.08,10.423177,15.72,680,3058.9,62538,53.7,1,0,0,0
1,debt_consolidation,0.1236,200.5,11.351056,18.29,734,4457.0,21086,28.7,1,0,0,0
1,debt_consolidation,0.1555,301.1,12.741134,7.82,710,3685.05,3579,60.1,4,0,0,0
0,educational,0.1654,244.17,10.582292,15.44,658,6691.94,12677,33.7,1,0,0,1
1,debt_consolidation,0.1548,720.77,12.71291,19.55,698,3996.29,413,32.7,2,0,0,0
1,small_business,0.1635,239.49,11.229288,2.68,724,6060.41,18452,32.4,2,0,0,1
1,all_other,0.1188,148.14,10.472728,16.28,733,7100.83,1065618,21.7,0,0,0,0
1,credit_card,0.1873,226.97,10.444772,15.11,705,3792.82,69765,17.8,3,0,0,0
1,all_other,0.1461,324.51,12.372623,25.58,768,1064.15,9250,32.8,2,0,0,0
1,debt_consolidation,0.1262,488.48,11.230723,16.44,748,4496.94,18024,48.9,1,0,0,0
1,home_improvement,0.16,888.18,10.584647,9.76,700,3070.95,28902,35.9,1,0,0,0
1,home_improvement,0.1556,547.52,10.805889,10.56,739,3454.02,32063,34.0,0,0,0,1
1,debt_consolidation,0.1272,552.37,11.192773,26.56,783,180.0,10026,119.0,2,0,0,0
1,credit_card,0.1602,645.03,10.92468,10.15,784,1008.97,369,67.9,0,0,0,0
1,all_other,0.1723,693.27,11.140998,16.64,663,7059.95,6895,0.0,1,0,0,0
1,small_business,0.2104,849.94,12.011903,10.96,675,2716.45,4631,54.3,2,1,0,0
1,home_improvement,0.104,1135.94,10.241938,20.06,766,7949.84,10268,55.4,1,1,0,0
1,debt_consolidation,0.1503,664.49,11.323224,20.4,670,3270.94,3627,119.0,0,1,0,0
1,small_business,0.22,510.5,10.885532,12.44,660,6275.76,31769,56.8,0,0,0,1
1,educational,0.1554,275.88,10.625582,9.79,692,4426.99,308554,108.1,3,1,0,0
1,credit_card,0.1254,454.84,11.584026,9.63,726,6684.09,57281,35.3,1,0,0,0
1,debt_consolidation,0.1567,858.46,10.03853,0.68,706,4426.33,10763,24.5,2,0,0,0
1,home_improvement,0.1924,171.46,9.486476,13.29,685,5593.15,135591,13.5,0,0,0,0
1,all_other,0.1523,918.04,11.066965,13.15,684,8137.08,54354,72.6,1,0,0,0
1,debt_consolidation,0.1672,288.14,10.84571,6.97,683,6237.65,38564,20.4,0,0,0,0
1,small_business,0.1487,321.76,10.104763,0.0,677,3339.48,4801,28.2,0,0,0,0
1,all_other,0.1074,514.03,9.886563,14.02,797,377.07,9511,61.9,1,0,0,0
1,small_business,0.1859,275.74,12.107686,14.9,721,4787.64,30571,37.5,1,0,0,0
1,credit_card,0.1249,504.43,11.212439,15.32,744,6135.75,378005,51.4,0,0,0,1
1,debt_consolidation,0.139,166.65,10.941984,5.77,691,5444.95,119626,10.5,2,0,1,0
1,educational,0.1435,693.64,12.269099,15.34,703,2865.4,30936,0.0,3,0,0,0
1,all_other,0.1559,438.56,11.553458,11.37,683,5439.16,15510,84.3,3,0,0,0
0,all_other,0.2153,414.01,12.009259,18.56,612,6709.59,40636,80.6,3,1,0,0
0,debt_consolidation,0.1869,483.88,10.210228,5.87,658,8543.86,28208,39.8,2,0,0,1
0,debt_consolidation,0.1984,399.92,10.187391,20.54,641,4495.09,139220,50.0,2,0,0,0
0,credit_card,0.1947,549.71,11.306416,23.02,625,11202.38,2083,19.7,3,0,0,1
1,all_other,0.1638,334.39,11.182845,13.4,665,8693.13,12676,39.4,0,1,0,0
1,major_purchase,0.1179,295.48,11.692294,15.39,760,5480.69,40419,117.3,1,0,0,0
1,educational,0.1654,112.4,9.935219,18.01,708,5714.07,117473,99.0,1,0,0,0
1,credit_card,0.1656,1007.6,11.359194,5.52,759,8532.31,273332,55.2,4,0,0,0
1,debt_consolidation,0.1299,163.25,11.533454,9.24,726,2651.88,1168,0.0,3,0,0,0
0,credit_card,0.122,1128.81,11.501065,13.87,740,3054.19,3817,62.2,2,2,0,0
1,debt_consolidation,0.1485,319.33,10.681916,26.59,676,1840.11,10781,39.3,2,0,0,1
1,home_improvement,0.1635,906.19,11.246355,4.35,730,4422.14,1659,35.0,0,0,0,0
1,all_other,0.1425,778.15,10.456849,23.9,738,2909.96,173366,46.8,3,0,0,1
1,major_purchase,0.1769,772.2,10.751303,11.27,688,4172.61,14712,102.9,2,0,0,0
1,debt_consolidation,0.1363,384.16,10.293809,12.36,731,4973.29,78906,51.3,2,0,0,1
1,debt_consolidation,0.1584,166.26,10.467214,21.0,732,1613.87,9095,75.9,2,0,0,1
1,educational,0.1596,338.35,10.783013,26.55,689,8475.57,23206,59.4,3,0,0,0
1,all_other,0.1444,301.85,10.630529,15.52,667,8039.72,1362,58.5,2,0,0,0
1,small_business,0.2096,383.44,10.467137,20.64,665,3910.19,2218,66.4,3,0,0,0
1,small_business,0.1688,164.85,10.137246,6.25,713,8764.64,2286,35.0,0,0,0,1
1,all_other,0.1443,307.82,12.126268,8.95,722,6031.18,780,7.8,3,0,0,0
1,all_other,0.175,50.76,10.624657,3.27,680,7807.86,62370,93.4,2,0,1,0
1,all_other,0.1266,297.22,11.131279,9.04,711,1668.67,11794,2.9,4,0,0,0
1,home_improvement,0.1546,416.77,9.857027,16.5,732,4219.12,65544,55.5,1,0,0,0
1,educational,0.1336,214.3,11.758166,14.06,733,6630.55,10024,99.7,3,0,0,0
1,debt_consolidation,0.1262,303.39,11.031968,24.52,769,4650.18,73175,57.1,3,1,0,0
1,credit_card,0.1566,428.84,10.659237,26.78,759,4620.32,55471,64.6,1,0,0,0
1,debt_consolidation,0.1858,809.96,10.664564,11.66,672,4783.32,9925,64.6,1,0,0,0
1,all_other,0.1236,764.05,11.46034,7.91,774,5993.65,16572,80.9,1,0,0,0
1,home_improvement,0.1629,478.14,9.128612,20.6,690,5338.66,21201,86.5,1,0,0,0
1,small_business,0.1017,346.61,10.427242,21.32,750,8955.21,71886,5.6,1,0,0,0
1,all_other,0.1381,478.06,10.857359,15.64,713,2586.44,11450,85.2,0,0,0,0
1,debt_consolidation,0.1664,1241.58,10.850327,17.47,694,5296.3,21354,45.3,3,0,0,0
0,debt_consolidation,0.1717,555.28,12.45824,16.39,641,6819.8,1137,25.1,1,1,0,1
1,debt_consolidation,0.1325,443.89,10.724068,5.78,703,1950.82,2943,15.9,0,1,0,0
0,debt_consolidation,0.1921,852.13,11.534038,4.19,651,4200.75,3725,54.5,1,0,0,0
1,small_business,0.1804,409.19,12.035111,12.25,747,5494.65,27548,30.8,3,0,0,0
1,all_other,0.1154,198.59,11.339075,11.21,768,8817.23,3906,49.2,1,0,0,0
1,debt_consolidation,0.1869,550.57,10.518972,14.51,680,5400.98,14451,47.0,3,0,0,0
1,credit_card,0.1654,436.54,10.146463,11.69,721,6954.98,9262,55.5,0,0,0,0
1,debt_consolidation,0.149,324.91,11.384706,0.85,682,7118.65,12100,70.1,4,1,0,1
1,debt_consolidation,0.1521,556.44,11.933465,0.0,686,180.0,48265,81.2,0,0,0,0
1,major_purchase,0.1789,111.02,11.263037,17.69,739,5260.95,15650,80.6,4,0,0,0
1,debt_consolidation,0.134,253.87,11.682403,8.03,709,3970.75,8063,91.0,0,0,0,0
1,all_other,0.114,194.71,12.511088,11.0,776,8817.9,22932,39.4,0,0,0,0
1,all_other,0.2033,237.39,11.440798,8.75,692,6806.65,159535,25.8,2,1,0,0
1,debt_consolidation,0.1274,329.66,10.258614,6.3,748,7246.85,13081,44.6,1,1,0,0
1,debt_consolidation,0.1812,209.48,10.961147,6.12,714,6359.07,1544,32.8,0,0,0,0
1,debt_consolidation,0.122,1165.85,11.765831,19.64,740,5321.96,1333,8.9,1,0,0,0
1,debt_consolidation,0.1663,532.23,10.778244,10.95,693,7148.91,6984,39.6,0,0,1,1
1,small_business,0.1935,231.04,11.84848,16.98,708,5006.68,1764,66.9,0,0,0,1
1,all_other,0.1484,111.88,10.889168,17.91,706,8270.69,238,82.1,1,0,0,1
1,all_other,0.1723,260.05,11.133952,14.78,678,2387.45,6848,44.3,0,1,0,1
1,debt_consolidation,0.1595,305.08,10.716048,18.13,735,7654.66,20111,78.4,1,0,1,1
1,educational,0.1266,235.15,11.027317,12.7,735,4153.11,100128,47.2,1,0,0,0
1,debt_consolidation,0.1904,1283.67,11.059593,22.01,733,6758.64,10634,0.0,1,0,0,0
1,small_business,0.1656,121.75,9.948789,18.28,768,1130.66,17956,7.6,4,0,0,0
1,debt_consolidation,0.124,378.68,10.660628,19.2,765,5734.24,24960,58.8,1,0,0,0
1,major_purchase,0.1575,349.88,10.177743,6.12,696,4682.2,12488,0.0,0,0,0,1
1,debt_consolidation,0.1878,335.76,10.681664,14.42,724,4946.65,3759,8.3,0,0,0,0
1,debt_consolidation,0.1596,98.88,10.44495,0.0,686,641.15,352838,2.8,2,0,0,0
1,all_other,0.146,365.91,11.547211,22.27,711,5142.21,2250,40.9,4,0,0,0
1,debt_consolidation,0.1892,454.41,11.554274,8.3,687,5384.22,21296,53.9,1,1,0,0
0,credit_card,0.1,580.03,11.271779,9.26,772,605.98,3140,0.0,6,0,0,0
1,credit_card,0.148,530.28,10.156734,3.17,724,2183.26,13103,68.9,2,0,0,0
1,credit_card,0.1612,903.73,10.870138,12.35,702,5454.22,21061,47.3,3,0,0,1
1,debt_consolidation,0.1216,86.94,10.108213,10.75,755,6077.26,7916,8.6,1,1,0,0
0,credit_card,0.1615,326.91,10.840151,25.18,628,4933.46,1569,48.1,0,0,0,1
0,debt_consolidation,0.1919,1286.33,11.324927,18.53,633,5172.32,6274,25.0,1,0,0,0
1,educational,0.1562,803.35,11.535184,9.05,740,5127.25,66074,24.6,0,0,0,0
1,credit_card,0.1414,135.42,11.218435,1.1,712,3697.88,989,10.2,2,0,0,0
1,all_other,0.1278,390.77,11.697668,0.0,720,4614.41,148662,46.4,0,0,0,0
1,small_business,0.2185,200.26,11.088451,5.52,660,1556.05,12731,39.7,1,0,0,0
1,all_other,0.1669,287.05,10.787528,3.41,709,3598.35,34324,39.4,1,0,0,0
1,all_other,0.1145,1153.33,11.462933,15.01,786,4953.95,2026,43.3,1,0,0,0
0,debt_consolidation,0.1604,752.63,11.48295,11.6,741,8149.84,8617,53.8,1,2,0,0
1,credit_card,0.158,132.33,10.610255,12.72,716,4755.88,3768,41.1,4,0,0,0
1,debt_consolidation,0.1993,237.69,11.161179,6.05,693,10213.6,17545,0.0,0,0,0,0
1,debt_consolidation,0.1759,393.41,10.750469,13.65,695,9884.91,1906,45.5,2,1,0,0
0,home_improvement,0.1646,321.66,9.704757,2.8,629,5234.25,4053,18.9,3,0,0,0
1,debt_consolidation,0.1382,464.29,11.198465,11.99,720,4025.59,298925,79.5,2,0,1,0
1,credit_card,0.1293,214.11,10.140341,18.33,742,10725.07,30793,59.3,2,0,0,0
0,debt_consolidation,0.1891,309.89,11.130217,10.08,650,6925.0,20084,75.6,2,1,0,1
1,all_other,0.1611,222.16,9.993463,15.66,685,6156.56,19572,31.1,1,0,1,0
1,small_business,0.1682,300.73,10.491003,0.0,666,3256.27,112851,72.8,2,0,0,0
1,debt_consolidation,0.1843,651.11,10.665505,0.0,673,3991.23,8933,14.5,0,0,0,0
1,credit_card,0.175,483.36,11.663052,14.86,712,2558.77,48940,46.4,0,0,0,0
0,all_other,0.1894,245.2,10.604556,19.82,631,8779.99,251,20.5,4,0,0,1
1,small_business,0.1647,855.14,10.274268,10.96,733,6313.86,9029,64.2,3,0,0,1
1,debt_consolidation,0.1235,768.83,11.152251,27.4,739,4284.26,6671,96.9,1,0,1,0
1,home_improvement,0.1499,378.82,10.797646,2.64,700,3879.3,4727,57.1,3,0,0,0
0,all_other,0.1886,334.03,11.412242,7.91,616,2581.79,35703,3.6,1,0,0,0
1,all_other,0.1842,1272.72,10.312753,13.57,672,4885.41,8820,27.3,1,0,0,0
1,debt_consolidation,0.1399,1151.15,11.058621,15.8,757,5486.76,8457,119.0,2,0,0,0
0,debt_consolidation,0.1934,139.5,12.436436,8.57,612,180.0,3119,70.7,2,0,0,0
1,all_other,0.1544,880.24,10.78404,5.29,697,2649.52,5827,24.6,1,0,0,0
1,debt_consolidation,0.1368,1190.78,11.043906,16.88,665,3368.6,441,73.7,1,0,0,0
1,all_other,0.1741,621.06,9.916765,13.52,741,7773.71,6602,50.6,0,0,0,0
1,credit_card,0.1259,264.24,10.409683,10.22,684,3675.56,1137,119.0,2,0,0,0
1,all_other,0.1576,300.88,11.21043,16.04,725,574.09,129502,49.0,1,0,0,0
1,debt_consolidation,0.1472,1208.49,10.728762,11.66,731,2307.63,35379,39.6,1,0,0,1
1,debt_consolidation,0.1191,651.14,11.304804,11.64,780,9371.12,47135,44.9,2,0,0,0
1,all_other,0.1593,563.5,11.189213,11.38,702,4128.06,1322,35.7,0,0,0,0
1,credit_card,0.1363,1189.94,10.126002,6.93,724,2463.85,41812,26.2,0,1,0,0
0,small_business,0.2092,203.32,11.549337,6.23,654,876.05,3761,14.4,1,0,0,0
1,all_other,0.1094,335.76,10.171962,8.97,755,5121.02,17032,33.1,2,0,0,0
1,credit_card,0.1755,448.87,10.463398,12.82,681,5384.35,8114,69.3,4,0,0,0
1,debt_consolidation,0.1518,327.8,11.069986,0.0,689,6162.77,1205,39.6,1,0,0,0
1,major_purchase,0.1478,104.23,11.885884,19.12,709,11876.89,2080,30.3,1,0,0,0
0,debt_consolidation,0.1745,792.39,10.317635,12.73,651,1969.37,31410,8.5,1,0,0,1
1,debt_consolidation,0.1485,223.64,11.020088,5.25,719,4136.94,29850,67.4,4,0,0,0
1,debt_consolidation,0.1493,221.1,11.025172,23.75,747,5791.09,1217,93.7,2,0,0,0
1,debt_consolidation,0.1502,294.99,11.33099,12.89,721,3966.06,67420,22.4,1,0,0,0
0,home_improvement,0.2016,346.75,11.652259,3.39,650,180.0,5940,28.5,2,0,0,0
1,debt_consolidation,0.179,362.69,10.683514,23.44,705,6338.31,1406,20.3,0,0,0,0
1,debt_consolidation,0.1495,743.88,11.547228,21.95,738,3481.62,4543,70.7,1,0,1,0
0,debt_consolidation,0.2015,923.18,11.741496,6.33,639,2400.08,1250,77.2,1,0,0,0
1,educational,0.2148,345.93,12.018215,10.37,669,2826.36,3427,51.4,0,1,0,1
1,home_improvement,0.1128,236.55,11.236173,9.44,743,8937.91,5089,12.5,2,0,0,0
1,major_purchase,0.1729,357.89,11.026037,0.0,720,8307.57,24969,58.3,1,0,0,0
1,small_business,0.1946,215.85,10.640503,14.84,726,2332.11,40147,53.8,0,0,1,0
1,small_business,0.1476,370.46,10.040018,18.43,781,730.52,59926,56.7,3,0,0,0
1,all_other,0.1859,205.59,10.760448,17.13,728,7305.91,38480,16.7,1,0,0,0
1,debt_consolidation,0.1801,1265.51,10.998526,12.83,735,10205.52,520,14.8,2,0,0,0
1,debt_consolidation,0.1028,387.57,10.86321,19.1,813,10891.73,1084,0.0,2,0,0,0
1,debt_consolidation,0.1543,261.8,11.294608,4.77,702,1520.11,63362,80.4,0,0,0,0
1,credit_card,0.18,648.13,10.042954,25.15,680,8454.63,5189,81.4,3,0,0,0
1,debt_consolidation,0.1362,156.96,10.818996,7.27,726,5046.6,8763,0.1,3,0,0,0
1,debt_consolidation,0.2025,247.87,12.146809,8.04,727,235.51,30095,23.9,4,0,0,0
1,credit_card,0.1807,532.52,11.537315,8.63,690,2911.0,86224,24.0,1,0,0,0
1,debt_consolidation,0.1744,431.37,11.305876,8.13,671,3095.56,23204,73.4,1,0,0,0
1,debt_consolidation,0.0881,722.74,11.168316,11.27,798,6248.7,2763,49.5,4,0,1,0
1,debt_consolidation,0.1555,56.54,10.707087,11.0,722,1642.72,1552,91.7,1,0,0,0
1,credit_card,0.1448,667.35,9.860017,13.49,682,7420.04,1973,38.6,0,0,0,0
1,debt_consolidation,0.1553,261.15,11.208848,6.95,745,6248.66,77597,8.1,3,0,0,0
1,debt_consolidation,0.1077,157.32,9.436459,13.75,706,7610.2,43340,25.6,4,0,0,0
1,debt_consolidation,0.1881,119.7,10.731411,5.08,700,3409.5,11774,20.6,4,0,0,0
1,credit_card,0.138,252.65,10.927768,17.65,731,6051.28,1118,77.5,0,0,0,0
1,debt_consolidation,0.1441,1144.38,10.657214,17.57,661,2470.3,45574,102.8,3,0,0,0
0,debt_consolidation,0.1497,746.9,12.254544,12.56,723,6751.76,14807,61.2,0,2,0,0
1,small_business,0.1384,1170.98,12.042849,8.12,783,4466.73,3208,26.8,1,0,0,1
1,small_business,0.1615,355.85,11.560015,14.75,728,4712.05,10029,54.4,2,0,0,0
1,debt_consolidation,0.1898,431.94,10.365551,6.48,696,4978.19,24617,0.0,1,0,1,0
1,debt_consolidation,0.1721,129.48,12.102063,12.84,691,706.55,5362,41.2,3,0,0,0
1,debt_consolidation,0.179,130.71,11.307571,11.55,694,8034.59,2084,0.0,1,0,1,0
1,credit_card,0.1554,344.82,10.355392,30.0,700,5267.16,14797,60.9,1,0,0,0
1,debt_consolidation,0.1707,148.97,10.949957,4.13,696,8044.66,16370,42.2,1,0,0,1
1,major_purchase,0.114,197.66,11.514731,0.0,745,7860.36,529,70.8,1,0,0,0
0,home_improvement,0.1908,413.73,10.564684,8.2,644,3026.79,9748,68.5,1,0,0,0
1,all_other,0.1259,892.77,11.015725,0.76,743,4385.35,2841,30.9,1,0,0,0
1,debt_consolidation,0.1886,402.94,11.123051,7.59,696,1182.98,23451,76.4,2,0,0,0
1,small_business,0.1661,149.66,10.258479,3.65,724,8124.9,717,12.7,1,0,0,0
1,credit_card,0.1885,111.78,10.765243,6.36,667,5871.54,1425,119.0,0,0,0,1
1,home_improvement,0.1386,405.76,10.304468,5.25,760,5562.91,257,8.1,3,0,0,0
1,debt_consolidation,0.1709,251.38,11.459887,19.24,757,4369.84,21245,68.6,1,1,0,0
1,credit_card,0.1085,387.59,10.376086,12.27,746,2635.6,994,83.1,3,0,0,0
0,home_improvement,0.1797,342.63,11.108,20.02,652,8266.77,1310,52.2,0,0,0,0
1,major_purchase,0.1223,346.96,10.082005,12.88,742,10073.7,9454,17.0,1,0,1,0
1,all_other,0.1082,828.24,10.238604,19.01,725,8363.87,8476,24.5,1,0,0,0
0,all_other,0.1628,807.17,10.209052,10.52,649,4641.55,30305,17.4,2,0,0,0
1,all_other,0.1798,511.78,10.753359,23.6,709,6035.41,35604,46.9,2,0,0,0
1,credit_card,0.149,202.34,11.040033,15.85,724,7734.83,66726,70.0,1,0,0,0
1,major_purchase,0.1421,254.91,11.152501,7.22,731,5295.23,144845,61.0,0,1,0,0
1,all_other,0.1682,663.7,9.848937,16.87,717,9921.51,58004,48.6,1,0,0,0
1,debt_consolidation,0.1533,947.31,10.82713,12.79,721,8180.95,18622,6.5,2,0,0,0
1,debt_consolidation,0.143,153.93,10.472151,11.2,766,12023.72,15487,96.3,2,0,0,0
1,all_other,0.1412,1090.93,11.255849,13.26,757,5545.58,29338,41.9,3,1,0,0
0,small_business,0.22,242.02,10.766742,17.78,612,180.0,431,36.0,2,0,0,1
1,debt_consolidation,0.1523,607.52,10.880693,0.0,698,5239.63,8540,53.7,3,1,0,0
1,debt_consolidation,0.1795,1264.46,10.475581,10.18,704,4110.89,588,0.0,3,0,0,0
0,major_purchase,0.1618,126.7,11.982035,17.31,643,5491.86,3375,45.3,2,0,0,0
1,all_other,0.1524,541.86,10.147017,14.31,714,9517.62,1031,40.9,1,0,0,0
1,debt_consolidation,0.1567,307.25,10.686162,4.83,757,3705.39,20378,42.0,4,0,0,0
1,debt_consolidation,0.1713,534.3,10.995635,0.0,669,2981.03,28617,82.4,0,0,0,0
1,debt_consolidation,0.1414,242.87,10.77667,24.34,723,3442.91,76554,10.7,1,0,0,0
1,debt_consolidation,0.2174,73.38,10.463999,11.31,675,10445.34,2327,45.9,1,0,0,1
1,credit_card,0.196,238.51,9.824873,23.05,684,3908.1,3818,29.1,1,0,0,0
1,all_other,0.1335,472.23,10.50818,18.09,766,5708.62,61849,40.7,0,1,0,0
1,all_other,0.1459,969.36,10.344775,7.12,689,9676.17,4821,71.1,2,0,0,0
1,all_other,0.1071,473.66,11.954327,0.0,728,6719.02,3464,43.3,0,0,0,0
0,debt_consolidation,0.202,1142.81,12.311465,9.41,639,180.0,34205,39.0,3,0,0,0
1,debt_consolidation,0.1493,268.16,10.899017,12.34,781,3852.05,25079,0.0,1,0,0,1
1,debt_consolidation,0.1535,254.82,10.073099,15.71,733,3427.96,50584,69.8,2,1,0,0
1,debt_consolidation,0.1248,465.11,11.380207,4.93,703,703.14,23664,0.0,4,0,0,1
1,credit_card,0.1492,291.3,10.331543,13.83,732,3869.28,5822,33.3,0,0,0,0
0,debt_consolidation,0.1705,856.22,10.595006,13.83,656,180.0,98599,22.2,1,0,0,0
1,credit_card,0.1389,139.54,10.546402,19.4,755,5872.59,44945,0.0,0,0,0,0
1,debt_consolidation,0.2002,743.77,10.624692,10.48,698,5078.61,10642,51.0,1,1,0,0
1,debt_consolidation,0.1753,915.14,10.713621,15.66,702,3289.64,45161,34.8,3,0,0,0
0,debt_consolidation,0.176,507.75,10.128764,14.59,691,536.4,10707,61.9,2,2,0,1
1,all_other,0.1649,733.51,10.501772,18.64,688,8546.23,2481,62.8,2,0,1,0
1,all_other,0.1525,241.55,11.552166,6.94,736,3639.11,13057,64.8,1,0,0,0
1,home_improvement,0.1369,207.97,10.90953,0.0,720,7803.95,238494,61.7,1,0,0,0
1,debt_consolidation,0.1557,489.1,11.006441,10.97,735,4745.53,57892,61.3,3,0,0,0
1,all_other,0.152,229.35,9.568329,11.01,710,8708.31,21279,74.7,3,0,0,0
1,credit_card,0.1305,455.15,11.508148,4.61,730,6521.11,2606,57.4,1,0,0,0
1,debt_consolidation,0.1794,487.98,10.511833,2.19,694,5338.74,1648,53.2,2,0,0,0
1,debt_consolidation,0.073,323.6,11.615621,8.63,795,2960.76,7398,42.2,0,0,0,0
0,debt_consolidation,0.172,476.5,11.024108,11.81,650,8307.61,4138,54.5,1,0,0,0
1,debt_consolidation,0.1466,588.43,10.587147,13.26,758,4546.43,11253,62.1,0,0,0,0
1,small_business,0.172,364.62,9.906548,0.0,762,3022.72,13925,61.2,2,0,0,1
1,debt_consolidation,0.1797,283.09,12.256656,0.5,678,4666.84,1123,41.8,2,0,0,1
1,all_other,0.1042,631.6,11.419981,20.39,795,4944.59,2862,108.5,0,0,1,0
1,credit_card,0.1378,451.23,11.456475,11.29,748,7245.34,6202,91.4,2,1,0,0
1,debt_consolidation,0.1451,516.36,12.039485,12.58,747,354.75,21983,23.2,3,0,0,0
1,all_other,0.1867,600.09,11.066693,3.4,711,11017.77,23338,46.8,3,0,0,0
1,debt_consolidation,0.1779,437.49,11.754964,12.57,702,6218.38,2093,93.7,0,0,0,0
1,all_other,0.1781,309.95,10.638069,10.01,702,5020.26,1541,21.3,1,0,0,0
1,debt_consolidation,0.1505,246.39,11.379923,8.33,725,6170.0,2406,11.1,2,0,0,0
1,debt_consolidation,0.1106,336.89,10.545641,2.51,763,1231.33,39121,119.0,2,1,0,0
1,debt_consolidation,0.1246,512.38,10.622646,6.61,717,5370.08,5125,32.9,0,0,0,0
1,credit_card,0.1656,561.05,10.98917,26.21,675,6685.87,12968,0.0,1,0,0,0
1,credit_card,0.1559,422.86,10.156887,10.19,741,4323.56,21318,23.1,4,0,0,0
1,credit_card,0.1301,471.65,11.130949,18.05,745,6368.97,77974,34.6,1,0,0,0
1,debt_consolidation,0.1561,176.5,10.739705,11.24,735,7042.74,1552,70.5,1,0,0,0
1,educational,0.1274,265.27,9.717588,10.45,738,3238.87,76159,48.0,0,0,1,0
1,debt_consolidation,0.1476,604.39,10.650826,8.21,700,8181.94,27576,6.1,1,0,1,0
1,home_improvement,0.1998,226.76,10.719517,21.88,675,4909.36,157663,0.0,3,0,0,0
1,credit_card,0.1861,440.24,11.45023,15.17,677,9826.31,103602,61.1,0,0,0,0
0,all_other,0.1777,408.66,11.103971,7.15,648,8333.56,13036,48.7,3,0,0,0
1,all_other,0.1352,342.84,11.812958,9.88,719,6076.09,3303,81.9,3,0,0,0
1,credit_card,0.1762,632.62,11.247267,20.02,707,3030.45,31493,28.5,2,1,0,0
1,credit_card,0.1811,464.31,10.592084,0.0,693,4781.18,1824,39.1,4,0,0,0
0,debt_consolidation,0.2128,178.9,10.894401,14.74,612,7579.6,15460,31.2,2,1,0,0
1,home_improvement,0.1735,562.43,10.717691,16.31,663,3660.95,3327,29.1,2,0,0,1
1,debt_consolidation,0.1147,252.8,11.227663,7.43,753,6143.66,7436,58.0,1,0,0,0
1,all_other,0.1669,149.46,10.966492,13.67,685,6426.15,333,33.6,2,0,0,0
1,all_other,0.1778,662.83,10.546579,16.07,724,4778.84,9561,0.0,1,0,0,0
0,home_improvement,0.1616,168.04,10.935246,4.11,657,3005.81,13255,84.9,2,0,0,0
1,all_other,0.1321,288.38,11.21132,18.41,765,9053.97,4665,53.2,3,0,1,0
1,debt_consolidation,0.1909,493.0,10.316083,14.65,705,6247.67,9558,65.9,1,0,0,0
1,all_other,0.1449,357.61,11.123375,11.54,721,4305.39,1931,84.8,1,0,0,0
1,debt_consolidation,0.1138,232.59,9.967003,13.32,798,3084.55,38074,40.8,2,0,0,0
1,all_other,0.1028,176.75,11.604399,17.48,768,7306.3,11383,40.9,1,0,0,0
1,all_other,0.1738,230.28,11.25158,28.58,698,4886.49,393002,15.5,0,0,0,0
0,home_improvement,0.1514,178.71,11.923863,16.81,687,7503.64,17459,71.7,0,2,0,0
1,debt_consolidation,0.1302,337.41,10.248876,18.19,698,2754.61,20170,1.8,2,0,0,0
1,debt_consolidation,0.1283,250.98,11.621406,13.94,729,5816.52,5162,52.7,2,0,0,0
1,all_other,0.1619,146.88,11.500826,25.72,706,3860.51,73680,62.0,0,0,0,0
1,debt_consolidation,0.131,301.43,10.818838,2.48,695,9413.72,5511,8.6,0,0,0,0
1,debt_consolidation,0.103,225.97,10.700248,0.61,766,5980.56,173850,82.6,2,0,1,0
1,debt_consolidation,0.1689,469.75,10.268061,13.66,706,2570.53,165980,0.0,4,0,0,0
1,all_other,0.1153,464.95,10.109056,17.15,797,7397.41,4819,8.5,1,0,0,0
1,debt_consolidation,0.1363,951.39,10.471747,0.0,713,8146.78,7023,46.0,0,0,0,0
1,all_other,0.1189,570.83,10.163977,12.58,778,4217.41,3426,67.7,2,0,0,0
0,small_business,0.1994,189.61,11.903391,11.35,724,3035.53,1288,7.3,1,2,0,1
1,all_other,0.1649,84.59,10.013748,17.73,747,180.0,17501,68.0,0,0,0,0
1,debt_consolidation,0.1664,134.01,11.020826,15.56,682,7811.97,11018,70.7,4,0,0,0
1,debt_consolidation,0.1866,280.72,11.19578,0.12,678,677.49,31509,35.5,3,1,0,1
0,debt_consolidation,0.1507,123.15,11.148075,5.15,727,4939.13,10095,50.8,5,0,0,0
1,all_other,0.1033,230.4,11.201626,7.03,748,747.0,44162,80.9,2,0,0,0
1,credit_card,0.1159,369.41,11.507304,17.7,712,9562.51,10132,91.3,1,0,0,0
1,debt_consolidation,0.1598,259.19,10.657987,15.19,661,8396.39,8007,32.0,2,0,0,0
0,debt_consolidation,0.1478,459.44,10.983406,8.32,658,5810.34,12578,22.8,0,0,0,0
0,debt_consolidation,0.1856,260.29,10.750927,13.6,656,7679.25,36893,42.4,0,0,0,0
0,debt_consolidation,0.1751,230.4,11.724541,5.3,643,4729.49,6055,15.6,1,0,0,0
1,major_purchase,0.1626,1234.99,12.210918,26.74,714,2998.14,46782,83.3,3,0,0,0
1,debt_consolidation,0.1454,368.1,10.2017,16.56,753,868.88,3363,61.2,1,0,0,0
1,debt_consolidation,0.1702,421.9,9.691028,18.02,709,7040.0,6617,46.9,2,0,0,0
0,debt_consolidation,0.176,710.1,11.27717,22.1,624,2536.53,553,79.4,1,0,0,1
1,debt_consolidation,0.1694,719.94,11.582927,19.61,703,11376.36,6336,69.4,3,0,0,0
1,debt_consolidation,0.1395,289.12,12.123756,12.82,704,2279.1,1817,75.3,0,0,1,1
1,debt_consolidation,0.1341,770.92,11.380113,11.32,790,7590.18,26548,63.1,2,0,0,0
0,debt_consolidation,0.2051,298.97,11.781426,21.49,655,8250.0,24696,88.0,1,0,0,0
1,debt_consolidation,0.1771,802.18,11.942637,12.78,695,1710.54,76631,7.3,0,0,0,0
1,all_other,0.1231,153.85,11.823514,7.43,775,3935.85,156144,62.1,3,0,0,0
1,all_other,0.1596,310.07,11.467508,26.17,727,4485.2,8429,92.6,0,0,0,0
1,debt_consolidation,0.1158,422.0,10.147852,6.14,731,13766.51,3359,37.8,1,0,0,0
1,small_business,0.1339,477.08,10.924899,0.63,714,4446.61,23170,30.4,1,1,0,0
1,debt_consolidation,0.1594,212.87,11.113024,19.45,723,2214.54,5879,36.3,2,1,0,0
1,educational,0.1686,122.73,10.869116,7.55,740,6289.36,4156,47.1,0,1,0,0
1,major_purchase,0.1452,519.78,10.906755,15.6,679,2441.21,10643,78.3,0,0,0,0
1,all_other,0.1414,324.12,11.886009,25.14,743,4906.14,4265,47.2,0,1,0,0
0,debt_consolidation,0.1881,304.2,10.468333,3.11,658,3922.65,295140,79.8,0,0,0,0
1,home_improvement,0.1382,1187.18,11.417422,12.32,722,6355.03,7172,61.0,1,0,0,0
1,debt_consolidation,0.146,307.11,11.123029,22.84,717,3656.97,10414,74.2,1,0,0,0
1,debt_consolidation,0.1785,274.8,10.406905,17.31,687,3319.68,39939,48.4,2,0,0,0
1,all_other,0.1585,108.84,10.273273,11.36,709,7757.61,363657,40.0,1,0,0,0
1,all_other,0.169,182.49,9.892198,29.09,686,5782.66,7625,8.5,3,0,1,0
1,small_business,0.1697,719.62,11.226202,11.94,669,5130.6,547,0.0,1,0,0,1
1,credit_card,0.1611,231.79,10.891421,15.34,697,247.61,9677,35.6,0,1,0,0
1,small_business,0.1818,615.5,10.426276,23.98,668,6614.58,714,0.0,2,1,0,1
1,credit_card,0.1436,152.04,9.785576,19.37,722,3883.34,4789,44.3,1,1,0,0
1,all_other,0.1649,210.71,11.193954,21.72,666,5756.03,120093,66.2,3,0,0,0
1,all_other,0.1432,200.75,10.824026,6.39,737,449.27,3034,47.7,2,0,0,0
1,educational,0.1588,535.99,10.494647,21.07,665,5753.05,2052,0.0,0,0,0,0
1,major_purchase,0.166,334.34,10.341936,13.77,688,5542.78,43177,34.7,4,0,0,1
1,home_improvement,0.1594,176.58,10.784469,7.45,686,4486.15,7716,62.1,1,1,0,0
1,credit_card,0.1148,594.59,11.216698,14.13,760,2844.93,75800,83.2,1,0,0,0
1,all_other,0.1111,506.95,10.72871,13.91,723,7975.11,6997,61.6,1,0,0,0
1,debt_consolidation,0.1784,500.73,10.204999,25.49,702,3193.65,30710,46.2,2,1,0,0
1,small_business,0.1773,484.4,10.894544,15.23,729,7335.5,927,60.0,0,0,1,0
0,debt_consolidation,0.1758,216.24,11.567784,7.21,630,7677.89,2451,99.8,2,0,0,1
0,debt_consolidation,0.1704,941.65,10.954563,5.62,708,2979.45,8138,47.1,5,0,0,1
1,debt_consolidation,0.1012,329.41,10.971738,12.27,786,6930.14,5732,3.2,3,0,0,0
1,all_other,0.1475,455.8,10.731342,3.31,715,3985.73,595414,32.8,2,0,0,0
1,all_other,0.1439,491.47,10.387305,7.66,713,6656.31,55573,24.7,1,0,0,0
1,debt_consolidation,0.1409,193.19,10.367033,10.92,731,2720.26,53264,12.6,4,1,0,0
1,debt_consolidation,0.1535,1219.29,9.916269,9.69,744,4772.26,8323,25.7,2,1,0,0
0,debt_consolidation,0.1821,389.15,11.650548,17.62,634,5252.64,1178,119.0,1,1,0,1
0,debt_consolidation,0.1779,403.61,11.212097,7.51,646,4986.51,159088,16.7,1,0,0,0
1,debt_consolidation,0.1672,291.02,10.980317,0.0,718,6013.01,818,31.7,2,0,0,0
0,credit_card,0.1693,871.38,11.110305,0.97,683,3038.03,4535,119.0,0,2,0,1
1,debt_consolidation,0.1216,838.86,11.137113,12.48,760,3679.1,27376,62.7,0,0,0,0
1,debt_consolidation,0.1661,433.3,10.481927,8.55,698,6844.6,710331,56.0,1,0,0,0
0,debt_consolidation,0.2091,147.52,10.73159,4.07,636,4029.14,177146,61.6,1,0,0,0
1,all_other,0.1986,361.6,10.640733,26.11,662,3816.82,29634,51.5,0,0,0,0
0,small_business,0.1885,382.32,12.461969,18.32,612,2955.45,340630,32.4,1,1,0,1
1,debt_consolidation,0.1345,270.38,11.552323,12.2,701,3909.9,4964,55.3,1,0,0,0
0,debt_consolidation,0.179,198.4,11.032408,14.21,703,2492.36,22501,61.8,5,0,0,0
0,credit_card,0.1573,129.06,11.76325,10.77,694,6883.25,112930,0.0,1,2,0,0
1,debt_consolidation,0.0934,978.94,11.68621,3.95,751,3937.34,1160,32.6,1,0,0,0
1,home_improvement,0.1206,611.07,10.08788,19.71,756,2350.82,19968,0.0,1,0,0,0
1,educational,0.1498,388.32,10.794059,18.47,704,4552.08,22198,19.7,0,0,0,0
0,all_other,0.1861,253.05,10.920042,0.0,629,1568.79,21105,61.0,4,0,0,0
1,major_purchase,0.1608,495.35,11.303032,14.16,733,2920.57,2060,33.3,2,0,0,0
1,all_other,0.1279,423.88,10.793364,14.92,731,8446.23,21978,38.9,0,0,0,0
1,all_other,0.1692,294.17,10.869896,10.38,722,2339.67,17522,0.0,0,0,0,0
1,debt_consolidation,0.145,494.57,10.648577,27.07,747,4701.42,4540,6.6,4,0,0,0
1,debt_consolidation,0.15,542.75,11.56985,26.32,666,10575.99,38108,12.1,1,0,1,0
1,debt_consolidation,0.1153,583.83,10.049562,10.0,786,5683.13,94940,0.0,1,0,0,0
1,all_other,0.182,212.95,10.669314,11.06,674,3783.02,3551,51.3,0,0,0,0
1,all_other,0.1441,508.53,9.805358,10.25,738,180.0,24156,48.3,1,0,0,1
0,debt_consolidation,0.1923,917.17,10.30192,8.38,646,5477.3,99638,70.2,0,0,0,1
1,all_other,0.1599,473.14,11.123478,6.25,675,3140.74,102630,83.8,1,1,0,0
1,debt_consolidation,0.1409,1197.75,11.135054,16.1,768,6454.5,8537,86.8,0,0,0,0
1,debt_consolidation,0.1524,335.32,10.738953,26.13,700,3369.37,60804,57.3,1,0,0,0
1,debt_consolidation,0.1924,120.87,11.615631,23.3,742,5752.91,7416,52.5,1,0,0,0
1,credit_card,0.1255,202.13,11.755966,18.05,719,8675.94,40465,55.2,1,1,0,0
1,all_other,0.2117,258.54,10.887771,0.0,706,6738.17,3353,17.6,1,1,0,0
1,credit_card,0.1135,532.12,11.082764,0.0,762,1764.17,958,54.9,3,0,0,0
1,debt_consolidation,0.1854,713.19,10.653948,19.94,701,5282.42,25654,32.1,1,0,0,0
0,all_other,0.203,448.97,11.312402,23.77,642,7468.7,44689,11.3,1,0,0,1
1,educational,0.1517,466.47,10.201623,16.42,679,1260.96,33860,0.0,3,0,0,0
0,debt_consolidation,0.1584,1227.73,12.025459,10.49,731,9278.06,2958,0.0,1,2,0,0
1,all_other,0.1392,208.7,11.625391,21.93,725,5412.3,209,39.6,0,1,1,0
0,debt_consolidation,0.1884,380.16,10.198655,17.8,650,6501.13,44253,27.2,2,0,0,0
1,debt_consolidation,0.1715,284.71,10.448699,20.45,682,4200.43,112862,25.2,0,0,1,0
1,all_other,0.1588,168.79,11.186962,0.0,688,5175.8,528,13.4,2,0,0,0
1,debt_consolidation,0.1536,92.35,10.723667,14.97,696,2823.88,6710,30.7,0,0,0,0
0,all_other,0.1861,988.31,11.262206,24.84,658,8927.69,2445,15.1,0,0,0,1
1,major_purchase,0.1486,221.64,10.710768,16.24,686,9542.63,16217,49.7,2,1,0,1
1,debt_consolidation,0.1512,318.75,11.860135,19.14,682,10426.66,92852,68.4,0,1,0,0
1,debt_consolidation,0.1619,521.21,10.935067,12.85,739,645.66,7535,32.8,0,1,0,0
1,home_improvement,0.1505,164.96,12.406539,13.33,741,5883.86,4866,78.6,1,0,0,0
1,all_other,0.1325,206.24,11.297632,22.28,704,6140.29,20447,24.5,1,0,0,0
1,small_business,0.1576,377.46,10.106863,7.98,695,3296.11,366,0.0,2,0,0,1
1,debt_consolidation,0.1109,263.83,12.202763,7.3,715,5992.04,41791,86.5,2,0,0,0
1,all_other,0.188,163.68,11.600194,9.3,679,1468.48,59421,0.0,3,0,0,0
1,major_purchase,0.1895,612.88,11.16189,12.76,666,8738.98,11020,30.7,1,0,0,0
1,debt_consolidation,0.1503,274.09,11.324446,1.49,674,1227.07,5412,69.7,0,1,0,0
1,home_improvement,0.1797,434.98,10.204681,17.64,686,5686.08,6971,82.9,3,0,0,0
1,all_other,0.2154,432.01,9.829331,11.47,666,7032.98,7018,42.3,1,0,0,0
1,home_improvement,0.1224,718.67,10.904533,18.49,716,3561.25,9977,30.4,1,0,0,0
1,debt_consolidation,0.131,472.55,11.77105,0.0,738,8491.51,901,107.9,3,0,0,0
0,all_other,0.1517,207.8,11.171382,18.52,650,497.51,21211,73.7,2,0,0,0
1,debt_consolidation,0.1744,885.14,11.972595,21.82,711,4983.41,6078,78.2,1,0,0,0
1,educational,0.1576,275.17,11.735945,15.63,702,843.41,11305,60.8,1,0,0,0
1,debt_consolidation,0.1421,212.11,10.942571,12.81,723,3126.78,4338,64.5,2,1,0,0
1,debt_consolidation,0.1604,196.22,11.652092,18.57,710,3825.45,20117,54.5,1,0,0,1
0,small_business,0.1845,77.15,11.858783,21.37,655,3672.88,91765,43.2,3,0,0,1
1,debt_consolidation,0.1695,254.54,10.881089,16.21,662,8237.24,15273,0.0,1,1,0,0
1,all_other,0.1609,508.26,10.799597,16.72,711,2129.02,797,8.1,1,0,0,0
1,debt_consolidation,0.1261,141.27,11.015675,24.03,749,1174.31,11014,66.6,1,0,0,0
0,all_other,0.1843,1272.9,9.458736,17.85,626,3982.34,15301,81.8,1,1,0,1
1,debt_consolidation,0.1469,78.66,11.101063,7.08,723,5343.33,10022,52.2,1,0,0,0
1,all_other,0.1375,215.3,11.369467,21.34,755,6317.99,3211,15.0,1,0,0,0
1,all_other,0.1706,137.78,11.018152,11.75,704,7944.55,10166,52.8,2,0,0,1
1,debt_consolidation,0.1581,729.28,11.140251,12.83,731,180.0,42046,57.9,3,0,0,0
1,debt_consolidation,0.1381,588.67,10.903479,13.34,683,9281.6,6813,0.0,0,1,0,0
1,debt_consolidation,0.1863,331.12,9.711817,19.29,705,3013.93,99490,90.5,2,0,0,0
0,credit_card,0.185,147.18,11.944183,24.67,648,4363.82,3864,72.0,2,0,0,0
0,debt_consolidation,0.1893,173.11,10.705624,12.77,621,5117.92,2101,16.2,3,0,0,0
0,debt_consolidation,0.1216,433.77,10.55316,24.55,746,180.0,7549,44.5,1,2,0,0
1,debt_consolidation,0.2123,257.52,11.758369,13.74,673,3978.92,423,37.3,0,0,0,0
1,all_other,0.2107,278.32,11.527007,22.27,693,7540.12,10789,84.3,0,0,1,0
0,credit_card,0.2171,395.15,11.09657,13.97,657,6638.56,6431,30.5,2,0,0,0
0,all_other,0.1826,297.31,11.399316,9.2,656,3808.87,32837,12.2,0,0,0,1
0,small_business,0.1809,116.34,10.225457,25.86,703,5592.59,710,43.5,5,1,0,0
1,credit_card,0.1983,159.75,10.880654,8.54,682,6213.83,37214,16.6,3,0,0,1
1,home_improvement,0.1448,150.8,11.719818,8.08,724,4413.05,14003,74.9,3,0,0,0
1,credit_card,0.1591,230.79,10.516943,3.93,727,6291.22,138198,44.2,3,0,0,0
1,debt_consolidation,0.155,406.71,10.321017,21.34,722,3058.89,8334,12.4,2,0,0,1
1,educational,0.1902,415.02,10.977948,22.97,719,2696.64,18881,25.6,4,0,0,0
1,home_improvement,0.1576,879.47,10.992255,15.17,770,4317.52,30188,33.3,4,0,0,0
1,all_other,0.1716,145.97,11.325019,5.81,669,180.0,422,37.6,1,0,0,1
1,debt_consolidation,0.1873,495.01,10.089327,12.55,708,6793.19,64692,0.0,2,0,0,1
1,debt_consolidation,0.1365,214.48,9.37488,10.51,753,5267.86,8898,12.8,0,1,0,0
1,all_other,0.1234,1168.19,11.491951,5.49,758,4504.56,1431,54.3,3,0,0,0
0,all_other,0.1745,364.38,10.269381,9.23,656,7051.38,9696,83.6,2,0,0,0
1,credit_card,0.1642,261.08,10.557906,16.09,698,6027.78,71239,31.5,1,1,0,0
1,debt_consolidation,0.1168,438.18,9.598226,8.42,762,7719.5,6324,49.1,0,1,0,0
1,all_other,0.137,427.3,11.553977,14.61,729,9009.6,12920,114.1,0,0,0,0
1,debt_consolidation,0.1239,280.02,11.143706,0.34,717,5886.4,445,53.4,2,0,0,0
1,debt_consolidation,0.1431,569.05,11.119219,24.19,702,3260.64,2782,0.0,2,0,0,0
1,debt_consolidation,0.1673,1118.3,11.115108,9.9,695,6872.23,33944,62.7,3,0,0,1
1,home_improvement,0.1718,743.45,9.673301,18.6,721,3268.91,59502,52.7,0,0,0,0
1,all_other,0.1787,355.65,10.329049,13.9,700,3154.36,15330,33.8,2,0,0,0
1,major_purchase,0.1654,1239.85,10.654446,15.38,708,4328.35,27836,13.5,2,0,0,0
1,credit_card,0.124,512.06,10.473267,4.79,713,7955.32,5764,70.2,0,0,1,0
1,credit_card,0.1504,175.94,10.764378,7.35,684,6935.47,11301,0.0,3,0,0,0
0,all_other,0.143,390.14,11.080182,7.51,730,7274.61,2004,34.0,2,2,0,0
1,home_improvement,0.1252,314.49,11.543927,12.77,821,5367.23,4988,36.1,2,1,1,0
0,major_purchase,0.1754,268.98,10.027076,21.75,642,6483.51,10453,25.9,0,0,0,0
0,credit_card,0.1261,456.71,10.92461,15.59,722,6562.2,897,43.3,5,0,0,0
1,debt_consolidation,0.1979,108.79,11.364042,6.39,681,3339.25,504294,10.3,1,0,0,0
1,credit_card,0.1313,1134.11,10.366309,13.2,732,6530.71,3543,62.5,0,0,0,0
1,debt_consolidation,0.1324,567.56,10.812372,12.04,712,5050.16,15312,119.0,1,0,0,0
1,debt_consolidation,0.1474,104.1,11.214597,10.18,739,4047.57,1479,20.3,1,0,0,0
1,credit_card,0.1346,564.64,10.936837,12.49,755,4167.53,87,58.5,0,0,0,0
1,home_improvement,0.1427,511.8,11.341261,17.87,717,3678.94,169376,51.2,1,0,0,0
1,debt_consolidation,0.1366,1037.62,10.987766,7.63,753,4357.68,11970,52.7,2,0,0,0
0,debt_consolidation,0.1774,1260.77,10.739764,10.21,621,5039.72,337,33.2,0,0,0,1
1,small_business,0.1337,1185.54,10.214647,19.38,770,6722.53,2118,47.1,2,0,0,0
1,debt_consolidation,0.1489,311.68,11.080773,15.84,724,8833.22,299426,53.0,1,0,0,1
1,debt_consolidation,0.0967,512.89,10.990983,21.43,751,6481.24,23663,70.1,1,0,0,0
1,credit_card,0.1957,288.7,10.324372,22.51,664,5352.9,176,68.1,1,0,0,0
1,home_improvement,0.1428,744.48,11.285054,3.21,678,180.0,4821,84.1,0,0,0,0
1,all_other,0.1344,81.68,11.703433,14.59,716,11107.32,8163,25.6,0,0,0,1
1,all_other,0.1764,161.13,10.527343,9.1,709,3290.12,25346,52.2,2,0,0,0
1,debt_consolidation,0.1623,284.74,10.486144,4.33,721,3370.94,10780,42.4,0,0,0,0
1,debt_consolidation,0.1392,358.0,10.463869,7.15,751,8220.44,682,71.7,1,0,0,0
0,credit_card,0.1519,426.28,9.906016,10.52,643,2306.97,3968,1.6,1,0,0,0
1,home_improvement,0.1271,895.57,12.152734,10.57,747,5989.46,2562,78.7,2,0,0,0
1,debt_consolidation,0.1516,241.1,10.65618,8.41,710,3902.75,36230,56.2,1,1,0,0
1,debt_consolidation,0.1566,154.9,10.406343,12.51,702,4428.28,4588,81.8,2,0,0,0
0,debt_consolidation,0.2039,311.57,10.242667,29.48,654,5184.27,4501,48.3,0,0,0,1
1,debt_consolidation,0.1872,261.31,10.69334,0.7,729,2075.88,7206,41.7,0,0,0,0
0,debt_consolidation,0.2096,606.65,10.505922,20.45,618,4751.29,2754,27.8,1,1,0,1
1,debt_consolidation,0.134,1077.91,11.807225,12.47,735,7624.88,122240,35.2,0,0,0,0
0,home_improvement,0.2058,1118.81,10.16827,9.58,653,4873.46,65911,0.0,2,0,0,0
1,debt_consolidation,0.1432,805.1,9.991494,0.0,712,13806.43,71032,42.2,0,0,0,1
1,credit_card,0.1057,238.86,11.266588,17.86,705,5289.03,1520,31.6,3,0,0,0
1,all_other,0.1111,320.27,10.864604,2.66,754,2068.53,19214,49.6,3,0,0,0
1,home_improvement,0.1116,483.16,10.794004,18.31,703,3756.14,38606,26.5,1,0,0,0
1,educational,0.1599,224.19,11.271378,24.62,684,223.74,2118,57.1,3,0,0,1
1,debt_consolidation,0.1609,239.63,11.013394,3.75,691,7754.03,1673,43.0,1,0,0,1
1,debt_consolidation,0.1024,460.32,10.901441,20.66,758,9073.66,2237,0.0,3,0,0,0
1,credit_card,0.1298,141.77,10.072556,12.78,730,7167.37,1055,48.3,0,0,0,0
1,debt_consolidation,0.1341,796.51,9.912462,0.0,695,2959.67,58449,70.7,0,0,0,0
1,debt_consolidation,0.1574,289.27,10.502739,4.29,701,2878.88,50357,72.9,1,0,0,0
0,debt_consolidation,0.1658,566.0,10.268537,13.83,650,6901.59,6516,21.0,0,1,0,0
1,small_business,0.1843,459.77,11.094216,15.37,725,3757.64,9876,3.2,1,0,0,0
0,debt_consolidation,0.1894,963.84,9.832784,1.69,643,2908.37,3678,78.5,2,0,0,1
1,all_other,0.1749,88.52,10.657232,12.82,739,2628.84,443663,58.9,3,0,0,0
1,all_other,0.1446,909.28,10.824424,18.28,715,9732.63,5448,18.8,2,0,0,0
1,credit_card,0.1578,912.01,10.90581,19.49,801,3899.67,4692,22.7,1,0,0,0
0,debt_consolidation,0.1749,478.07,11.173368,9.75,668,7139.22,8912,47.7,5,0,0,0
1,small_business,0.1621,555.54,10.73081,15.63,706,6433.94,1334,71.8,1,0,0,0
1,credit_card,0.1735,594.91,10.52283,20.0,778,2938.34,16783,37.2,0,0,0,1
1,all_other,0.0991,187.58,11.689133,18.48,755,5161.36,107112,3.6,2,0,0,0
1,debt_consolidation,0.1565,397.44,10.73478,18.75,684,2557.13,8278,0.0,3,0,0,0
1,home_improvement,0.1185,675.92,11.79567,13.38,719,8679.86,39413,23.2,1,1,0,0
1,credit_card,0.1191,103.81,10.731672,11.95,710,2783.01,475,22.7,1,0,0,0
1,debt_consolidation,0.1096,497.67,10.920076,14.48,721,5973.18,2382,14.4,0,0,1,1
1,debt_consolidation,0.1804,420.52,10.845364,7.33,683,3824.51,12771,87.8,2,0,0,0
1,debt_consolidation,0.1307,572.33,11.071043,20.27,707,2747.75,569,1.4,0,1,0,0
0,debt_consolidation,0.1783,161.95,10.673893,2.04,649,7753.28,18493,25.4,2,1,0,1
1,debt_consolidation,0.1715,232.2,10.988642,9.12,715,3757.06,6681,109.1,0,0,0,0
1,debt_consolidation,0.1575,144.21,11.863797,12.35,727,485.97,17571,23.6,1,0,0,1
1,debt_consolidation,0.1682,145.29,11.5698,15.84,701,6120.78,7539,46.4,0,0,0,0
0,small_business,0.22,747.3,11.574,17.14,649,3291.27,8411,87.9,1,0,0,1
1,home_improvement,0.171,258.59,10.111422,22.87,748,5454.0,169,43.5,1,0,0,0
1,home_improvement,0.1246,230.02,10.210127,13.14,724,7200.3,1906,58.1,1,0,0,1
1,all_other,0.1782,846.34,11.062828,7.65,682,5951.57,24637,27.5,2,1,0,0
1,all_other,0.1554,300.41,11.40015,11.6,699,7282.01,1135,21.7,3,0,0,0
0,debt_consolidation,0.1786,774.84,10.613327,10.4,653,1814.61,2275,0.2,2,0,0,0
1,credit_card,0.1432,180.15,10.504473,16.19,671,8056.15,5437,40.7,1,0,0,0
1,debt_consolidation,0.1543,299.37,11.780244,5.24,690,4316.38,6300,57.9,1,0,0,0
1,all_other,0.1263,194.47,11.348385,11.39,757,1493.38,34399,103.1,0,0,0,0
1,major_purchase,0.1953,592.67,11.575372,23.8,686,180.0,15792,31.3,4,0,0,1
1,small_business,0.137,322.05,10.660715,13.84,734,4289.03,3797,81.6,1,1,0,0
1,debt_consolidation,0.1172,603.64,10.612787,5.33,690,3094.49,704,74.1,0,0,0,0
1,credit_card,0.1517,423.01,11.508823,10.26,719,3133.24,1200000,25.5,1,0,0,1
1,debt_consolidation,0.133,94.79,10.769737,0.0,705,5895.9,11620,47.8,2,0,0,0
1,debt_consolidation,0.1383,309.99,10.557377,12.19,743,9360.68,47189,48.2,0,1,0,0
1,debt_consolidation,0.1781,134.63,10.37295,23.97,690,2805.86,241,6.8,1,0,0,1
0,debt_consolidation,0.1809,504.61,10.61811,4.41,650,5290.08,6036,39.7,1,0,0,0
0,credit_card,0.1711,576.07,11.463801,2.55,657,3640.55,5680,22.6,4,1,0,0
1,debt_consolidation,0.1618,611.45,10.009104,8.09,690,2592.61,5202,40.3,0,0,0,0
1,debt_consolidation,0.194,369.94,11.313722,18.96,663,2520.16,37995,42.3,3,0,0,0
1,educational,0.1256,116.84,10.497987,24.36,726,9165.71,7159,45.5,3,0,0,0
1,all_other,0.1786,457.03,10.801717,15.69,692,5093.18,5502,29.5,2,0,0,0
1,debt_consolidation,0.0953,466.12,10.84079,3.73,800,4584.78,10706,16.2,3,1,0,0
0,all_other,0.1976,356.56,10.795346,12.45,644,3346.77,11390,0.0,0,0,0,0
1,all_other,0.1214,386.48,10.754852,24.95,718,5228.09,1576,73.9,3,0,0,0
1,all_other,0.1861,106.37,10.658943,10.45,667,3464.94,53318,47.6,4,0,0,0
1,all_other,0.1624,404.16,10.581431,13.57,691,9885.09,4336,76.6,2,0,0,1
1,small_business,0.1706,361.78,11.735062,14.26,715,5689.53,9273,42.4,0,0,0,0
0,debt_consolidation,0.2147,177.46,10.94528,1.93,622,5408.65,119961,46.3,1,0,0,0
1,all_other,0.1354,537.57,10.853172,19.49,719,5352.02,1143566,38.9,3,0,0,0
1,debt_consolidation,0.123,258.15,10.536762,18.49,782,8329.52,23132,36.2,2,0,0,0
1,small_business,0.1846,467.19,10.681154,0.0,693,5004.82,674,53.7,1,1,0,0
1,debt_consolidation,0.1454,530.12,10.538886,3.42,720,3868.83,6914,38.1,3,0,0,1
1,debt_consolidation,0.1527,479.12,11.39686,5.91,749,5462.65,170237,74.8,2,0,0,0
1,educational,0.1652,151.53,10.470305,17.76,704,7038.35,7564,87.1,2,0,0,0
1,all_other,0.1542,291.5,9.55979,7.42,688,8017.41,41468,84.6,2,0,1,1
0,debt_consolidation,0.2198,1336.3,10.965568,15.37,624,5597.53,40523,91.7,1,1,0,0
1,debt_consolidation,0.1563,1016.12,10.759572,11.35,734,5633.44,3547,13.7,0,0,0,0
1,debt_consolidation,0.1408,671.23,10.572669,13.09,706,7541.85,226012,81.8,0,0,0,0
0,educational,0.1559,463.28,11.486049,16.02,672,180.0,21728,49.5,5,0,0,0
1,all_other,0.1493,189.68,9.262553,14.48,715,5280.52,10483,49.9,1,0,0,0
1,debt_consolidation,0.1747,350.38,11.891509,12.47,688,3598.93,8418,26.1,0,0,0,0
1,all_other,0.1206,270.53,11.573353,14.86,690,5205.11,1677,36.1,0,0,0,1
1,debt_consolidation,0.1295,347.08,10.546888,14.1,733,5949.26,3093,0.0,1,0,0,0
0,debt_consolidation,0.1673,141.14,10.655022,11.15,659,8172.51,2129,63.1,4,1,1,0
1,small_business,0.1241,712.84,11.237676,9.62,750,1598.73,415972,41.1,0,0,0,0
0,debt_consolidation,0.1593,58.59,11.254042,25.58,657,3261.83,57481,32.0,1,1,0,0
1,small_business,0.1849,725.42,10.543332,9.55,685,2836.37,2175,85.7,1,0,0,1
1,home_improvement,0.1133,664.43,9.943766,22.03,783,3542.86,208830,47.3,2,0,0,0
1,debt_consolidation,0.1283,1176.42,12.219353,7.87,753,1634.47,97146,20.2,3,1,0,0
1,credit_card,0.1265,307.88,11.513236,18.19,714,10403.6,3912,46.5,0,0,0,0
1,credit_card,0.1678,270.16,11.02568,24.91,674,7236.84,25586,96.7,2,0,0,0
1,all_other,0.1348,403.69,11.037223,10.27,690,3121.53,3675,43.2,1,0,0,1
1,all_other,0.1837,588.15,11.309003,7.99,713,5098.75,56398,70.4,3,0,0,0
1,debt_consolidation,0.1903,376.56,11.382049,9.64,711,3973.13,24041,26.1,2,0,0,0
1,debt_consolidation,0.1478,165.13,9.657316,12.47,707,5450.31,5554,61.3,2,0,0,0
1,credit_card,0.1339,547.91,10.715968,14.82,709,3140.67,1510,53.0,2,0,0,1
1,debt_consolidation,0.1766,393.39,10.652554,12.32,702,1252.42,9861,47.0,2,1,0,0
0,debt_consolidation,0.1925,198.65,10.831525,9.7,655,3629.39,24014,32.8,0,0,0,0
1,all_other,0.2024,130.77,11.400184,26.09,690,8513.3,87601,38.8,0,0,0,1
1,debt_consolidation,0.183,1270.61,9.838051,11.22,745,1347.54,29926,0.0,2,0,0,0
0,home_improvement,0.1388,668.17,10.107023,8.32,658,7802.81,48155,0.2,2,0,0,0
1,home_improvement,0.1822,586.75,10.514136,18.33,703,6459.87,3285,1.8,1,0,0,0
1,home_improvement,0.1654,357.51,11.024151,18.44,679,4060.91,462,2.8,1,0,1,0
1,debt_consolidation,0.1651,627.79,11.437597,22.35,714,6935.15,730,38.7,1,0,0,0
1,all_other,0.1782,188.84,11.925107,25.9,695,5581.54,6860,32.4,1,1,0,0
1,home_improvement,0.1454,433.14,10.755324,14.99,766,180.0,3175,16.4,3,0,0,0
1,debt_consolidation,0.1674,460.6,11.436593,10.61,729,4048.65,8983,81.8,1,0,1,0
1,credit_card,0.1672,189.21,11.363199,0.0,660,4121.9,35389,39.0,1,0,0,0
0,all_other,0.1251,340.17,11.260418,6.13,736,8672.5,29855,72.7,5,0,0,0
1,debt_consolidation,0.1927,301.45,10.915189,14.04,681,4057.94,257,4.1,2,0,0,0
1,debt_consolidation,0.1484,221.62,10.686286,4.45,688,4532.84,678587,59.1,0,1,0,0
1,credit_card,0.1877,274.09,10.280106,1.66,722,2156.92,20458,75.4,2,0,1,0
1,debt_consolidation,0.1492,114.67,10.239728,13.05,691,4901.76,17380,58.4,0,0,0,0
1,small_business,0.148,795.62,11.14172,17.96,744,2087.78,8626,33.9,3,0,0,0
1,all_other,0.1651,1156.14,10.896802,10.9,681,7775.1,6990,38.6,1,0,0,0
1,debt_consolidation,0.1359,194.33,10.67654,18.79,686,4008.66,63604,56.7,2,0,1,1
1,credit_card,0.1364,808.91,11.335533,16.85,685,2081.78,2304,48.5,2,0,0,0
1,all_other,0.1836,388.61,10.807702,20.53,689,8123.77,17867,78.5,2,1,0,0
1,debt_consolidation,0.1026,351.76,10.372961,27.6,752,1794.91,123699,19.5,1,0,0,0
1,educational,0.1955,163.15,10.767436,30.0,734,5698.37,14821,74.7,1,1,0,0
0,credit_card,0.1248,247.57,11.430584,17.65,775,1341.79,24864,55.4,5,1,0,0
1,all_other,0.0966,509.95,10.305657,9.43,796,5792.55,1156,52.6,1,1,1,0
1,home_improvement,0.1819,200.31,11.057659,13.03,671,7728.88,41048,41.6,2,0,0,0
1,all_other,0.1053,211.62,10.89619,23.46,713,3439.47,19751,77.6,2,0,0,0
1,all_other,0.1695,273.06,10.465906,6.44,665,2110.52,9317,21.2,1,0,0,1
1,debt_consolidation,0.1653,35.67,10.751055,22.59,680,2188.32,34716,13.5,2,1,0,1
1,debt_consolidation,0.1414,471.35,9.971273,11.43,686,4921.59,1755,47.6,2,0,0,1
1,all_other,0.1613,601.71,10.996881,14.17,670,9880.0,195236,26.9,1,0,0,0
1,all_other,0.2044,527.85,10.097513,7.03,670,7729.9,1118753,55.4,1,0,0,0
1,credit_card,0.1618,745.89,11.584187,3.47,705,7986.2,4181,101.9,3,0,0,0
1,all_other,0.1846,291.65,10.873897,10.68,664,2385.21,71772,49.1,2,0,1,0
1,all_other,0.1258,1172.22,10.581194,21.59,742,7802.29,8690,52.6,3,0,0,0
1,home_improvement,0.1452,208.48,11.637941,7.76,675,7527.67,1527,92.7,0,0,0,0
1,educational,0.1029,302.89,10.300572,23.73,817,5822.51,87161,58.0,2,0,0,0
1,debt_consolidation,0.1144,287.41,10.473913,8.65,693,3481.12,6945,77.6,1,0,0,0
1,small_business,0.1476,430.52,9.81416,5.23,713,7490.48,29112,39.0,3,0,0,1
1,home_improvement,0.1529,321.94,11.728799,14.35,661,3365.35,232508,45.2,2,0,0,1
1,debt_consolidation,0.0859,321.71,12.072448,17.29,775,6703.05,25450,27.4,3,0,0,1
1,debt_consolidation,0.1495,235.65,9.909108,13.9,753,4108.24,15277,60.0,4,0,0,0
1,debt_consolidation,0.1483,278.28,10.432379,13.64,721,2596.21,2354,60.7,1,1,0,0
0,credit_card,0.1665,81.22,10.972586,23.66,659,4046.86,2367,67.5,5,0,1,0
1,all_other,0.1657,679.78,10.615427,13.25,718,9979.76,8795,59.2,1,0,0,0
1,all_other,0.1424,183.43,10.910898,9.35,667,2145.27,5964,42.7,2,0,0,0
1,credit_card,0.1038,251.73,10.858265,4.78,766,7538.8,32476,62.8,2,1,0,0
1,debt_consolidation,0.1643,184.25,11.178607,21.39,741,7160.66,1915,89.6,1,0,0,0
1,debt_consolidation,0.1997,605.43,10.343811,9.66,714,4599.04,3164,50.6,2,0,0,0
0,small_business,0.22,285.57,11.047522,10.34,617,3679.75,8582,8.3,1,0,0,1
0,educational,0.182,71.7,10.249162,19.86,673,1939.15,12761,18.3,5,0,0,0
1,credit_card,0.1326,450.25,10.678767,26.77,736,8281.54,12009,53.9,0,0,0,1
1,debt_consolidation,0.124,216.57,9.870582,14.33,756,2085.85,8001,21.9,1,1,0,0
1,debt_consolidation,0.1415,368.55,10.683226,11.65,752,180.0,3118,32.4,2,0,0,0
0,debt_consolidation,0.2104,738.28,10.58063,12.56,650,5829.86,27643,31.6,1,0,0,0
1,all_other,0.1595,192.5,11.505583,9.46,721,1683.1,72564,58.5,2,0,1,0
1,debt_consolidation,0.1575,369.79,10.893851,10.14,749,4785.68,17969,93.0,1,0,0,0
0,small_business,0.1809,230.69,11.004727,10.18,647,1700.49,4324,3.8,0,0,0,0
1,credit_card,0.1682,776.06,10.916304,18.88,710,3606.7,510,76.7,0,0,1,0
1,all_other,0.138,393.96,9.631244,11.99,720,5233.52,155775,75.4,2,0,0,0
1,debt_consolidation,0.1637,380.35,9.711863,21.98,699,5738.85,8270,54.7,0,0,0,0
0,debt_consolidation,0.1997,170.46,10.735607,11.8,640,8406.93,90691,41.0,0,0,0,0
1,all_other,0.1507,641.69,11.099922,10.07,698,5063.49,151301,69.1,0,0,0,0
1,credit_card,0.141,691.73,10.786732,21.42,698,5327.93,39572,48.6,2,1,0,0
1,debt_consolidation,0.1659,226.79,10.402924,12.75,704,4460.46,50391,42.3,0,0,0,0
1,home_improvement,0.1627,429.91,10.783409,11.73,689,7369.88,44368,0.0,0,0,0,0
1,debt_consolidation,0.1663,585.52,10.730478,12.83,693,2232.43,7678,60.3,1,0,0,1
1,debt_consolidation,0.1699,1247.67,11.405192,22.72,708,3966.08,1742,87.5,0,0,0,1
1,educational,0.1744,515.94,11.371042,14.71,727,5056.8,39215,6.5,2,0,0,0
1,debt_consolidation,0.1746,392.37,10.592417,21.22,698,2794.58,946,21.3,2,0,0,0
1,debt_consolidation,0.1737,351.52,10.899546,10.98,694,8549.44,5835,33.4,2,0,0,0
1,all_other,0.1441,351.53,11.098482,20.12,714,5856.27,3931,38.9,2,0,0,0
0,debt_consolidation,0.1818,678.3,11.189033,14.24,637,1995.84,27361,26.2,0,0,0,1
1,debt_consolidation,0.1569,206.5,11.938085,18.69,728,6080.85,15875,83.7,1,0,0,0
1,debt_consolidation,0.1486,726.97,10.91283,19.27,710,8335.24,3918,104.8,1,0,0,0
1,debt_consolidation,0.164,131.47,11.642934,6.1,712,3260.81,5573,53.4,1,0,0,0
1,all_other,0.1229,581.63,10.222349,13.1,747,8464.06,251009,27.7,3,0,0,0
0,debt_consolidation,0.22,809.32,10.541019,19.2,636,5702.25,3117,51.6,3,0,0,0
0,credit_card,0.1935,708.37,9.627147,20.3,635,5564.21,8158,14.4,1,0,0,1
1,small_business,0.169,470.57,11.022297,21.25,720,8055.98,27623,40.8,3,0,0,1
1,debt_consolidation,0.1462,497.22,11.32499,13.32,710,5569.28,12242,62.8,2,0,0,0
1,debt_consolidation,0.1915,303.61,9.371215,23.23,716,6035.72,28983,65.9,3,0,0,1
1,debt_consolidation,0.1389,169.83,11.044855,8.07,692,5290.73,63440,63.1,2,0,0,0
1,debt_consolidation,0.1306,439.32,11.298568,2.29,735,675.52,109410,33.3,1,1,0,0
1,debt_consolidation,0.1572,401.99,11.263815,10.68,745,6088.8,11757,50.7,4,0,0,0
1,home_improvement,0.1526,726.5,10.200525,20.85,728,5690.4,20920,36.7,0,0,0,0
1,debt_consolidation,0.1489,342.93,11.401603,5.11,700,4109.92,15309,72.4,0,0,1,0
0,all_other,0.1809,442.53,10.935676,2.46,630,180.0,2611,59.0,1,0,2,0
1,credit_card,0.137,455.2,11.290533,0.73,739,6615.19,14944,95.0,1,0,0,0
1,home_improvement,0.1372,555.86,10.853227,17.68,756,2909.12,784,56.4,0,0,0,0
1,debt_consolidation,0.1762,764.12,11.162433,2.61,734,2243.11,19928,22.1,1,0,0,0
1,debt_consolidation,0.1829,203.65,11.606634,16.39,677,2005.33,361,11.8,0,0,0,0
1,educational,0.1647,632.61,10.805547,10.34,736,180.0,2246,51.5,1,1,0,1
1,debt_consolidation,0.1324,325.9,11.103304,7.28,743,6214.28,42985,0.0,1,0,0,0
1,credit_card,0.1397,585.94,11.692359,5.71,769,10950.05,23024,35.1,1,0,0,0
1,credit_card,0.1397,1051.87,10.84873,14.02,677,3610.26,10642,30.0,0,0,0,0
1,all_other,0.1636,88.35,10.243508,7.4,701,7112.52,5320,23.6,2,0,0,0
1,debt_consolidation,0.1457,881.85,11.342386,12.57,738,4825.97,2743,50.9,0,0,0,0
1,debt_consolidation,0.1914,369.77,11.805275,15.37,712,5749.35,4385,16.8,4,0,0,1
1,all_other,0.206,225.19,11.716158,16.83,668,4893.47,32739,1.0,1,0,0,1
1,all_other,0.1435,276.59,11.366143,19.05,726,7015.78,7285,61.1,1,0,1,0
1,credit_card,0.1297,178.96,9.500064,13.74,732,2039.6,389,36.2,2,1,1,0
1,credit_card,0.1388,532.38,10.542142,5.35,713,5308.9,1525,56.5,2,0,0,0
0,small_business,0.1614,186.73,10.573394,15.81,718,7897.04,2984,51.9,0,2,0,1
1,educational,0.1864,926.93,10.95737,17.13,700,6812.91,7166,62.2,0,1,0,0
0,credit_card,0.139,605.91,11.959842,11.35,766,5875.86,6839,53.0,0,2,0,0
1,debt_consolidation,0.1816,464.62,10.27087,10.61,676,5303.79,2019,63.7,2,0,0,1
1,debt_consolidation,0.182,95.34,12.297743,29.68,688,4157.82,29256,96.0,0,0,0,0
1,all_other,0.136,147.28,10.69678,3.68,710,4178.16,460,56.5,0,0,0,0
1,all_other,0.1269,346.89,10.46219,16.01,743,1176.73,3315,63.1,0,0,0,0
0,debt_consolidation,0.192,394.89,11.445575,19.82,653,6317.95,38385,50.1,0,1,0,0
1,all_other,0.1628,745.36,11.493826,10.25,660,8472.07,25950,0.0,2,0,0,0
0,debt_consolidation,0.16,50.06,11.326468,11.44,633,5795.1,7101,42.9,1,0,0,1
1,debt_consolidation,0.1338,217.8,10.460632,9.83,711,5101.56,49119,85.8,2,0,0,0
1,home_improvement,0.1959,726.26,11.236237,12.6,668,6557.69,16594,61.0,0,1,0,0
1,all_other,0.1552,301.65,10.29953,18.81,695,180.0,12245,32.9,1,0,0,0
1,all_other,0.1492,273.07,10.44368,11.23,735,3792.05,28602,57.7,2,0,0,0
1,all_other,0.146,121.97,10.872129,30.0,686,4875.37,20953,14.7,4,0,0,0
1,all_other,0.1594,806.09,10.429822,9.48,719,793.08,92106,66.9,3,0,0,0
1,debt_consolidation,0.1555,272.13,11.572176,22.1,699,5461.23,7036,32.8,3,0,0,0
0,all_other,0.1531,818.89,10.577318,16.35,736,433.12,7416,51.9,5,0,0,1
1,debt_consolidation,0.1382,1040.32,10.795522,13.35,728,6787.81,14987,17.4,0,0,0,0
1,credit_card,0.1777,991.07,10.393079,22.75,684,5624.64,11318,53.2,1,0,0,0
1,debt_consolidation,0.1481,369.67,11.562942,1.56,704,4582.86,213418,0.0,2,0,0,0
1,educational,0.1363,264.97,10.523663,15.53,750,6963.59,25312,34.4,1,0,0,0
1,credit_card,0.1437,255.31,11.626627,7.66,725,5427.58,3439,24.8,0,0,0,0
0,all_other,0.1803,1265.86,11.581812,9.59,657,6248.47,1007,25.8,2,0,0,0
1,debt_consolidation,0.1502,326.99,10.657976,9.27,735,5768.87,135087,0.0,1,0,0,0
1,debt_consolidation,0.1645,808.83,10.948097,5.95,669,2909.99,6002,26.9,2,0,0,0
1,credit_card,0.1292,516.0,10.641038,1.2,764,8980.66,18564,54.5,1,0,0,0
1,credit_card,0.1421,281.1,11.26289,15.28,749,8174.35,10618,21.0,2,0,0,0
1,credit_card,0.1611,322.62,10.811373,12.15,721,6131.77,39751,60.3,1,0,0,1
1,small_business,0.1667,888.77,10.675337,10.53,716,5435.92,4515,72.9,2,0,0,0
1,all_other,0.1418,383.09,10.958169,17.84,702,6935.83,13229,55.4,1,0,0,0
1,credit_card,0.1459,274.38,9.964848,15.72,736,8210.38,4569,58.0,4,0,0,0
1,all_other,0.1756,223.42,10.883733,10.76,696,9820.14,937073,54.6,0,1,0,0
1,all_other,0.1252,457.94,11.326263,30.0,719,3706.23,3280,62.6,1,0,0,0
1,all_other,0.1146,251.12,11.014213,19.62,743,7674.54,26803,27.3,0,1,0,0
0,credit_card,0.1521,576.32,11.510511,29.47,689,4841.99,1037830,21.9,5,0,0,1
0,debt_consolidation,0.1624,1234.65,10.699848,9.74,687,1037.1,63436,22.6,5,0,0,0
1,debt_consolidation,0.1322,531.32,10.649833,14.32,665,7155.16,10572,66.2,0,0,0,1
1,debt_consolidation,0.1854,1274.84,10.248435,4.06,670,8728.36,14287,22.2,0,0,0,0
0,major_purchase,0.1833,240.85,10.682496,10.32,641,7492.57,2980,38.1,0,0,0,0
1,all_other,0.0963,566.62,12.129195,8.57,738,4637.27,160783,34.2,0,0,0,0
1,debt_consolidation,0.1026,853.22,11.098081,30.0,779,6028.82,7621,51.8,1,0,1,0
1,debt_consolidation,0.1256,962.12,10.572823,7.82,764,6807.13,9724,64.7,0,0,0,0
0,all_other,0.1483,926.18,10.316253,10.99,648,6492.4,2683,64.7,2,0,0,0
1,small_business,0.1777,398.78,9.954896,2.57,738,8135.2,6636,0.0,1,0,0,0
1,educational,0.1353,692.33,10.42346,16.28,764,7417.46,12143,56.7,2,0,0,0
1,home_improvement,0.1771,193.19,11.393108,6.39,693,3612.93,62515,45.3,2,0,0,1
1,home_improvement,0.1335,1140.87,10.669511,18.94,714,5126.2,16748,51.6,1,0,0,1
0,debt_consolidation,0.1983,208.25,10.345515,0.26,634,3798.06,63063,36.8,3,0,0,0
1,debt_consolidation,0.1382,897.09,10.412608,11.76,720,5463.07,283,23.4,0,0,0,0
1,all_other,0.1701,809.73,11.326183,0.0,670,387.86,102857,74.7,2,0,0,1
1,credit_card,0.1594,794.14,10.88043,9.22,718,9880.63,1279,40.7,2,0,1,0
0,debt_consolidation,0.181,1267.09,10.547405,10.62,651,3110.79,37447,82.0,0,0,0,0
1,credit_card,0.1626,806.25,10.741883,8.47,731,3777.11,76,45.7,1,0,0,0
1,debt_consolidation,0.1411,147.93,12.275589,9.15,749,5266.87,12150,46.4,0,0,0,0
1,debt_consolidation,0.1601,581.21,11.67397,19.3,680,1615.77,49822,26.5,0,0,0,0
1,debt_consolidation,0.1921,107.14,11.825861,27.6,667,4221.54,2847,46.2,1,0,0,0
0,home_improvement,0.2139,388.68,9.861217,14.94,628,5481.51,11584,73.4,3,0,0,0
1,credit_card,0.1622,287.0,10.837828,6.67,700,9181.63,48155,42.9,0,0,0,0
1,all_other,0.1925,628.77,10.536679,13.04,688,5415.22,35415,52.7,1,0,0,0
0,home_improvement,0.1777,221.56,11.261743,10.16,651,4045.89,902,93.9,2,0,0,0
1,home_improvement,0.1457,216.33,11.576482,18.74,727,2245.91,54082,12.0,1,0,0,0
1,debt_consolidation,0.1636,548.92,11.12912,14.59,693,10405.77,168361,19.7,3,0,0,0
1,home_improvement,0.1718,889.73,10.397793,1.71,669,5251.73,76428,55.7,1,0,0,0
1,debt_consolidation,0.1591,384.77,10.526782,20.18,689,5266.05,1527,0.0,0,0,0,0
1,all_other,0.1232,1167.86,11.308548,19.27,751,1631.31,1926,61.8,0,0,0,0
1,debt_consolidation,0.1257,288.05,11.369245,22.92,733,6371.84,12354,23.7,1,0,0,0
1,all_other,0.1604,619.21,11.015981,9.04,705,3589.82,27912,33.8,0,1,0,1
0,all_other,0.1691,494.57,11.009172,14.68,734,8739.18,44067,71.5,1,2,0,0
1,debt_consolidation,0.192,316.29,10.960575,4.43,666,6220.97,3081,10.5,1,0,0,0
1,all_other,0.1632,967.32,11.094149,12.25,711,5372.52,9711,0.0,2,0,1,0
1,credit_card,0.1782,211.51,11.366736,15.34,716,1752.99,2954,0.0,3,0,1,0
1,all_other,0.1644,90.48,11.314401,8.21,692,4814.52,2185,55.2,1,0,0,0
1,debt_consolidation,0.1285,336.68,10.944387,14.96,727,4525.46,20956,71.3,1,0,1,0
1,debt_consolidation,0.1624,322.35,10.90008,13.76,680,5367.42,9726,15.8,0,1,0,1
1,debt_consolidation,0.1461,793.5,10.876748,9.5,729,180.0,22668,77.8,1,0,0,1
1,home_improvement,0.1362,155.02,10.453998,22.24,731,2786.08,4382,45.0,1,0,0,0
0,small_business,0.22,602.7,10.446253,10.98,612,3820.3,31936,47.9,2,0,0,0
1,debt_consolidation,0.1544,505.75,11.261813,13.52,755,6310.51,1801,73.6,2,0,0,0
0,credit_card,0.1654,485.7,10.49515,2.48,612,233.99,5278,0.0,0,0,1,0
1,all_other,0.1633,802.36,11.4265,16.18,687,8514.3,1862,65.4,1,0,0,0
1,educational,0.0803,337.33,10.898681,9.31,749,8164.92,17244,0.0,3,0,0,0
1,debt_consolidation,0.1595,398.57,11.429953,19.2,698,2573.99,198788,0.0,1,0,0,0
0,all_other,0.179,541.2,11.318545,3.55,654,11232.58,19729,4.0,2,0,0,0
1,all_other,0.2103,383.86,11.444187,15.57,668,5655.87,9295,63.3,3,0,1,1
1,debt_consolidation,0.1679,150.78,10.639417,0.0,749,4787.61,7975,65.0,2,0,0,0
0,debt_consolidation,0.2074,308.08,11.179429,16.85,637,6545.23,4324,71.1,2,0,0,0
0,debt_consolidation,0.1174,301.94,11.380112,11.39,753,6105.24,64105,44.3,1,2,0,0
1,all_other,0.1364,250.89,9.983691,15.36,708,5353.01,21143,34.4,1,0,0,0
1,credit_card,0.1542,305.63,11.968033,8.46,665,2348.69,752,59.8,3,0,0,1
1,credit_card,0.1963,458.62,12.312231,6.05,688,3967.05,62397,40.9,1,0,0,0
1,debt_consolidation,0.1552,315.31,11.507846,9.6,671,5953.24,2717,51.1,1,0,0,0
1,small_business,0.1483,687.71,11.421587,13.92,743,7145.29,3830,42.9,1,0,0,1
1,debt_consolidation,0.1253,672.86,11.289143,16.58,738,8658.91,20820,43.4,1,0,0,0
0,educational,0.16,72.74,10.732706,14.7,645,3916.98,4200,104.0,2,1,0,1
1,debt_consolidation,0.1693,142.86,10.862796,6.14,695,5258.1,395743,71.2,1,0,0,0
1,home_improvement,0.1738,72.82,11.518287,25.28,677,3409.22,7468,58.9,3,0,0,0
1,small_business,0.1044,293.25,10.336338,14.9,759,7794.61,30123,33.9,2,0,0,0
0,home_improvement,0.1528,300.89,10.282963,8.31,659,4281.66,924,46.8,0,0,0,0
0,home_improvement,0.1336,411.74,10.687629,15.53,771,3590.19,4080,73.5,5,1,0,0
1,debt_consolidation,0.1549,688.6,11.330314,14.37,709,5214.89,8871,50.3,1,0,0,0
1,credit_card,0.1677,377.26,10.401779,11.39,666,877.42,53901,33.4,2,0,0,1
1,all_other,0.1797,259.19,10.792496,10.58,684,6412.61,1955,0.0,4,0,0,0
1,all_other,0.1405,372.97,10.864928,19.4,680,4285.48,74540,34.4,2,0,0,0
1,educational,0.1656,274.29,10.31276,24.52,662,11978.92,13410,64.9,3,0,0,0
1,debt_consolidation,0.1645,137.58,9.441742,0.0,714,3514.5,18470,8.5,0,0,0,0
1,all_other,0.1641,756.18,10.303827,21.09,663,4391.66,3319,87.5,1,0,0,0
0,small_business,0.2145,558.11,11.089141,12.74,627,7603.1,2335,52.2,3,1,0,0
1,debt_consolidation,0.1393,1029.75,11.226548,14.23,696,7015.0,336,85.7,1,0,0,0
0,debt_consolidation,0.1705,164.16,11.231561,21.93,641,7649.79,17668,42.7,1,1,0,0
1,debt_consolidation,0.1333,119.57,11.301839,0.0,681,4360.66,29840,0.0,1,0,0,0
1,credit_card,0.1305,191.54,10.547899,18.22,675,2192.56,6130,33.5,3,0,0,0
1,small_business,0.1762,520.04,10.417228,21.45,677,11730.43,868,25.6,1,0,0,0
1,debt_consolidation,0.1307,673.06,11.158785,7.85,786,6350.82,4493,19.9,1,0,0,0
1,all_other,0.1527,465.07,10.800832,2.98,712,5624.26,19870,58.6,2,0,0,0
1,all_other,0.1751,434.29,11.483318,23.92,719,7074.56,14683,18.3,1,0,0,0
0,credit_card,0.1786,717.82,11.162638,0.48,642,1801.97,32053,2.8,2,0,0,1
1,credit_card,0.1247,265.17,11.713131,15.49,685,3918.91,822,26.2,3,0,0,0
1,major_purchase,0.1592,804.69,10.646023,19.66,718,2452.5,5722,68.6,1,0,0,0
1,debt_consolidation,0.1519,1216.55,11.581196,15.34,671,5477.28,9318,36.7,0,0,0,0
1,debt_consolidation,0.1427,178.35,12.171152,16.5,745,1614.69,30123,18.1,1,0,0,0
1,all_other,0.1309,308.9,10.962783,10.77,664,6744.42,4166,32.4,1,0,0,0
1,all_other,0.1553,144.4,11.234577,15.79,699,8018.84,25741,75.8,0,0,0,1
1,all_other,0.1799,201.18,10.362378,7.71,688,7926.84,2395,58.2,2,0,0,0
1,debt_consolidation,0.1648,509.58,11.475374,8.61,716,6161.04,15478,59.5,2,0,0,1
1,debt_consolidation,0.1617,118.45,11.618725,12.85,686,5540.56,6842,57.7,0,0,0,1
1,major_purchase,0.1594,222.63,10.628384,1.98,700,4015.04,6233,0.0,1,0,0,0
1,debt_consolidation,0.15,792.76,11.287557,16.58,701,6181.36,519709,40.4,1,0,0,0
1,all_other,0.1625,451.24,11.101088,0.0,682,4785.47,6421,73.2,2,0,0,0
1,credit_card,0.1603,658.58,11.168379,15.1,728,385.9,5561,0.0,1,0,0,0
1,debt_consolidation,0.1369,150.49,11.425332,15.75,719,3518.14,1119,0.0,3,0,0,0
1,debt_consolidation,0.1442,394.33,11.246529,7.12,707,7040.76,53325,12.6,1,0,0,0
1,debt_consolidation,0.1315,1181.82,10.845217,4.09,694,2245.66,4584,22.2,3,0,0,0
1,all_other,0.1553,240.36,11.438311,9.78,740,2196.53,10392,45.0,2,0,0,1
0,debt_consolidation,0.1536,270.82,11.608232,17.01,701,4560.76,2833,6.2,2,2,0,0
1,all_other,0.136,558.53,10.591941,14.99,698,180.0,21273,58.4,1,0,0,1
1,debt_consolidation,0.1705,207.86,10.928903,4.93,714,6883.99,48617,108.5,0,0,0,0
1,debt_consolidation,0.1251,604.64,9.851097,13.33,774,6662.95,88772,27.2,2,0,0,0
0,debt_consolidation,0.1629,109.78,11.285995,14.41,659,7427.93,9076,2.9,3,0,0,0
1,debt_consolidation,0.1596,70.36,11.676102,14.12,739,5613.1,4232,31.4,1,1,0,0
0,debt_consolidation,0.1804,493.07,10.77305,5.79,638,2927.79,3813,59.5,0,0,0,1
1,major_purchase,0.1198,182.92,11.011396,13.67,718,1984.85,11251,48.2,2,0,0,0
1,debt_consolidation,0.147,254.1,10.795681,18.93,770,6437.39,16413,65.2,1,0,0,0
1,all_other,0.1295,680.27,10.695823,16.31,729,6848.59,26130,35.7,1,0,0,0
1,all_other,0.2125,640.09,11.071624,15.44,716,2268.08,2822,53.3,0,1,0,0
1,credit_card,0.1553,161.8,10.451612,23.93,689,1933.31,13562,118.2,3,1,0,0
0,all_other,0.1141,518.29,10.786481,13.76,711,5012.42,2141,32.2,0,2,0,0
1,debt_consolidation,0.1944,326.93,10.378224,6.79,700,5401.5,8891,43.5,2,0,0,0
1,all_other,0.1672,520.15,11.289337,6.81,680,7397.18,102027,56.9,1,0,0,1
1,debt_consolidation,0.1649,381.77,11.075935,13.81,699,6715.96,7594,116.3,1,0,0,0
1,credit_card,0.1588,134.02,10.666945,2.68,718,4859.92,2657,68.7,1,0,0,0
1,debt_consolidation,0.1406,227.12,10.952618,10.45,681,7648.77,19164,46.9,1,0,0,0
1,credit_card,0.1254,67.66,10.795358,15.8,679,4186.15,45759,30.5,4,0,0,0
0,all_other,0.2173,473.8,11.627776,20.68,658,4288.62,3197,82.9,0,0,0,1
1,credit_card,0.1168,477.44,10.660982,1.95,725,7180.66,1251,41.4,2,1,0,0
1,debt_consolidation,0.1781,240.87,11.317377,13.28,731,7453.9,2983,88.1,1,0,1,1
1,credit_card,0.1613,355.28,10.499824,12.13,719,7519.32,5413,36.2,4,0,1,0
1,credit_card,0.1417,189.5,11.426685,12.86,747,4611.27,124122,26.6,1,0,0,0
1,all_other,0.1441,906.07,11.562756,13.58,713,5239.04,1157,1.6,1,0,0,0
1,debt_consolidation,0.1942,163.93,11.591549,12.38,725,2894.12,727,58.7,0,1,0,0
1,debt_consolidation,0.1356,298.82,11.82732,22.21,722,7309.87,16900,0.0,1,0,0,0
1,debt_consolidation,0.1429,151.28,11.108391,21.18,707,3581.73,3502,80.2,2,0,0,0
1,credit_card,0.1773,464.34,11.685147,27.39,690,180.0,2239,2.2,3,0,0,0
1,debt_consolidation,0.1036,733.82,11.92075,12.53,794,3957.34,30932,0.0,3,0,0,0
1,credit_card,0.1422,87.69,10.245548,9.77,693,2920.54,12656,42.5,1,0,0,0
1,credit_card,0.1649,612.01,10.562025,5.92,685,180.0,54641,71.5,1,0,0,1
1,credit_card,0.1614,1207.27,10.017623,9.02,726,3626.3,35428,40.4,2,0,0,0
1,credit_card,0.1879,437.55,11.577298,17.53,720,7016.14,1583,66.0,2,0,0,0
0,all_other,0.22,260.47,10.009795,18.59,657,6094.22,745,53.1,0,0,0,1
1,all_other,0.0997,343.51,9.844296,17.26,753,6089.53,65551,63.7,1,0,0,0
1,debt_consolidation,0.1775,268.97,10.26059,8.02,706,8624.21,8965,89.6,2,0,0,0
1,home_improvement,0.1541,1220.33,9.86963,8.05,668,3612.87,1200000,23.4,2,0,0,1
1,educational,0.1159,647.95,11.096016,26.1,755,2196.52,51390,48.4,3,0,0,0
1,all_other,0.1333,695.48,10.268429,6.86,734,6294.9,98123,0.0,2,0,0,0
1,major_purchase,0.1644,1238.11,9.898927,22.37,662,5952.68,2414,83.6,3,0,0,0
1,educational,0.1029,908.41,10.904457,15.39,778,1894.42,9566,34.0,0,1,0,0
1,all_other,0.0971,322.82,10.940438,7.55,735,4619.73,39890,45.5,1,0,0,0
1,credit_card,0.1838,404.64,9.789432,4.43,710,6406.25,9560,34.5,0,0,0,0
1,all_other,0.1458,1206.1,10.494642,7.85,770,5746.99,11964,24.2,1,0,0,1
1,debt_consolidation,0.1518,226.56,10.88447,15.48,716,6889.69,16147,65.8,1,0,0,0
1,debt_consolidation,0.136,329.64,10.712338,6.32,709,3379.55,3435,60.4,2,0,0,0
1,all_other,0.1908,197.53,10.729015,23.33,685,1513.94,2661,27.8,2,0,0,0
0,home_improvement,0.1437,105.25,11.649365,11.17,732,2776.71,8158,94.2,1,2,0,0
0,debt_consolidation,0.1353,200.6,12.239392,17.43,728,7220.89,5635,68.7,5,1,0,0
1,home_improvement,0.1215,199.4,10.738888,16.88,711,7649.15,2686,90.6,2,1,0,0
1,credit_card,0.1791,254.98,10.123652,23.79,680,4641.17,8930,0.0,2,0,0,0
1,credit_card,0.1459,578.69,10.786904,9.58,715,8841.51,1354,25.7,1,0,0,0
1,debt_consolidation,0.1615,382.16,11.048519,13.33,707,4654.74,37044,72.1,2,0,0,0
0,all_other,0.1812,803.8,10.8975,2.93,659,3778.87,28097,8.5,1,0,0,0
0,debt_consolidation,0.1928,447.36,11.302522,13.31,654,1532.69,32660,32.0,0,0,0,0
1,debt_consolidation,0.1498,429.68,12.279265,20.47,731,4870.74,2859,14.2,2,0,0,0
0,debt_consolidation,0.1929,328.28,9.884996,14.11,612,7711.25,2334,55.6,0,0,0,0
1,debt_consolidation,0.1624,1234.65,10.620681,28.56,718,8231.28,90585,34.2,1,1,0,0
0,debt_consolidation,0.182,294.83,11.870097,16.19,692,7733.19,7998,14.8,2,2,0,1
1,all_other,0.1633,733.9,10.611552,8.87,760,6308.74,27233,94.4,1,0,0,0
1,all_other,0.141,163.64,11.411591,15.74,691,9051.83,1730,63.1,3,0,0,1
1,debt_consolidation,0.1659,326.99,11.314849,2.5,735,2638.28,6923,62.5,2,0,0,0
1,small_business,0.1449,1204.56,11.684497,7.09,695,8022.54,73636,50.0,3,0,0,1
1,all_other,0.1734,632.92,12.097137,4.2,714,5763.1,13546,69.1,0,0,0,0
1,major_purchase,0.1305,138.45,11.133174,12.71,738,5586.42,7334,60.4,0,0,1,0
1,all_other,0.1798,191.98,9.865044,12.18,692,1502.37,27070,0.0,2,0,0,0
1,debt_consolidation,0.1677,1193.15,10.502752,20.92,748,5913.36,18136,101.1,2,0,1,1
1,small_business,0.1916,427.47,12.263492,11.92,672,7945.05,307187,96.3,0,0,0,1
1,small_business,0.165,319.39,10.067339,5.68,721,180.0,11677,32.3,0,0,0,0
1,all_other,0.1382,216.14,11.233052,23.36,745,7048.87,30824,0.0,1,0,0,0
1,all_other,0.1352,297.32,9.396149,0.0,735,180.0,8816,14.1,1,0,0,0
1,all_other,0.1455,1013.68,10.105751,12.87,783,1516.53,2249,15.1,1,0,0,0
1,all_other,0.1668,237.84,11.471032,14.1,681,4824.24,21480,54.4,4,0,0,0
0,credit_card,0.1358,243.82,10.951936,12.53,658,9016.77,1047,33.9,2,0,0,1
1,all_other,0.1907,610.61,10.70037,16.05,672,4739.77,53025,28.2,0,0,0,0
1,debt_consolidation,0.1613,186.07,10.433243,13.36,735,6234.91,1330,64.1,3,0,0,0
1,debt_consolidation,0.1482,196.56,9.712109,16.05,729,2785.37,2653,42.7,2,0,0,0
1,debt_consolidation,0.1383,374.58,11.352978,8.44,714,4574.32,2321,73.8,1,0,0,0
1,debt_consolidation,0.152,388.68,10.75728,2.53,667,4922.8,29538,44.6,1,0,0,0
1,debt_consolidation,0.1271,208.29,10.001662,12.28,739,9133.04,1824,95.3,1,0,0,0
1,small_business,0.196,563.02,10.948415,5.52,663,3191.77,24712,111.3,0,0,0,1
1,debt_consolidation,0.0992,410.88,11.284561,7.57,754,3412.06,3722,53.2,1,0,0,0
1,debt_consolidation,0.1153,90.65,10.807589,20.61,819,7752.06,9070,37.2,1,0,0,0
1,debt_consolidation,0.1511,655.82,11.000756,23.35,724,4442.95,4634,44.5,2,0,0,1
1,all_other,0.1717,262.37,10.953257,20.48,732,5342.93,452826,77.1,2,0,0,0
1,all_other,0.1785,693.77,10.498855,19.21,691,6147.97,763,71.7,3,1,0,1
0,all_other,0.1725,1252.2,10.963098,13.01,641,3468.73,23941,0.0,2,0,0,0
1,major_purchase,0.1324,352.85,11.378482,19.61,687,180.0,10772,62.5,1,0,0,0
1,educational,0.1584,244.31,11.561133,15.05,668,7747.89,3141,35.1,0,0,0,0
0,home_improvement,0.2083,1079.31,11.412345,26.04,655,5350.36,20572,54.4,0,0,0,1
1,home_improvement,0.1325,205.56,10.51819,6.27,775,1867.56,2353,46.3,0,0,0,0
1,debt_consolidation,0.1633,1236.21,11.31809,17.24,720,7005.24,1963,34.8,1,0,0,0
1,all_other,0.137,269.09,11.213935,3.88,724,10083.09,1747,0.0,2,0,0,0
1,debt_consolidation,0.171,251.8,10.497078,17.28,698,8041.51,12479,0.3,0,0,0,0
1,home_improvement,0.1286,1176.93,10.646769,0.74,703,10262.35,4191,38.3,0,1,0,0
0,debt_consolidation,0.158,494.41,11.344613,4.23,747,1990.56,2733,42.4,5,0,0,0
1,debt_consolidation,0.1332,1152.29,11.769914,3.75,709,5683.85,18936,44.5,3,0,0,0
1,debt_consolidation,0.1074,350.26,9.82488,14.34,730,5947.1,61407,54.0,1,0,0,0
1,all_other,0.2043,381.96,11.930437,15.05,703,4768.09,1130,22.6,0,0,0,0
1,credit_card,0.1644,49.93,11.640137,29.51,697,4240.64,18573,5.8,2,0,0,1
0,debt_consolidation,0.1819,804.98,11.051462,11.97,657,180.0,25286,75.0,2,0,0,0
0,all_other,0.1523,498.16,10.783163,17.93,635,9291.23,83948,62.6,1,0,0,0
1,debt_consolidation,0.1729,362.08,11.168164,13.71,700,1018.05,6884,26.0,2,0,0,0
1,home_improvement,0.1727,592.39,10.539255,17.35,712,7319.27,129524,71.7,2,0,0,0
1,debt_consolidation,0.174,402.8,10.821606,13.59,661,5087.42,27833,17.3,4,1,0,0
0,debt_consolidation,0.1741,202.64,10.030234,20.19,709,4983.78,541,53.0,5,0,0,1
0,all_other,0.1784,508.58,9.867671,5.34,712,4546.3,17685,53.4,7,0,0,0
0,all_other,0.2033,357.31,12.352707,0.0,628,5557.55,10636,28.1,0,0,0,0
1,home_improvement,0.1283,617.62,10.968476,15.48,675,6661.95,52812,60.9,0,0,0,1
1,all_other,0.1261,301.2,11.05425,0.14,725,7439.24,72235,8.9,3,0,0,0
1,major_purchase,0.1829,285.99,10.911253,21.65,725,4745.25,2311,45.8,0,0,0,0
1,debt_consolidation,0.1773,269.16,10.425058,8.82,666,2046.27,46631,45.9,2,0,0,0
1,debt_consolidation,0.1549,205.64,10.742692,5.44,716,1960.48,8896,14.5,0,0,0,0
1,educational,0.1217,252.62,10.985625,30.0,749,7657.33,3517,65.0,1,0,0,0
1,debt_consolidation,0.1297,498.43,10.810051,12.47,740,4381.71,111107,79.2,1,1,0,0
1,home_improvement,0.1816,234.49,10.471156,11.15,706,2498.04,5107,44.9,1,0,0,0
1,debt_consolidation,0.194,177.07,11.222488,17.76,692,3205.62,11516,49.0,4,0,0,0
1,all_other,0.1826,689.64,11.044902,18.23,686,4825.25,9706,38.5,1,0,0,0
1,debt_consolidation,0.1588,348.51,11.169674,20.46,728,1851.57,24924,43.9,4,1,0,0
1,all_other,0.1653,663.22,11.360077,3.4,717,4982.15,90345,31.8,2,0,0,0
1,home_improvement,0.1437,322.1,10.82598,16.3,734,8192.65,143649,46.8,1,0,0,0
1,debt_consolidation,0.1296,246.85,10.826978,10.58,715,4763.27,46524,39.0,0,0,0,0
1,debt_consolidation,0.1136,106.24,11.834296,6.24,741,641.07,733,93.9,0,0,0,0
1,debt_consolidation,0.1804,179.4,10.354151,12.93,714,7229.45,112623,39.8,3,1,0,0
1,debt_consolidation,0.1417,203.44,9.787085,0.1,740,7835.48,28601,18.7,0,0,0,0
1,debt_consolidation,0.1506,461.97,11.268879,18.97,743,7967.3,63307,0.0,2,0,0,0
1,major_purchase,0.1741,363.4,10.546096,10.59,679,5207.48,6754,75.3,2,0,0,1
0,debt_consolidation,0.1922,196.17,10.272816,9.31,641,10888.7,10723,88.0,1,0,0,0
1,all_other,0.1362,53.08,11.469995,11.65,769,6899.93,49999,12.1,1,0,0,0
1,all_other,0.1653,535.57,10.841691,11.44,720,12534.5,273343,63.8,1,0,0,0
0,debt_consolidation,0.1698,720.51,10.159226,20.47,645,8438.98,14910,61.4,2,0,0,1
1,debt_consolidation,0.1917,789.54,12.110317,5.04,683,8056.28,1485,46.5,1,1,0,0
1,credit_card,0.1281,187.07,9.947481,9.96,739,3503.36,28419,13.7,3,0,0,0
0,all_other,0.1656,795.28,10.877126,11.11,699,2689.99,8116,60.7,6,0,0,0
1,home_improvement,0.1408,556.22,9.777541,5.25,691,5348.78,2020,84.3,3,1,0,1
1,debt_consolidation,0.1287,544.88,11.095102,13.7,763,4578.68,8856,86.8,1,0,0,1
1,all_other,0.1607,251.26,10.538924,7.61,670,3716.05,23467,61.2,1,0,0,1
1,small_business,0.1849,362.8,11.429758,2.91,680,4734.63,58949,71.4,2,0,0,0
1,small_business,0.182,1268.85,10.919394,16.23,718,4564.9,5050,0.0,2,0,0,0
1,major_purchase,0.1507,1214.49,11.753871,23.28,725,3459.66,5409,63.7,1,0,0,0
1,debt_consolidation,0.1866,385.8,10.667875,12.93,729,6702.98,9296,64.2,2,0,0,0
1,educational,0.1561,437.37,9.951228,11.89,745,3180.8,181615,36.8,2,0,0,0
1,home_improvement,0.1477,81.31,11.074885,11.74,718,4952.14,93667,48.9,2,0,0,0
1,home_improvement,0.1456,875.27,10.77594,9.04,729,2024.0,26992,31.0,1,0,0,0
1,credit_card,0.168,655.38,9.820251,20.67,700,5310.21,25413,1.3,0,0,0,0
1,educational,0.1691,495.89,10.286218,13.25,712,5563.3,6609,64.2,2,0,1,0
1,all_other,0.1294,241.54,10.480349,0.0,714,2656.68,37629,101.2,0,0,0,0
1,credit_card,0.165,405.68,11.878784,20.87,718,5236.18,2231,21.1,3,0,0,0
1,credit_card,0.1187,1011.7,11.361542,19.18,739,4815.45,23545,48.6,1,0,0,0
1,credit_card,0.1572,493.49,10.717882,16.75,731,3908.1,424,8.0,1,0,0,0
1,credit_card,0.177,1260.07,11.217231,0.0,712,3931.71,793,53.1,0,0,0,0
1,debt_consolidation,0.1758,693.8,9.685929,12.58,679,6179.49,495,28.0,1,0,0,0
1,debt_consolidation,0.108,187.69,10.585407,18.76,713,5130.84,222123,42.4,2,1,0,0
1,debt_consolidation,0.1207,272.78,11.174607,15.22,709,7454.11,8491,75.3,1,0,0,0
1,credit_card,0.164,235.29,11.03088,14.02,717,2469.09,1256,55.1,1,0,0,0
1,credit_card,0.069,614.72,10.600993,18.78,794,4591.1,540260,43.2,2,0,0,0
1,home_improvement,0.1771,883.11,10.906632,13.56,690,3523.98,3165,19.7,3,0,0,0
1,home_improvement,0.1684,1245.06,11.136246,20.91,726,5211.17,25375,66.8,2,1,0,0
1,all_other,0.1602,304.81,10.924292,13.72,751,5732.94,3123,14.4,2,0,0,0
1,debt_consolidation,0.1493,525.63,11.455212,13.17,714,2105.22,38952,85.3,3,0,0,0
1,all_other,0.1246,896.16,11.124408,18.76,799,6542.54,10680,50.0,1,0,0,0
1,small_business,0.1814,1172.41,11.241857,9.85,696,10466.98,3311,16.9,1,0,0,1
1,all_other,0.121,153.74,11.975268,5.03,722,5486.55,1291,3.0,4,0,0,0
0,small_business,0.1993,626.84,11.434779,12.63,680,2890.47,3516,37.4,5,0,0,1
1,educational,0.1896,173.84,11.991985,16.67,697,4330.02,2191,36.5,0,0,0,0
1,debt_consolidation,0.1656,254.34,10.520132,18.99,719,4249.57,653,60.2,3,0,1,0
1,credit_card,0.1314,147.94,9.958628,19.02,742,3391.79,35419,17.2,2,0,0,0
0,all_other,0.1653,250.85,10.844429,12.13,722,6866.81,65248,69.8,2,2,0,0
1,all_other,0.1603,139.45,10.792386,11.42,758,502.12,3681,0.0,1,0,0,0
1,debt_consolidation,0.181,173.12,11.820243,8.51,706,5741.18,391,49.4,2,0,0,0
1,debt_consolidation,0.1823,210.6,10.240673,14.32,697,8286.2,19553,26.0,2,0,0,0
1,debt_consolidation,0.0777,422.34,10.881884,1.28,813,8125.0,14022,49.7,1,0,0,0
1,all_other,0.1571,392.18,11.177159,12.76,725,7621.27,2207,81.9,1,0,1,0
1,debt_consolidation,0.181,125.28,10.991063,30.0,683,3409.73,9949,73.2,0,0,0,0
1,all_other,0.1884,1280.13,10.825367,2.22,684,8703.86,133,56.7,1,0,0,0
1,all_other,0.1824,281.84,11.148727,13.68,674,5976.56,11084,85.5,0,0,0,1
1,all_other,0.1707,153.94,11.58825,15.21,746,8618.16,8563,86.7,3,1,0,0
1,small_business,0.1406,562.54,11.866805,16.09,696,7763.9,91772,91.5,2,0,0,0
1,all_other,0.1648,385.91,10.950012,5.93,715,5845.99,16419,29.4,3,0,0,0
1,debt_consolidation,0.1664,219.68,10.432334,16.16,708,4448.19,12650,68.6,0,0,0,0
1,educational,0.1614,506.47,11.866066,8.91,738,10970.27,253372,69.2,2,0,0,0
1,home_improvement,0.2011,254.27,10.272644,2.75,678,610.31,3072,47.2,0,0,0,1
1,credit_card,0.1566,311.16,12.022253,19.17,669,4626.34,999,77.0,0,0,1,0
1,credit_card,0.182,1106.21,11.749923,17.19,719,1546.48,47133,48.0,2,0,0,0
1,debt_consolidation,0.1618,420.35,11.838533,5.93,733,5352.48,58252,3.8,1,0,0,0
1,credit_card,0.1463,579.77,11.348088,8.85,723,5951.79,60518,83.8,1,0,1,0
1,debt_consolidation,0.1517,263.72,9.641381,8.6,679,3452.68,7535,29.3,1,0,0,0
1,all_other,0.1481,420.96,10.296136,1.26,736,3640.71,3506,0.0,3,0,0,0
1,debt_consolidation,0.1742,228.69,11.117202,17.86,682,1758.47,1497,119.0,3,0,0,1
1,credit_card,0.1717,220.94,10.517855,18.12,690,6189.78,2644,15.6,1,0,0,0
1,debt_consolidation,0.1596,287.97,10.737679,10.3,674,3894.17,984,65.5,0,0,0,0
1,debt_consolidation,0.146,231.87,11.303813,12.41,759,6116.03,5412,16.3,2,1,0,1
1,debt_consolidation,0.137,769.83,10.826316,13.39,734,3750.58,155557,34.7,2,0,0,0
1,credit_card,0.1699,584.83,10.186397,14.29,733,5677.92,4575,26.7,1,0,0,0
1,debt_consolidation,0.169,78.26,11.470252,3.3,757,6908.94,13433,18.1,1,0,0,0
1,all_other,0.0915,1115.44,11.244091,15.97,817,6256.25,26251,72.1,1,0,0,0
0,debt_consolidation,0.1863,624.85,10.778112,4.49,645,5586.62,6139,112.9,0,0,0,0
1,credit_card,0.1879,890.82,11.363872,17.3,682,4801.48,6063,47.2,0,0,0,0
1,debt_consolidation,0.1718,346.86,10.987979,5.25,687,6252.96,85600,0.0,3,0,0,0
1,major_purchase,0.1432,131.96,11.74213,3.63,678,3553.24,14739,16.7,1,0,0,1
1,debt_consolidation,0.1916,159.05,11.022237,12.41,669,4571.06,66621,22.8,1,0,0,0
1,debt_consolidation,0.1487,1211.06,11.737596,12.25,699,5926.47,499067,49.9,0,0,0,0
1,debt_consolidation,0.1806,126.69,9.787072,13.32,664,8903.0,2719,34.9,4,0,0,0
1,debt_consolidation,0.1302,134.01,11.210124,6.44,723,3530.04,8527,108.4,3,0,0,1
1,all_other,0.1709,288.4,10.687304,14.0,712,2846.98,8373,44.2,2,0,0,0
1,debt_consolidation,0.1394,141.69,10.405979,14.65,728,5773.03,4950,70.4,0,0,0,1
1,small_business,0.1804,574.64,11.636685,20.64,729,8077.81,5484,42.0,1,0,0,1
1,all_other,0.1413,574.34,11.472343,13.88,733,7089.42,103222,45.8,2,0,0,0
1,debt_consolidation,0.1526,508.38,9.706049,8.46,696,5114.63,12820,36.6,4,0,0,0
1,all_other,0.1277,238.98,11.366452,3.31,791,8124.08,587210,46.8,1,0,0,0
1,debt_consolidation,0.1304,451.36,11.29243,2.04,719,534.62,5709,32.6,1,0,0,1
0,debt_consolidation,0.22,1336.67,10.488926,14.83,639,7588.6,121750,48.1,6,0,0,1
1,debt_consolidation,0.1767,144.26,10.420465,18.07,672,4274.53,182466,30.9,4,0,0,0
0,debt_consolidation,0.1743,857.26,9.959749,6.46,644,6634.97,9578,112.8,2,1,0,0
1,debt_consolidation,0.1475,665.17,10.724106,14.36,711,7579.95,22372,58.4,0,0,0,0
1,major_purchase,0.1585,356.48,10.821733,11.4,705,5544.29,44916,63.8,0,0,0,0
1,credit_card,0.1839,446.68,11.416168,17.56,692,5235.35,4487,42.1,0,0,1,1
1,major_purchase,0.1038,455.56,11.094322,18.58,786,4081.26,156677,4.2,1,0,0,0
1,debt_consolidation,0.1391,188.48,10.283456,0.0,731,9288.75,2986,7.9,1,0,0,0
1,small_business,0.1573,122.2,11.075713,19.72,738,5921.18,4755,41.9,0,0,0,0
1,debt_consolidation,0.2025,769.36,10.775032,14.34,675,5615.86,4839,41.0,0,0,0,1
1,debt_consolidation,0.193,168.43,10.359756,8.93,672,8833.61,15684,58.3,0,0,0,0
1,home_improvement,0.1873,185.84,9.960401,9.13,711,3803.73,18482,52.4,1,0,0,1
1,debt_consolidation,0.1534,265.57,11.31113,12.82,717,4435.56,3951,33.4,2,1,0,1
0,debt_consolidation,0.2165,507.36,11.202302,9.12,639,7403.58,9127,119.0,4,0,0,1
1,home_improvement,0.1844,280.49,11.269629,6.13,703,9495.89,1839,57.1,4,0,0,0
1,all_other,0.1694,234.73,10.485771,7.72,711,5171.33,70492,34.2,1,0,0,0
1,all_other,0.175,765.07,11.034359,5.42,702,6026.46,33256,36.1,1,0,0,0
1,debt_consolidation,0.158,303.69,10.091028,21.89,679,1088.93,6275,67.9,1,0,0,0
1,debt_consolidation,0.2019,233.04,10.328184,12.99,689,8265.53,8042,40.5,2,1,0,1
1,educational,0.1541,502.71,10.950577,28.14,703,2352.1,3786,74.6,0,0,0,0
1,debt_consolidation,0.1657,403.86,11.090035,15.16,713,3711.41,2473,44.5,2,0,0,1
1,debt_consolidation,0.1591,391.86,9.936421,16.66,733,5531.01,1940,35.8,1,0,0,0
1,debt_consolidation,0.11,488.44,10.284898,5.27,751,3437.41,2486,5.3,1,0,0,0
0,small_business,0.1748,356.58,10.70711,11.09,699,211.2,50696,77.1,2,2,0,0
1,credit_card,0.1676,702.06,11.514696,13.1,693,1970.73,57366,15.5,1,0,1,0
1,all_other,0.146,138.72,10.434007,8.2,727,5306.11,1223,68.8,2,0,0,0
1,major_purchase,0.1448,897.42,11.015751,9.39,733,8800.71,33452,29.7,2,0,0,0
1,debt_consolidation,0.193,212.45,11.07969,15.5,694,8599.5,1551,72.0,1,0,0,0
1,small_business,0.1409,119.04,10.777688,15.63,740,6015.05,37169,84.2,1,0,0,0
0,debt_consolidation,0.1139,207.39,11.093492,3.38,747,5451.8,12513,25.2,3,2,0,0
1,debt_consolidation,0.1221,285.31,10.109601,14.56,759,7054.12,4754,22.6,3,0,0,0
1,debt_consolidation,0.1402,223.54,10.52997,16.42,778,8374.16,22323,111.3,1,0,0,0
1,educational,0.1876,203.34,11.80496,8.53,677,5352.65,94636,60.3,2,0,0,1
1,small_business,0.1826,805.12,11.847907,7.83,711,5438.54,545,68.0,1,0,0,1
1,all_other,0.1741,213.22,11.444182,15.65,710,5568.87,67557,7.8,3,0,0,0
1,debt_consolidation,0.1628,79.48,11.601239,0.0,706,7584.01,3064,17.5,0,0,0,0
1,debt_consolidation,0.1568,299.54,9.816194,12.61,685,1638.8,106706,53.1,3,0,1,0
0,all_other,0.1622,1234.3,10.351296,23.88,654,5100.97,43761,36.0,0,0,0,0
1,debt_consolidation,0.1289,174.72,10.740228,0.0,714,6061.5,1819,17.9,2,0,0,0
1,debt_consolidation,0.1644,206.13,12.403542,18.28,681,326.83,4310,55.1,1,0,0,0
1,credit_card,0.1703,294.1,10.739019,16.36,713,7352.85,23591,0.0,3,1,0,1
1,all_other,0.1741,1156.02,11.384392,2.68,680,7750.46,49763,55.8,2,0,0,0
1,small_business,0.1903,311.86,11.160807,16.19,668,194.73,23430,20.9,0,0,0,0
1,all_other,0.1307,180.23,11.147235,19.51,719,4026.6,20417,67.5,0,0,0,1
1,debt_consolidation,0.2048,527.58,10.915646,4.48,716,4109.8,3936,49.9,2,0,0,0
1,all_other,0.1295,450.75,10.19798,7.72,732,2837.87,11546,62.3,1,1,0,0
1,debt_consolidation,0.121,511.49,9.28229,12.78,793,3182.62,9727,85.9,1,1,0,0
1,all_other,0.171,185.65,11.711924,19.35,721,3753.97,990,27.6,3,0,0,0
1,credit_card,0.1486,254.9,10.553936,8.87,728,6584.86,18710,18.6,1,0,0,0
1,debt_consolidation,0.1582,843.46,9.791061,12.31,669,8178.58,6080,81.8,0,0,0,0
1,debt_consolidation,0.1941,536.88,11.197156,8.01,661,6439.55,98861,96.1,4,0,0,0
1,small_business,0.1171,637.22,11.185462,12.77,770,2775.35,71083,84.2,1,1,0,0
1,all_other,0.2065,394.88,11.398414,19.82,675,7037.58,14689,0.0,1,1,0,0
1,all_other,0.1795,827.79,11.610587,13.33,670,6569.99,64006,64.5,1,0,0,1
1,credit_card,0.1513,466.39,10.369418,10.13,709,180.0,29272,19.9,3,0,0,0
1,all_other,0.1289,255.06,10.396261,12.37,707,8159.76,10553,73.0,3,0,0,0
1,debt_consolidation,0.1482,637.32,10.735591,7.08,676,5393.82,1135,39.7,0,0,0,0
0,home_improvement,0.1603,208.5,11.431201,5.74,698,5486.65,8474,37.3,5,0,0,0
1,major_purchase,0.1726,1153.07,9.64739,20.9,757,702.72,6412,35.6,2,0,0,0
1,debt_consolidation,0.1745,794.75,11.008206,23.9,679,9094.79,9164,29.6,2,0,1,0
0,debt_consolidation,0.1867,325.18,11.498594,0.24,657,5902.41,7584,9.9,0,0,0,0
1,credit_card,0.1474,331.9,11.473422,16.62,746,6997.78,63923,35.9,4,0,0,0
1,all_other,0.1946,442.66,11.362223,18.53,729,1750.53,76293,50.8,0,0,0,0
1,debt_consolidation,0.1579,339.72,11.57843,4.24,686,6339.44,5009,90.4,2,1,2,1
0,all_other,0.2142,1043.42,9.254219,9.34,650,6389.27,1314,61.9,0,0,0,1
1,credit_card,0.1605,263.92,11.914216,8.62,682,4671.1,2314,38.6,1,0,0,1
1,all_other,0.1427,131.09,11.131547,25.72,708,1827.06,79753,36.5,0,0,0,1
1,debt_consolidation,0.1345,309.49,11.744137,24.0,754,4906.38,50573,0.0,2,0,0,0
1,debt_consolidation,0.1718,662.06,10.213473,6.24,671,2672.35,1766,35.6,2,0,1,0
1,all_other,0.1685,791.75,9.860166,2.53,707,3314.45,1046,50.9,3,0,0,0
1,major_purchase,0.0977,380.93,12.01969,17.93,736,7960.09,4247,29.3,0,1,0,0
0,all_other,0.1994,260.62,10.364822,16.35,620,5276.87,193552,31.7,1,1,0,1
1,debt_consolidation,0.1264,355.51,10.740382,21.18,749,4857.82,21391,0.0,1,0,0,1
1,small_business,0.1767,248.84,11.251747,5.29,665,2121.37,7494,6.7,2,0,0,0
1,debt_consolidation,0.1241,72.78,11.401461,17.59,723,4945.5,8946,15.1,3,0,1,0
1,all_other,0.1446,207.25,11.587834,7.55,719,4684.54,539,26.0,2,0,0,0
1,debt_consolidation,0.1271,524.63,11.066266,16.9,751,2605.91,6857,0.0,3,0,0,0
1,credit_card,0.1379,308.39,10.286871,12.34,731,7772.51,79561,41.5,3,1,0,0
0,credit_card,0.1636,311.42,11.361046,25.71,620,7652.82,5820,44.4,2,0,0,0
1,home_improvement,0.1714,847.94,11.370759,15.69,680,3123.76,7401,58.9,1,0,0,1
1,debt_consolidation,0.1378,189.79,9.822829,10.43,715,6049.57,18519,34.5,2,0,0,0
1,all_other,0.1263,199.92,11.795398,13.55,703,428.2,1811,70.9,4,0,0,0
1,debt_consolidation,0.1368,469.15,9.412884,11.91,728,5855.6,18633,98.7,1,0,0,1
1,educational,0.1269,222.93,11.560994,4.63,740,7013.36,2909,6.2,0,0,0,0
1,debt_consolidation,0.1464,228.4,10.543193,25.88,733,2253.06,4920,10.8,3,0,1,0
1,all_other,0.1483,1118.84,11.360361,23.63,702,5097.55,5972,56.7,3,0,0,0
0,credit_card,0.1584,181.16,11.241218,11.38,640,5379.02,5978,64.0,1,0,0,0
1,debt_consolidation,0.1458,225.72,10.907355,17.43,693,12282.82,12880,11.7,1,0,0,0
1,debt_consolidation,0.1142,489.85,11.205163,26.75,726,11512.03,9723,95.9,1,0,0,0
1,debt_consolidation,0.1971,391.26,10.877266,21.13,669,5864.8,8175,19.7,1,0,0,0
1,all_other,0.1711,149.33,11.36551,10.48,734,3400.77,13293,39.9,0,0,0,0
1,educational,0.1685,1245.23,12.263016,11.99,745,5671.15,2560,66.4,1,0,0,0
1,all_other,0.1419,214.98,10.111844,0.75,715,7875.66,346,88.6,0,0,0,0
0,educational,0.22,351.76,8.985231,17.95,612,875.09,10788,18.1,1,0,0,1
1,debt_consolidation,0.1861,541.43,10.676439,21.18,661,180.0,3641,68.5,1,0,0,1
1,debt_consolidation,0.1071,1141.05,10.634744,21.22,782,2195.09,22639,43.8,1,0,0,0
1,small_business,0.1678,291.83,10.699683,17.44,689,6965.86,4523,4.4,1,0,0,0
0,small_business,0.2012,213.93,10.364872,15.03,635,7111.59,525,29.2,0,0,0,0
1,debt_consolidation,0.1368,527.25,11.462185,5.72,757,6165.74,9029,12.1,2,0,0,0
1,credit_card,0.1627,1235.17,10.087389,14.81,711,7836.89,58834,66.8,1,0,0,0
1,small_business,0.152,418.21,11.204973,8.24,752,4606.04,18044,5.7,3,0,0,0
1,credit_card,0.144,307.87,11.319464,16.22,721,4382.62,1127,59.6,1,0,0,1
1,all_other,0.1753,516.65,11.123044,7.33,727,6022.75,4021,46.5,1,1,0,0
1,debt_consolidation,0.1473,88.36,11.227157,16.18,724,9338.22,4941,56.6,0,0,0,0
1,debt_consolidation,0.1403,243.16,11.509053,21.73,737,6087.86,8150,46.8,2,0,0,0
1,all_other,0.1124,100.14,10.962675,15.2,797,4820.63,4276,21.4,1,0,1,0
1,all_other,0.137,289.32,10.718637,14.87,747,6067.08,659,57.9,1,0,0,0
0,debt_consolidation,0.1557,266.92,11.226686,18.9,650,8617.18,8778,50.6,1,0,0,0
1,debt_consolidation,0.1282,58.02,11.296223,24.82,727,4160.45,108199,31.9,1,0,0,0
1,debt_consolidation,0.1855,451.73,11.472705,11.86,753,3940.18,3845,119.0,4,0,0,0
1,all_other,0.1022,545.75,9.88544,16.2,756,3874.91,1496,12.5,3,0,0,0
1,debt_consolidation,0.1685,339.88,10.818046,23.03,694,7098.18,106869,61.5,1,1,0,0
0,debt_consolidation,0.143,128.79,10.280125,17.22,754,3111.87,236451,64.0,5,0,1,0
1,debt_consolidation,0.1604,932.9,11.272189,0.0,745,6661.66,5697,38.5,0,0,0,0
1,small_business,0.1341,1186.21,11.373293,7.66,808,1382.24,15999,54.1,0,0,0,0
1,all_other,0.2068,542.95,10.762608,17.78,681,4410.76,15571,59.8,2,0,0,0
1,debt_consolidation,0.1692,304.01,10.485147,9.84,691,4914.36,45346,44.7,4,0,0,0
1,all_other,0.1883,315.04,11.294148,22.54,698,9529.69,1831,30.7,0,0,0,0
1,all_other,0.1852,539.44,10.848722,25.42,691,7485.75,10428,44.6,2,0,0,0
1,all_other,0.202,434.12,11.800145,8.53,676,4170.13,1912,29.3,0,0,0,0
0,all_other,0.2005,551.77,12.011501,5.48,612,3763.53,19006,86.7,2,0,0,0
0,all_other,0.1715,535.46,11.540434,10.11,693,3374.48,123112,72.3,5,0,0,0
1,credit_card,0.1422,223.68,11.071921,9.71,724,2254.43,18645,49.1,2,0,0,0
1,debt_consolidation,0.1676,218.48,12.043601,23.2,691,9099.32,2808,25.3,0,1,0,0
1,debt_consolidation,0.1269,301.53,11.076839,5.46,784,3169.85,53804,37.7,2,0,0,0
1,debt_consolidation,0.1139,499.55,10.637692,17.72,711,9362.14,4115,29.8,2,0,0,0
1,all_other,0.131,123.89,10.518042,22.18,759,5308.21,23331,44.0,1,0,0,0
1,all_other,0.1692,331.92,10.500864,18.25,720,4853.78,3158,0.3,0,0,0,0
1,credit_card,0.1149,351.67,10.926114,15.61,741,5303.98,1306,30.7,2,0,0,0
1,debt_consolidation,0.1312,262.58,11.212483,11.48,721,8084.96,3243,15.0,1,0,0,0
1,all_other,0.1556,1020.23,10.066754,25.36,762,2923.99,145,26.5,1,0,0,0
1,debt_consolidation,0.1819,939.22,10.656155,10.91,712,6330.48,1931,99.9,3,0,0,1
1,debt_consolidation,0.1349,496.43,11.059839,19.14,729,4963.0,336420,37.5,3,0,0,0
1,credit_card,0.1531,1218.61,11.322612,11.5,724,6068.24,120,52.5,0,0,0,0
1,debt_consolidation,0.1593,710.47,10.914187,0.0,699,4548.86,886,40.3,0,0,0,0
1,debt_consolidation,0.1727,429.97,11.07915,10.74,725,4157.55,177482,65.1,0,1,0,0
1,debt_consolidation,0.107,255.34,10.174501,11.52,795,6373.11,2356,35.6,1,0,0,1
1,credit_card,0.1528,288.66,10.37381,11.61,700,1608.56,5737,30.9,2,1,0,0
1,debt_consolidation,0.1755,512.91,10.892874,8.04,726,8544.83,10673,27.0,3,0,0,0
1,major_purchase,0.1142,277.72,11.241436,16.92,758,5329.88,783,25.4,0,0,0,0
1,educational,0.1266,126.83,11.071095,17.69,753,3686.3,58105,90.5,3,0,0,0
1,home_improvement,0.1586,294.01,10.412217,10.49,710,5981.49,9019,58.0,2,0,0,0
0,debt_consolidation,0.22,857.61,10.785697,10.43,619,3323.74,3960,29.1,2,0,0,0
1,credit_card,0.123,60.2,11.852221,5.35,730,5257.11,49534,71.3,0,0,1,0
0,debt_consolidation,0.1795,1055.14,11.261998,14.36,626,5272.55,1301,80.3,2,0,0,1
1,small_business,0.1576,572.8,10.830855,22.11,766,8205.38,11631,26.3,3,0,0,0
1,all_other,0.1681,330.08,10.30424,22.11,716,5757.11,2156,38.5,1,0,0,0
1,debt_consolidation,0.143,459.18,10.494844,8.47,748,2261.01,1467,47.2,1,0,0,0
1,debt_consolidation,0.1689,763.04,10.93402,26.34,676,6513.0,269420,24.7,1,1,0,1
0,home_improvement,0.185,407.6,11.098328,10.1,651,6862.53,13382,32.6,4,0,0,1
1,small_business,0.1363,722.42,11.274994,5.59,720,1029.37,49820,32.7,0,0,0,0
1,all_other,0.1584,696.03,11.166671,3.2,709,2089.53,4761,42.7,0,1,0,0
1,all_other,0.1941,455.81,10.704156,5.17,691,10084.57,2108,119.0,3,0,0,1
1,credit_card,0.1281,168.91,10.618226,14.9,713,4230.76,75,20.8,1,0,0,0
1,home_improvement,0.093,326.25,12.178663,10.82,815,4289.48,6587,4.3,1,0,0,0
1,credit_card,0.1336,88.75,10.590555,8.24,742,4972.62,770,75.4,1,0,0,0
1,debt_consolidation,0.1312,504.35,10.142061,6.75,750,3457.94,12723,52.3,1,0,0,0
1,all_other,0.1783,294.08,9.930382,5.11,742,628.67,1383,38.1,0,1,0,0
1,small_business,0.1271,238.58,10.714555,6.46,766,2254.39,23123,72.1,0,0,0,0
1,debt_consolidation,0.1364,588.48,11.50339,19.61,703,3462.61,294681,11.5,1,0,0,0
0,debt_consolidation,0.2064,168.52,10.578672,25.04,632,3802.57,1006125,56.1,1,0,0,0
1,debt_consolidation,0.1461,407.87,11.831284,25.47,703,3136.49,18268,41.5,2,0,0,0
1,debt_consolidation,0.1577,302.17,10.925558,17.34,741,1330.25,10741,48.0,2,0,0,0
1,credit_card,0.1686,343.03,11.60683,9.2,673,3676.16,3563,48.5,2,0,0,1
1,debt_consolidation,0.1682,474.64,10.46779,7.99,703,7848.15,3132,116.1,1,0,0,0
1,all_other,0.1362,1189.77,10.477248,17.82,684,3380.19,2515,32.4,1,0,0,0
1,debt_consolidation,0.1394,493.69,10.985538,10.9,767,4604.23,117251,22.6,0,0,0,0
1,small_business,0.1627,998.89,11.224358,15.44,738,8669.62,5842,62.5,3,0,0,1
1,home_improvement,0.1395,992.21,10.820836,25.92,735,3341.51,346797,76.6,1,0,0,1
1,all_other,0.1204,623.02,11.108404,14.1,734,12702.77,2475,7.8,0,0,0,0
1,credit_card,0.1607,105.88,11.288976,28.32,709,7289.9,8731,58.3,2,0,0,0
1,debt_consolidation,0.1668,328.27,10.063492,4.82,718,5253.15,1438,13.2,3,0,0,0
1,home_improvement,0.1655,180.61,10.722028,15.69,665,4439.85,25633,7.7,0,0,0,0
0,credit_card,0.183,1270.61,10.613604,14.76,627,8415.22,7907,40.6,2,0,1,1
1,debt_consolidation,0.1691,192.9,10.643225,5.81,716,3327.02,10368,27.8,1,0,0,0
1,educational,0.1847,139.55,11.178195,18.13,722,3978.27,6662,9.6,2,1,1,0
1,debt_consolidation,0.154,54.84,10.622078,23.16,756,9078.19,26652,22.3,0,0,0,0
1,all_other,0.1335,179.32,9.706903,27.8,770,4121.22,31976,31.9,4,0,0,0
1,debt_consolidation,0.124,398.2,10.785724,15.44,770,3893.28,41344,65.0,1,0,0,0
1,credit_card,0.1724,837.56,10.280712,0.0,672,3403.98,2428,18.5,3,0,0,0
1,debt_consolidation,0.1352,175.54,11.232763,15.89,697,229.07,18280,49.1,0,0,0,0
1,debt_consolidation,0.1447,854.5,11.421475,17.72,728,7597.08,4935,0.0,0,0,0,0
1,all_other,0.1351,355.05,9.603354,10.98,806,4952.53,91653,40.6,4,0,0,1
1,educational,0.1315,262.94,10.457718,14.08,766,7734.14,16249,68.3,1,0,0,0
1,debt_consolidation,0.124,412.39,11.145558,9.26,753,4637.77,17683,33.1,1,0,0,0
1,all_other,0.1483,1020.33,10.070586,11.68,695,4004.79,7024,62.5,2,0,0,0
1,all_other,0.1706,404.51,11.407423,19.62,676,3401.44,2976,0.0,2,0,1,0
0,home_improvement,0.1177,166.69,11.570083,22.18,740,6769.93,12302,14.6,3,2,0,0
1,debt_consolidation,0.1566,515.01,10.83117,3.83,668,3049.49,77639,63.3,0,0,0,0
1,all_other,0.1906,533.97,10.457914,9.07,701,6021.26,3193,65.3,3,0,0,1
1,major_purchase,0.137,325.82,9.520554,1.64,706,5155.3,90369,101.2,0,0,1,1
1,debt_consolidation,0.1124,734.62,11.426555,25.28,771,2453.45,27200,67.4,1,0,1,0
1,all_other,0.1676,78.28,12.151548,18.61,697,3939.33,425,80.6,2,0,0,0
0,small_business,0.2039,524.72,12.025347,0.0,617,5085.16,2528,19.2,1,0,0,0
1,debt_consolidation,0.1491,655.74,10.811066,12.15,729,4283.77,425669,46.9,0,0,0,0
1,debt_consolidation,0.1853,144.48,10.263468,10.64,683,9798.18,9007,7.0,4,0,0,0
1,debt_consolidation,0.1241,129.39,11.440951,7.38,712,5647.53,2575,78.5,1,0,0,0
1,home_improvement,0.1723,786.8,10.85261,19.75,707,4569.76,2710,38.6,1,0,0,0
1,major_purchase,0.1488,861.27,11.22166,19.59,700,4152.22,8798,61.1,1,1,0,1
1,all_other,0.1367,963.87,11.114679,14.46,740,4486.88,47525,0.0,3,0,0,1
0,all_other,0.22,257.17,10.986732,8.17,652,3540.48,6372,0.0,4,1,0,0
1,debt_consolidation,0.1368,428.38,11.557393,8.23,690,3002.26,3163,98.1,1,1,0,0
1,debt_consolidation,0.156,482.86,11.580058,12.9,736,6556.53,292,119.0,0,0,0,0
1,debt_consolidation,0.1888,121.16,10.611161,9.45,687,8909.99,2551,57.2,0,0,0,1
0,debt_consolidation,0.1697,435.17,10.366901,12.56,649,3933.23,3579,91.9,1,0,0,0
1,debt_consolidation,0.1313,406.88,9.405539,16.45,735,6133.46,18293,25.7,4,1,0,0
1,credit_card,0.1292,620.26,10.718842,2.02,753,3399.31,20927,1.3,2,0,0,0
1,debt_consolidation,0.143,251.63,10.263072,7.37,708,5319.42,109330,94.9,1,1,0,1
0,debt_consolidation,0.191,963.44,11.18571,12.37,635,1788.77,1628,43.1,2,0,0,0
1,debt_consolidation,0.1616,407.71,10.725121,23.4,737,2926.26,13542,40.8,1,0,0,1
0,debt_consolidation,0.177,1260.07,10.791269,18.43,647,2837.05,14141,95.3,3,0,0,0
1,debt_consolidation,0.1691,656.84,11.425299,12.58,722,4696.94,2209,37.0,0,0,0,0
1,debt_consolidation,0.1992,493.18,11.172325,15.38,676,2135.35,47126,12.8,1,0,0,1
1,debt_consolidation,0.1843,173.92,10.858819,11.9,666,180.0,167171,6.8,2,0,1,0
1,all_other,0.1741,155.68,11.95872,20.03,693,1634.83,11363,46.9,2,0,0,0
1,credit_card,0.1472,1158.21,11.380271,15.59,703,4623.63,5096,72.3,4,1,0,1
1,small_business,0.1292,680.5,10.676325,21.42,686,3078.67,119396,38.7,2,1,0,1
1,credit_card,0.1577,313.96,10.703536,3.25,732,3612.21,21999,43.7,0,0,0,0
1,all_other,0.1795,295.16,11.410912,7.04,693,5721.19,1565,24.4,3,0,0,0
1,small_business,0.1591,448.6,11.053736,14.49,747,3007.33,8021,32.0,3,0,0,0
1,all_other,0.1691,151.89,10.246093,16.01,721,4859.8,6129,92.6,2,0,0,0
1,all_other,0.1571,276.06,11.475775,29.16,683,10401.66,2826,43.0,1,0,0,0
1,all_other,0.1811,608.07,11.696912,0.13,677,4107.49,3045,24.5,2,1,0,1
0,debt_consolidation,0.2137,698.33,11.650647,12.37,647,4546.2,3748,94.7,3,0,1,1
1,debt_consolidation,0.1643,299.0,11.871077,12.06,721,6011.15,40020,38.8,0,0,0,0
1,debt_consolidation,0.1886,1226.68,12.192211,14.24,697,3015.7,6830,41.8,4,0,0,0
0,home_improvement,0.22,868.11,11.985275,24.56,620,3580.65,12552,39.5,4,1,0,0
1,debt_consolidation,0.1405,218.41,11.137804,18.65,690,4821.48,51437,0.0,1,0,0,0
1,credit_card,0.1856,163.15,10.802859,1.53,676,5545.22,6781,34.6,0,0,0,0
1,small_business,0.1313,559.82,9.813943,23.18,770,2733.85,1597,52.8,3,0,0,0
0,all_other,0.163,281.81,10.936629,22.99,645,6455.36,49548,34.4,1,0,0,1
0,debt_consolidation,0.1749,250.85,11.246673,14.42,655,8926.63,5951,75.2,2,0,0,0
1,all_other,0.1721,457.16,10.956567,1.44,752,277.42,189218,17.6,2,0,0,0
1,debt_consolidation,0.1216,602.5,9.778185,11.55,762,6038.84,54938,54.9,0,0,0,0
1,educational,0.1333,644.6,10.755161,15.83,682,4831.64,25510,31.6,3,1,1,0
1,credit_card,0.1378,387.35,11.323653,19.48,686,4317.31,15712,73.8,3,0,0,1
1,credit_card,0.1551,76.66,10.304192,0.38,733,5875.68,65923,91.0,2,1,0,1
0,all_other,0.1803,771.62,11.031072,7.29,622,8508.18,16299,82.0,1,1,0,0
0,credit_card,0.147,214.75,11.193292,20.18,639,5702.79,339,48.7,4,0,0,0
1,credit_card,0.1327,459.11,11.61196,22.96,699,7457.95,9295,45.6,0,0,0,0
1,debt_consolidation,0.1327,339.65,11.974689,15.57,769,4962.53,27299,43.6,1,0,0,0
1,debt_consolidation,0.1791,1263.75,10.699526,20.52,693,5972.7,2194,15.4,2,0,0,1
1,debt_consolidation,0.1452,1205.08,11.042092,15.74,714,3700.28,692209,72.7,3,0,0,1
1,all_other,0.1495,274.69,11.061192,19.25,753,5154.74,8653,0.0,0,0,0,0
1,small_business,0.1532,148.6,11.326119,13.6,790,4380.11,26869,35.0,3,0,0,0
1,all_other,0.1501,156.28,11.257816,15.91,688,5327.04,71368,93.4,0,0,0,0
1,all_other,0.1539,461.09,11.799253,4.17,709,921.93,28759,0.0,3,0,0,0
1,major_purchase,0.1128,246.42,9.507909,17.58,779,2272.22,9222,60.4,3,0,0,0
0,debt_consolidation,0.1928,184.91,11.184993,3.96,652,8030.29,20769,68.5,3,0,0,0
1,debt_consolidation,0.1261,254.02,11.227321,17.58,749,8545.19,8029,29.9,1,0,0,0
1,major_purchase,0.1492,519.41,10.78651,9.57,671,731.34,9406,16.1,3,0,0,0
1,small_business,0.1702,369.28,9.548954,15.15,714,3642.47,1745,0.0,1,0,0,0
1,credit_card,0.1822,282.98,10.892792,6.03,701,3190.39,7214,32.8,2,0,0,0
0,debt_consolidation,0.1823,309.01,10.496558,9.13,674,5693.36,1596,23.6,5,0,0,0
1,educational,0.1927,359.31,11.953553,15.14,673,4850.58,10854,4.5,1,0,0,0
1,credit_card,0.1693,455.29,11.158928,17.8,721,6760.6,5703,75.2,3,0,0,0
1,credit_card,0.1396,454.93,10.444754,20.15,748,1681.86,24408,21.2,1,0,0,0
1,debt_consolidation,0.1462,118.95,9.677887,4.66,705,5934.87,999,59.5,0,0,0,0
1,all_other,0.1372,418.44,11.290277,2.24,713,4225.35,2477,21.2,3,0,0,0
1,home_improvement,0.1143,279.66,11.354651,5.87,732,3216.88,2509,61.9,1,0,0,0
1,small_business,0.2113,203.03,10.798376,5.25,673,6164.29,10684,52.4,1,0,0,0
1,all_other,0.1367,286.64,11.298242,23.41,738,4442.13,7391,76.4,1,0,0,0
1,all_other,0.1079,801.96,10.717555,21.85,741,4808.21,63228,0.0,1,0,0,0
1,credit_card,0.136,654.69,11.581001,5.72,809,8400.86,11695,24.2,2,0,0,0
1,all_other,0.1641,414.0,11.535538,24.4,696,5237.25,10940,73.1,0,0,0,0
1,all_other,0.1829,211.88,9.930256,21.44,693,9922.44,2022,27.5,1,0,0,1
1,debt_consolidation,0.1376,143.83,10.078933,1.36,739,180.0,6890,35.0,1,1,0,0
1,debt_consolidation,0.1261,189.56,12.169082,5.49,741,5036.08,1293,62.2,0,0,0,0
1,credit_card,0.1738,395.41,11.49864,1.15,690,2280.99,24099,37.7,1,0,0,1
1,debt_consolidation,0.1732,400.95,10.159948,12.0,695,2739.78,41327,49.6,1,0,0,0
1,debt_consolidation,0.1409,237.26,9.972068,12.72,731,3421.05,980,42.9,1,0,0,0
1,small_business,0.2111,762.96,11.056741,12.71,679,7366.45,11745,36.6,0,0,0,1
1,credit_card,0.182,519.0,10.233188,0.0,694,4043.33,9254,6.4,2,0,0,0
1,debt_consolidation,0.1658,60.6,10.736808,2.75,713,2206.07,75118,32.8,0,0,0,0
1,debt_consolidation,0.1166,390.24,10.90116,14.4,748,6709.31,2210,62.1,1,0,0,0
1,credit_card,0.1412,635.46,10.874833,16.89,687,2104.05,3243,37.1,0,0,0,0
0,all_other,0.2114,475.73,11.617188,0.0,640,9240.04,16687,60.7,0,0,0,0
0,all_other,0.145,565.64,12.049201,3.76,637,1832.41,5011,36.9,1,0,0,0
1,all_other,0.1757,326.88,10.63786,19.65,662,4341.72,5450,60.4,1,0,0,0
1,debt_consolidation,0.1813,378.46,10.240298,4.15,660,9871.02,5292,28.5,1,0,0,0
1,credit_card,0.1488,366.96,11.167196,12.5,704,4248.47,25239,12.6,2,0,0,0
1,debt_consolidation,0.1754,446.95,11.925203,3.5,665,6119.09,67359,71.5,1,0,0,0
1,all_other,0.1765,262.37,10.684039,18.34,683,4786.18,9586,14.5,0,0,0,0
1,debt_consolidation,0.1572,822.93,11.448719,0.0,681,5056.69,7093,26.3,0,0,0,0
1,debt_consolidation,0.1812,1072.34,10.419347,10.5,693,3013.78,31668,46.6,3,0,0,1
1,debt_consolidation,0.145,259.61,10.942976,19.09,760,6192.98,15225,0.0,2,1,0,0
1,small_business,0.1561,168.76,10.221215,16.81,735,8378.34,14103,29.7,1,0,0,0
1,debt_consolidation,0.1389,145.56,10.936608,9.4,711,204.77,67094,27.3,2,0,0,0
1,debt_consolidation,0.1622,512.16,10.858962,7.78,692,2749.14,1985,38.5,0,1,0,0
1,debt_consolidation,0.2053,617.89,11.300955,10.99,694,3678.44,7178,39.4,2,0,0,0
1,credit_card,0.1354,494.57,12.014618,3.7,722,2841.74,2277,32.6,2,0,0,0
0,all_other,0.1766,556.62,10.692774,11.91,732,6666.69,4637,41.3,5,0,0,0
1,major_purchase,0.1361,249.74,9.710165,12.03,676,3545.04,1422,88.7,2,0,0,1
1,credit_card,0.1382,92.59,10.806717,9.72,711,5262.4,5973,114.4,1,0,0,0
0,all_other,0.1797,279.07,11.112584,19.5,633,8787.76,19776,60.9,1,0,0,0
1,credit_card,0.1713,1243.38,11.053159,5.21,718,572.94,162,36.9,2,0,0,0
1,debt_consolidation,0.144,452.53,10.833972,0.84,739,5852.5,6488,20.1,2,0,0,0
1,major_purchase,0.1871,537.54,11.837506,8.98,699,4753.17,9474,24.9,1,0,0,0
1,major_purchase,0.1182,682.63,11.013091,13.46,779,4760.55,7038,39.4,0,0,0,0
1,debt_consolidation,0.1697,216.5,10.866074,11.86,677,2797.35,749,79.1,0,0,1,0
1,all_other,0.1457,440.69,10.455599,11.56,718,4108.52,50459,16.5,0,1,0,0
1,debt_consolidation,0.1969,579.32,9.864506,4.83,709,5040.18,49412,56.7,1,0,0,0
1,all_other,0.1353,193.32,11.130831,5.82,706,4599.79,68160,31.1,1,0,0,0
1,credit_card,0.1475,487.43,11.079705,9.23,706,6802.79,4476,74.1,1,0,0,0
1,major_purchase,0.1345,918.5,10.283808,8.69,714,2325.04,14414,35.3,1,1,0,0
1,debt_consolidation,0.153,287.65,10.902933,20.18,742,1567.89,3404,24.2,1,0,0,1
1,credit_card,0.1097,107.2,10.842251,14.42,762,180.0,1967,26.1,3,0,0,0
1,credit_card,0.1923,453.87,10.549055,8.93,710,5413.33,1808,96.5,3,0,0,0
1,debt_consolidation,0.1436,237.3,10.44608,20.16,741,6951.13,15079,44.8,0,0,0,0
1,all_other,0.1763,446.58,11.1771,15.68,683,2126.62,41670,77.8,4,0,0,0
1,credit_card,0.1521,210.91,10.792255,3.23,739,1903.62,85662,56.2,0,0,0,0
1,credit_card,0.1685,406.12,10.569494,0.0,681,9781.39,10104,63.7,3,0,0,0
1,educational,0.1399,882.48,10.40438,3.45,751,8253.45,3672,35.2,0,0,0,1
1,debt_consolidation,0.1198,356.19,10.850709,16.71,794,8394.39,9371,42.8,0,1,0,0
1,debt_consolidation,0.1685,122.68,11.493935,18.75,705,5933.02,51742,15.3,4,0,0,0
0,debt_consolidation,0.1768,512.12,11.05605,1.14,627,6823.48,146662,16.8,1,0,0,0
1,debt_consolidation,0.1455,382.05,10.785356,17.14,689,4342.39,71931,39.1,1,0,0,0
1,all_other,0.1512,440.95,11.118179,16.88,757,1500.67,61458,36.1,0,0,0,0
1,small_business,0.1614,761.49,11.762275,22.23,731,1627.05,96606,41.8,4,0,0,0
1,all_other,0.1117,248.57,11.229153,19.16,719,5067.96,12305,68.3,0,0,0,0
1,credit_card,0.1293,300.95,11.088723,21.93,748,7372.52,17169,99.7,0,0,0,0
1,debt_consolidation,0.1784,191.94,11.319503,15.97,728,4641.3,59645,17.2,3,1,0,0
1,debt_consolidation,0.132,423.17,10.833612,15.74,756,6582.52,24933,56.9,0,0,0,0
1,home_improvement,0.1295,413.99,11.042281,10.27,745,4835.73,43796,28.8,1,0,1,0
1,credit_card,0.0999,294.22,10.631737,18.26,768,5820.94,4136,0.0,2,0,0,1
1,debt_consolidation,0.1382,629.05,9.984162,3.41,724,6987.12,102514,114.3,3,0,0,1
1,small_business,0.1323,178.96,11.13913,11.64,744,8387.13,4923,43.8,1,0,0,0
1,all_other,0.1699,426.15,11.141475,16.33,698,5773.36,64834,34.8,1,0,0,1
1,debt_consolidation,0.1672,591.66,10.754495,22.32,687,9908.44,9478,71.7,0,1,0,0
1,all_other,0.1194,248.37,11.561851,9.3,775,4477.26,4659,115.6,1,0,0,0
1,credit_card,0.1371,142.34,10.489822,19.27,718,8369.26,450,54.7,1,0,0,0
1,debt_consolidation,0.1725,119.44,9.849456,11.24,741,6516.26,7719,119.0,2,1,0,0
1,home_improvement,0.1395,416.47,10.504759,19.41,715,483.51,1487,45.5,2,0,0,0
1,all_other,0.1518,1216.37,9.990027,7.07,688,8594.09,2499,75.5,2,1,0,0
1,all_other,0.151,247.79,11.136202,17.61,710,2764.54,24705,22.5,1,0,0,0
1,small_business,0.1441,515.72,10.471232,11.94,765,4437.87,964,22.9,1,0,0,0
1,all_other,0.1561,70.03,11.53066,4.42,731,7242.87,78333,55.0,0,0,0,1
0,all_other,0.2038,530.63,11.517917,11.54,645,3198.67,617015,84.5,3,1,0,1
0,debt_consolidation,0.1766,183.71,10.365766,21.72,702,4882.31,5049,31.7,0,2,0,0
1,debt_consolidation,0.1739,297.73,10.437055,5.57,778,6703.03,75149,73.3,2,0,0,0
1,debt_consolidation,0.1256,387.02,11.256008,2.36,702,3004.47,1170,57.3,0,0,0,0
0,debt_consolidation,0.1911,125.56,11.527702,15.35,642,4470.39,20747,38.5,0,0,0,1
1,all_other,0.1131,1151.0,9.702301,1.02,782,4176.42,19304,67.5,1,0,0,0
1,debt_consolidation,0.1844,260.44,11.101819,23.39,736,7469.9,1200000,23.6,0,0,0,0
1,debt_consolidation,0.1608,588.81,9.58947,23.21,707,8980.8,6030,76.5,1,0,0,1
1,all_other,0.1216,1035.24,10.595405,19.76,696,2309.88,22915,40.1,1,0,0,0
1,debt_consolidation,0.1461,462.99,11.597131,12.52,751,5254.3,8142,67.9,3,0,0,1
1,all_other,0.1707,165.28,12.76596,24.09,689,3749.69,6037,53.0,3,0,1,1
0,credit_card,0.1513,408.18,10.784317,21.88,754,5137.56,8769,49.6,5,0,0,0
1,debt_consolidation,0.132,102.11,10.169259,8.92,731,9476.81,8088,0.0,0,0,0,0
1,debt_consolidation,0.1584,304.34,10.61677,22.53,719,6009.56,3971,30.5,0,0,0,0
1,all_other,0.1478,1209.52,10.970303,6.31,716,3652.39,16791,18.1,1,0,0,0
1,debt_consolidation,0.1456,140.32,10.521153,11.24,703,1639.37,2609,63.0,0,0,0,0
1,all_other,0.1448,211.39,10.365858,0.23,750,7557.73,5773,40.3,2,0,0,1
1,credit_card,0.1738,1254.47,10.669621,13.61,677,3912.04,236667,0.0,1,0,0,0
0,all_other,0.2048,362.19,11.171302,10.57,648,3120.02,9087,63.4,0,0,0,0
1,all_other,0.1461,201.72,10.826661,9.48,733,5819.99,45189,42.2,1,0,0,0
1,major_purchase,0.1572,502.99,10.392222,11.46,734,6507.5,9683,45.3,0,0,0,1
1,debt_consolidation,0.1237,263.06,10.521262,8.6,728,4138.69,37399,60.3,1,0,0,0
1,small_business,0.192,60.06,10.677546,12.89,725,2695.17,8270,54.3,2,0,0,0
1,home_improvement,0.1458,145.43,10.32035,21.46,698,8481.4,175,105.4,0,0,0,0
1,all_other,0.1605,1231.36,10.498642,5.27,740,6768.85,10410,73.4,0,0,0,0
1,debt_consolidation,0.1621,485.28,11.322618,18.55,708,7528.13,2203,49.0,1,0,0,0
1,debt_consolidation,0.1672,1082.19,10.789504,14.09,691,4167.59,6767,56.6,2,0,0,0
1,major_purchase,0.1765,191.46,9.860373,15.18,698,2985.84,32901,40.7,0,1,0,1
1,debt_consolidation,0.0785,329.08,11.555219,12.39,787,3728.12,200033,32.9,2,0,0,0
0,small_business,0.1891,355.79,11.184199,7.65,644,1250.89,1149,72.6,1,0,0,0
1,all_other,0.1623,263.01,10.086289,15.67,729,4223.69,7463,93.8,1,0,0,0
0,all_other,0.22,483.96,10.707119,16.18,646,3371.62,11240,42.2,1,0,0,1
1,all_other,0.1572,175.53,10.44682,7.08,706,4865.75,11828,62.8,0,0,0,0
1,debt_consolidation,0.1143,840.21,11.342912,3.36,694,5182.58,11954,20.7,3,0,0,1
0,all_other,0.1851,552.32,10.703292,13.19,631,5286.77,26938,65.8,2,0,0,0
1,major_purchase,0.1479,334.67,10.885608,17.81,725,3596.61,5430,20.2,1,0,0,0
1,debt_consolidation,0.1844,436.76,10.814591,19.54,696,2089.38,7962,53.0,1,0,0,1
0,major_purchase,0.1929,325.76,10.027118,20.9,630,1454.52,20553,59.9,1,0,0,1
1,educational,0.116,108.09,11.787292,15.16,742,5548.42,3576,85.3,0,0,0,0
1,debt_consolidation,0.1504,189.63,11.334021,10.78,765,5398.39,4248,0.0,1,1,0,0
1,all_other,0.1416,330.31,10.474096,12.59,767,1579.82,9836,93.6,1,0,0,0
1,debt_consolidation,0.1356,290.21,11.047036,4.02,724,8626.16,4248,82.3,2,0,0,0
1,all_other,0.1694,613.11,11.524212,7.89,712,7146.88,2288,62.4,1,0,0,0
1,educational,0.1225,539.73,10.964002,12.23,760,2506.28,1897,38.1,2,0,0,0
1,small_business,0.1361,251.23,11.87962,10.76,774,5723.71,10201,78.0,0,0,0,0
1,major_purchase,0.126,187.53,12.709889,13.23,753,4717.85,97975,101.8,1,0,0,0
1,debt_consolidation,0.1659,657.68,10.853066,3.11,674,5718.96,20494,39.3,2,0,0,0
1,all_other,0.1704,445.47,10.574657,4.65,718,5489.99,2384,89.3,1,0,0,0
1,debt_consolidation,0.1125,232.6,10.32646,17.95,727,6739.17,130265,75.8,3,1,0,0
0,small_business,0.22,187.81,9.579719,6.85,641,8757.97,4904,83.4,0,0,0,1
1,debt_consolidation,0.1513,236.69,11.691368,7.93,728,5807.95,138602,69.9,1,0,0,0
1,debt_consolidation,0.1094,470.74,10.714369,13.26,796,6392.38,9714,47.7,3,0,0,0
1,debt_consolidation,0.1455,1205.59,11.463967,6.17,734,8722.07,16744,12.9,0,0,0,0
1,debt_consolidation,0.1125,309.85,11.586636,20.23,766,3715.37,6094,33.2,2,0,0,0
1,debt_consolidation,0.1201,202.81,10.270608,3.93,717,2727.33,6783,67.1,1,0,0,0
1,debt_consolidation,0.1396,1195.54,10.362203,12.61,707,6739.88,99869,41.5,3,0,0,0
1,small_business,0.1267,282.74,11.994259,7.43,724,2002.76,8207,0.0,2,0,1,0
1,credit_card,0.1428,215.27,10.88726,13.68,679,3040.96,49445,30.0,0,0,0,0
1,debt_consolidation,0.1401,281.14,10.527225,9.17,673,8822.46,11797,15.0,2,0,0,0
1,home_improvement,0.1588,278.77,10.292444,12.44,758,765.29,9089,54.7,1,0,0,1
1,all_other,0.1068,867.45,10.843712,21.03,762,5817.13,29683,72.2,4,0,0,0
1,credit_card,0.1722,121.21,11.849816,7.86,672,1454.48,9054,53.6,0,0,0,0
1,debt_consolidation,0.1616,584.33,11.348117,7.8,747,6086.31,3101,4.2,3,0,0,0
1,all_other,0.1743,389.32,11.040875,10.42,707,9641.02,3250,36.2,3,0,0,0
1,debt_consolidation,0.1441,254.67,11.898998,22.77,723,2528.17,27624,17.0,2,0,0,1
1,debt_consolidation,0.1424,296.51,11.781423,11.98,727,180.0,319,43.3,1,0,0,0
1,all_other,0.1424,314.74,11.133815,21.12,748,5951.51,19968,69.5,2,0,0,0
1,credit_card,0.1968,430.45,12.623433,11.38,713,3491.06,1096,50.2,1,0,0,0
1,credit_card,0.1399,272.53,10.779072,20.81,764,4599.78,14471,48.4,0,0,0,1
1,debt_consolidation,0.1639,369.33,11.599797,15.41,722,5971.78,93129,93.2,0,0,0,1
1,all_other,0.1904,232.81,10.690272,16.43,734,6467.34,2658,21.5,1,0,0,0
1,credit_card,0.1759,1258.15,11.480738,2.69,678,6491.92,25296,80.0,1,0,0,0
1,debt_consolidation,0.142,759.87,10.778484,1.67,792,4991.35,66086,38.9,2,0,0,0
1,debt_consolidation,0.1574,539.37,11.211435,19.98,728,6149.32,4353,119.0,1,0,0,0
1,debt_consolidation,0.153,279.09,12.387983,19.9,737,4590.05,3884,55.6,3,0,0,0
0,debt_consolidation,0.1641,687.35,11.51063,29.31,649,4237.56,19932,0.0,2,1,0,1
1,debt_consolidation,0.1473,465.76,11.220873,2.35,679,5019.3,80818,36.5,0,0,0,0
1,debt_consolidation,0.1245,397.43,10.457431,15.95,757,6503.14,421617,10.6,4,0,0,0
1,all_other,0.1686,268.0,11.04482,5.54,721,3442.43,3345,109.3,1,1,0,0
0,credit_card,0.2054,496.3,10.315118,7.49,637,5597.05,30829,26.7,2,0,0,1
1,home_improvement,0.165,1239.15,11.471056,9.13,749,3912.45,5072,83.6,2,0,1,0
1,credit_card,0.1651,409.81,11.455745,15.24,689,3220.11,1797,75.0,1,0,0,0
1,debt_consolidation,0.1424,311.89,10.820422,8.02,764,7688.54,7524,13.5,1,0,0,0
1,major_purchase,0.1681,416.91,11.944755,12.83,707,5987.81,7561,3.2,1,0,0,0
1,credit_card,0.1502,391.08,11.858967,18.34,718,6010.87,12560,75.9,1,0,0,0
1,all_other,0.1292,250.99,11.021284,20.38,755,2696.6,21374,37.3,1,0,0,0
1,debt_consolidation,0.1415,222.98,11.274962,17.38,676,4443.5,15869,47.6,1,0,1,0
1,all_other,0.1699,679.4,10.571041,15.72,672,6561.87,76427,51.9,1,0,0,0
0,all_other,0.157,890.33,10.76397,11.62,703,5990.53,220836,0.0,6,1,0,0
1,credit_card,0.1646,1238.46,10.272415,8.67,741,11471.51,11212,45.0,1,0,0,0
0,home_improvement,0.2035,562.93,10.638214,16.32,659,5609.74,4976,80.3,2,0,0,0
0,major_purchase,0.1872,433.4,10.866323,5.35,647,3397.57,7950,0.0,2,0,0,0
1,major_purchase,0.1832,746.71,9.917176,13.42,741,3972.11,7565,70.7,2,0,0,0
1,all_other,0.17,206.53,11.281857,5.18,687,2918.71,4246,40.7,2,0,0,0
1,educational,0.1833,622.89,11.553498,12.32,695,3444.09,994,14.0,2,0,0,0
0,small_business,0.2008,842.02,10.92517,5.33,639,5309.31,1266,57.0,0,0,0,1
1,debt_consolidation,0.1448,770.92,9.284682,9.84,684,3900.59,32663,46.5,1,0,0,0
1,all_other,0.1474,1208.83,10.775674,7.94,710,8400.2,36307,86.5,1,0,0,0
1,debt_consolidation,0.1696,256.37,10.080034,7.1,745,7262.52,18408,30.8,1,0,0,0
1,debt_consolidation,0.1637,273.86,10.558132,12.0,681,7220.17,7426,84.4,3,0,0,1
1,debt_consolidation,0.1182,311.7,11.815681,0.0,773,4430.29,4875,45.9,2,0,0,0
1,all_other,0.1675,177.98,9.444971,0.16,684,7344.55,1217,59.5,1,0,0,0
1,debt_consolidation,0.1598,560.41,10.432019,18.15,684,7617.82,3857,36.8,1,0,0,0
1,debt_consolidation,0.1537,611.44,11.436037,13.62,768,9049.63,3391,19.1,1,1,0,0
1,debt_consolidation,0.19,594.02,10.501825,7.61,718,3707.16,1138,74.4,2,0,0,1
1,credit_card,0.1655,430.24,10.455158,19.32,689,5089.03,15496,45.7,0,0,0,0
1,small_business,0.1844,804.44,12.169768,8.19,704,3182.92,3354,37.4,2,0,0,0
1,educational,0.1524,569.07,11.160816,8.6,761,11658.21,11670,75.9,2,0,0,0
1,all_other,0.1329,242.73,11.499924,7.19,766,4555.33,1026,90.4,4,0,0,1
1,debt_consolidation,0.1523,48.24,11.231749,25.76,679,8249.52,28005,31.6,2,0,0,0
1,small_business,0.1636,306.6,11.028635,14.22,708,5451.5,21738,94.6,2,0,0,0
1,debt_consolidation,0.1628,396.76,11.701055,13.95,713,7258.57,4811,24.3,3,0,1,0
1,educational,0.1804,408.99,12.092261,15.82,673,5023.78,98462,53.2,4,0,0,0
1,credit_card,0.121,320.93,9.903055,0.0,708,7367.91,9610,72.0,3,1,0,0
1,all_other,0.1472,259.37,10.908456,8.5,710,5750.79,13591,0.0,2,0,0,0
1,debt_consolidation,0.1218,201.35,10.903649,15.74,753,9322.92,899,18.7,1,0,0,0
1,debt_consolidation,0.1528,184.72,10.668141,12.57,756,5825.49,3127,34.5,1,0,0,1
1,all_other,0.1478,512.52,11.528447,27.82,697,3253.84,3861,54.7,2,0,0,0
1,all_other,0.1503,812.58,11.086701,8.91,702,6355.26,38224,47.0,0,0,0,0
1,home_improvement,0.1347,154.53,12.104538,19.11,735,5083.13,51118,0.0,2,0,0,0
1,all_other,0.1816,379.67,11.601163,18.16,688,2593.52,4393,35.6,3,0,0,1
1,all_other,0.1654,673.0,11.762468,13.59,732,6008.09,14365,1.5,1,0,1,0
1,debt_consolidation,0.1671,340.29,10.19851,14.84,707,3518.0,43080,28.9,1,1,0,0
1,all_other,0.1947,666.14,10.438288,10.6,673,4470.58,6349,36.8,2,0,0,0
1,debt_consolidation,0.1968,860.94,10.488548,0.0,674,5162.72,1054,52.9,1,0,0,0
1,credit_card,0.0949,461.71,11.737102,15.01,765,180.0,34113,33.7,1,0,0,0
1,all_other,0.1704,275.79,10.340022,15.56,704,3981.66,21586,47.6,0,0,1,0
1,home_improvement,0.1206,912.9,10.35786,16.64,772,7369.53,17426,31.0,3,0,0,0
1,all_other,0.1398,309.92,10.245973,13.04,690,4579.3,50786,56.3,3,0,0,0
1,debt_consolidation,0.1446,312.04,12.609347,19.3,721,305.56,57930,8.8,0,0,0,0
1,home_improvement,0.1296,528.17,10.843239,6.62,801,4855.8,29550,44.7,0,0,1,0
1,credit_card,0.203,330.51,11.253232,22.73,670,6267.41,1680,13.5,1,0,1,0
0,credit_card,0.1614,329.43,10.234223,5.78,638,4315.43,972,35.0,0,0,0,1
1,all_other,0.1462,290.32,11.515148,11.86,759,4396.3,19165,52.6,2,1,0,0
1,small_business,0.22,368.1,9.848063,17.3,679,3944.24,12143,20.5,3,0,0,1
1,debt_consolidation,0.193,462.12,10.332808,9.05,709,6611.54,13692,42.8,2,1,0,0
1,debt_consolidation,0.0967,88.29,10.483862,17.77,688,3004.83,163645,36.2,0,0,0,0
1,home_improvement,0.195,376.97,11.063512,10.23,720,6425.67,47484,106.1,1,1,0,0
1,debt_consolidation,0.1913,116.76,10.44622,13.42,674,4390.2,8146,56.7,4,0,0,1
1,home_improvement,0.1129,270.53,11.859639,11.35,703,8192.85,3368,61.0,3,0,0,0
1,debt_consolidation,0.1329,468.9,11.236966,8.62,727,3846.72,30695,21.1,1,0,0,0
1,debt_consolidation,0.1982,322.43,10.509342,28.13,672,2283.12,22923,0.0,4,0,0,1
1,debt_consolidation,0.1753,642.6,11.538546,6.81,683,6607.09,7752,28.7,1,0,0,0
1,home_improvement,0.1503,483.84,10.690096,0.0,697,6291.9,137,0.0,2,1,0,0
0,credit_card,0.1815,87.6,10.569834,7.05,656,6089.71,2360,52.7,0,1,0,0
1,debt_consolidation,0.174,907.06,11.476448,13.51,694,7176.2,42436,54.2,4,0,0,1
1,debt_consolidation,0.1421,446.56,9.433777,10.0,715,2555.42,1384,52.2,1,0,0,1
1,debt_consolidation,0.1601,258.2,11.378238,19.63,695,3089.04,27627,44.1,1,0,0,0
1,debt_consolidation,0.1783,283.94,10.495012,19.38,700,8359.21,22245,20.4,2,0,0,0
1,credit_card,0.1423,87.17,10.49409,10.4,709,6148.77,2240,25.0,1,0,0,0
1,debt_consolidation,0.14,435.4,12.124464,0.99,685,3920.86,46158,58.2,1,1,0,0
1,debt_consolidation,0.1315,582.63,10.60596,3.75,736,650.97,9631,103.9,1,0,0,0
1,debt_consolidation,0.1134,223.57,11.513108,12.38,765,1949.39,8626,53.3,0,0,0,0
1,all_other,0.1519,201.78,11.100339,1.8,692,2666.38,1738,56.8,0,0,0,0
1,credit_card,0.1133,397.0,11.163625,10.06,728,3656.94,87218,101.3,2,0,0,0
1,credit_card,0.1647,893.3,10.777169,22.41,701,5823.74,1624,45.7,1,0,0,0
1,all_other,0.167,833.35,10.745344,14.97,724,1645.44,1595,19.0,2,0,0,1
1,educational,0.1131,642.61,11.862073,12.92,769,3740.46,13717,57.2,3,0,0,1
1,all_other,0.1343,1186.55,11.497581,5.42,729,1901.32,2279,94.3,1,0,0,0
0,small_business,0.1973,773.49,10.625195,13.85,643,4006.58,299173,72.4,2,0,0,0
1,all_other,0.13,828.18,10.292016,10.82,727,11021.64,2251,52.7,2,0,0,1
1,debt_consolidation,0.1544,405.51,10.573471,14.25,757,8033.15,38913,0.0,0,0,0,0
1,home_improvement,0.1417,293.99,11.528712,17.62,702,6493.87,151557,2.1,0,0,0,0
1,all_other,0.1283,813.55,11.649002,18.8,748,3754.37,34375,56.6,1,1,1,0
1,credit_card,0.1523,191.43,11.268516,13.49,684,2367.68,3267,36.8,1,0,0,0
0,debt_consolidation,0.2012,547.78,9.94377,16.13,654,4843.3,18947,44.2,2,0,0,1
1,all_other,0.149,247.4,11.389805,9.07,715,1176.36,95651,75.2,2,0,0,0
0,small_business,0.22,529.7,11.725183,20.41,643,6680.31,994,10.5,2,0,0,1
1,debt_consolidation,0.167,468.44,11.035869,6.48,701,4564.45,63332,28.9,0,1,0,0
1,debt_consolidation,0.157,429.21,12.13768,11.17,759,4991.16,23999,81.8,1,0,0,0
0,debt_consolidation,0.1823,391.81,10.124208,21.13,637,899.49,225035,10.7,1,0,0,0
1,all_other,0.1591,557.56,11.347733,9.28,661,5184.53,21707,80.7,1,0,0,1
1,home_improvement,0.1728,635.83,10.307665,3.35,671,4462.38,13954,57.2,3,0,0,0
1,all_other,0.1432,141.05,11.575711,9.77,708,2668.36,32665,43.3,2,0,0,0
1,major_purchase,0.1222,353.06,11.303845,22.2,696,5621.14,1504,51.3,2,0,0,0
1,all_other,0.1523,283.89,12.028827,0.0,763,4063.73,2966,57.7,1,0,0,0
1,debt_consolidation,0.1404,428.49,11.234822,13.31,746,5796.72,12222,66.1,0,0,0,1
1,debt_consolidation,0.1333,276.72,10.683556,8.23,729,6605.79,4732,0.0,4,0,1,0
1,debt_consolidation,0.1607,939.75,10.630447,11.44,716,2347.92,4112,83.7,2,1,0,0
1,credit_card,0.1501,361.53,10.777392,10.2,725,5327.53,285117,54.1,0,0,0,0
1,debt_consolidation,0.1989,809.69,10.618458,19.23,677,5280.38,192982,80.4,0,0,0,1
1,debt_consolidation,0.1497,194.62,11.751736,12.97,743,8169.17,187,60.0,2,0,0,0
1,small_business,0.1867,327.91,11.708139,19.57,668,7162.48,11663,110.3,1,0,0,1
1,all_other,0.1554,248.47,10.017094,21.46,742,4189.17,1625,26.3,0,0,0,0
1,debt_consolidation,0.1349,488.89,10.9534,12.81,755,3995.69,68940,93.9,2,0,0,0
1,credit_card,0.156,166.83,10.96812,10.12,718,5434.1,15617,22.0,3,0,0,0
1,all_other,0.1836,120.16,10.45341,15.2,703,2250.92,114028,62.8,0,0,2,0
0,small_business,0.1408,241.54,11.197332,16.53,725,2625.94,2757,77.8,8,0,0,1
0,credit_card,0.1827,587.87,11.821119,4.64,612,3890.27,2392,47.5,3,0,0,1
1,debt_consolidation,0.1426,212.87,11.474003,14.23,721,180.0,7705,0.0,3,1,0,0
1,debt_consolidation,0.1522,458.06,11.751712,10.85,706,2585.85,4207,50.9,3,0,1,0
1,debt_consolidation,0.1799,251.32,10.491735,9.7,708,4229.36,9435,33.3,1,0,0,0
1,credit_card,0.1155,105.82,10.95227,7.83,737,11949.98,73068,73.2,2,0,0,0
1,all_other,0.1567,694.92,10.462955,8.28,707,3449.67,23104,21.2,3,0,1,0
0,credit_card,0.1642,609.42,11.076052,21.26,667,6710.56,6806,31.2,6,0,0,0
1,all_other,0.1922,391.1,11.130965,10.09,705,4564.8,11924,27.5,3,0,0,0
1,debt_consolidation,0.1722,403.09,11.515501,20.49,713,6159.9,870,37.9,1,0,0,0
1,debt_consolidation,0.1589,332.04,11.73123,13.5,714,2353.72,481,49.5,0,0,0,0
1,debt_consolidation,0.1726,189.98,11.350276,4.78,716,1195.93,75943,63.6,2,1,0,1
1,debt_consolidation,0.112,895.96,10.405296,13.92,749,8503.38,3235,61.3,3,1,0,0
1,all_other,0.2149,386.64,10.105175,4.4,669,1734.82,108467,9.9,1,1,0,0
1,major_purchase,0.1359,478.73,11.247212,16.79,717,8769.06,6698,21.9,1,0,0,0
1,debt_consolidation,0.159,270.83,11.845318,11.17,759,4132.49,13560,30.0,2,0,0,0
0,credit_card,0.1966,551.65,10.914877,18.5,644,2992.34,41313,36.9,0,0,0,0
1,debt_consolidation,0.158,854.8,9.99829,22.49,717,3768.99,49818,21.9,1,0,0,0
1,credit_card,0.1901,450.61,12.201701,0.63,688,9065.44,4804,25.3,1,1,0,0
1,debt_consolidation,0.1821,510.45,11.228537,9.42,696,3313.74,12256,84.6,0,0,0,0
1,credit_card,0.1733,724.35,11.034396,4.25,676,4104.76,10624,55.9,0,1,0,0
1,debt_consolidation,0.1502,622.29,10.217538,27.49,704,7498.11,20038,14.9,1,0,0,0
1,debt_consolidation,0.1269,762.06,10.939892,9.56,780,6244.38,14899,58.6,3,0,0,0
1,all_other,0.1754,491.86,11.348999,3.53,662,10253.7,3401,35.1,3,0,0,0
1,debt_consolidation,0.1828,496.76,11.236843,28.06,666,7973.26,13893,100.6,0,0,0,1
1,all_other,0.1984,479.59,10.515269,7.59,661,3319.32,1052,28.7,2,0,0,1
1,debt_consolidation,0.1356,680.54,10.89519,1.41,776,8316.42,10992,32.7,0,0,0,0
1,major_purchase,0.1677,287.33,10.554236,4.61,692,254.49,13219,38.4,1,1,0,0
1,debt_consolidation,0.1433,544.51,11.945139,13.59,709,6985.58,2278,15.0,2,0,0,0
1,all_other,0.1691,1246.28,11.475873,12.92,695,3423.32,6967,60.4,2,0,0,0
1,small_business,0.1532,489.69,10.610156,6.83,674,6549.04,4810,48.3,1,0,0,1
1,credit_card,0.144,162.63,10.217234,9.25,701,9968.82,4958,56.9,1,0,0,0
1,debt_consolidation,0.1262,299.17,11.099467,12.97,803,883.99,36762,47.8,1,0,0,0
1,all_other,0.1498,585.38,10.629381,21.73,763,7367.29,22920,52.3,0,0,0,0
1,debt_consolidation,0.1699,243.84,10.674833,14.9,678,7160.33,50924,94.0,2,0,0,0
1,all_other,0.1487,190.88,10.237519,8.71,735,6710.62,304141,62.9,2,0,0,0
1,all_other,0.1777,150.1,10.313041,11.02,678,2609.53,63309,0.0,2,0,0,1
0,credit_card,0.2001,351.39,11.029229,17.91,642,4836.24,936,56.1,2,0,0,0
0,home_improvement,0.1343,1145.85,10.767204,24.19,749,2652.37,3832,80.8,1,2,0,0
1,debt_consolidation,0.1164,249.19,12.452874,4.98,754,6135.0,93651,0.0,0,0,0,1
1,debt_consolidation,0.1456,695.65,11.292495,20.29,750,1799.22,5815,13.3,2,0,0,0
1,debt_consolidation,0.2032,335.84,10.227466,10.44,692,3966.81,5228,64.4,0,0,0,1
1,all_other,0.1402,285.15,9.993262,1.39,704,6635.24,18669,75.2,3,0,0,0
1,debt_consolidation,0.1408,537.44,11.172885,0.03,738,3228.13,6936,52.0,1,0,0,0
1,all_other,0.1414,128.02,10.687911,21.81,725,4069.33,168554,59.7,2,0,0,0
1,all_other,0.2109,1320.25,11.7422,22.63,695,2793.71,8449,86.7,1,0,0,0
0,major_purchase,0.1646,563.77,11.101937,8.67,648,5701.75,518606,32.1,1,0,0,0
1,debt_consolidation,0.1509,792.54,9.720663,11.14,714,4715.87,4465,19.7,1,0,0,0
1,debt_consolidation,0.1302,307.76,10.308151,0.3,751,3228.4,3822,39.7,1,0,0,0
1,debt_consolidation,0.1515,537.85,10.518078,17.86,664,3483.28,2874,52.1,0,0,0,0
1,all_other,0.1189,696.88,11.199643,12.4,734,5455.23,3105,56.1,1,0,0,0
1,debt_consolidation,0.1614,361.6,10.287821,1.89,723,2414.45,34806,69.4,1,0,0,0
1,debt_consolidation,0.157,207.81,11.023219,14.01,739,4949.27,1274,95.3,3,0,0,0
1,debt_consolidation,0.1299,190.42,10.114949,3.01,743,5142.97,2193,52.4,3,0,0,0
1,credit_card,0.1958,300.62,10.933773,16.45,684,5450.32,25120,10.7,0,1,0,0
0,major_purchase,0.1383,437.15,11.155716,5.13,649,3734.29,340,24.6,1,0,0,0
1,debt_consolidation,0.1397,333.42,11.821521,14.93,690,6572.71,1037,51.0,1,1,0,0
1,debt_consolidation,0.1241,259.44,11.079801,8.09,744,7464.02,10065,89.2,2,0,0,0
1,all_other,0.1652,622.65,10.431792,0.0,689,6678.31,21013,66.0,2,0,0,0
1,debt_consolidation,0.1586,277.93,11.840733,19.47,684,5584.56,6387,21.2,1,0,0,0
0,educational,0.1829,261.3,10.818261,19.85,641,1493.95,21961,28.1,0,0,0,0
1,all_other,0.1355,716.93,11.401876,9.0,777,9248.95,2760,38.5,1,0,0,0
1,credit_card,0.1711,574.21,10.556134,14.49,741,5206.52,123282,49.2,0,0,0,0
1,small_business,0.1739,166.33,10.985375,15.62,739,5839.57,46984,39.1,0,0,0,0
1,all_other,0.1404,147.35,10.441227,15.85,747,3297.45,2973,21.6,2,0,0,1
1,debt_consolidation,0.1444,173.23,11.126579,24.51,732,4523.03,8091,25.2,2,0,0,0
1,all_other,0.182,388.12,11.420335,15.48,701,8008.46,472,44.9,1,0,0,0
1,debt_consolidation,0.1963,922.8,10.628172,10.13,704,7016.68,48409,53.1,1,0,0,0
1,all_other,0.1759,1082.96,10.593885,15.55,694,4281.8,1412,18.8,1,0,0,0
1,educational,0.1011,597.79,11.147659,9.63,810,8879.18,4620,56.3,1,0,0,0
1,debt_consolidation,0.1516,1216.03,10.42674,5.25,731,2536.83,6844,99.6,2,0,0,0
1,all_other,0.1756,452.6,10.004054,21.02,692,857.88,1209,53.0,1,0,0,1
1,debt_consolidation,0.1367,808.71,11.14545,16.29,728,237.1,2885,54.9,1,0,0,0
1,debt_consolidation,0.1903,268.91,10.864305,0.0,672,7047.37,19848,7.2,0,0,0,0
1,all_other,0.1355,124.98,10.851396,7.88,767,3319.84,4930,68.4,3,0,0,1
1,credit_card,0.1904,323.22,11.247853,17.83,685,4709.08,44126,30.2,1,0,0,0
1,all_other,0.1278,336.57,11.333058,1.81,729,7795.93,35835,78.0,1,0,0,0
1,debt_consolidation,0.1026,1133.63,10.831789,7.4,751,5881.85,2812,99.2,0,0,0,0
0,debt_consolidation,0.1413,374.41,10.245172,30.0,725,2094.7,5293,27.4,6,0,0,0
1,all_other,0.1546,187.17,10.540462,10.32,714,9120.48,5297,28.3,2,0,0,1
1,all_other,0.1199,713.61,11.286828,20.07,710,4332.51,5731,62.5,1,0,0,0
1,credit_card,0.1446,221.1,11.013206,22.95,708,4902.64,115805,10.2,2,0,0,0
1,all_other,0.1915,444.24,10.594647,6.33,688,3277.94,14863,49.9,2,0,0,1
1,small_business,0.1892,740.12,10.451524,14.44,693,2270.89,769,38.6,0,0,0,1
1,home_improvement,0.1335,192.95,11.306872,26.81,766,5635.9,3836,44.7,1,1,0,0
1,debt_consolidation,0.1366,1076.21,10.794792,15.77,706,1456.53,5222,0.0,2,0,0,0
1,all_other,0.1944,887.71,11.389157,28.92,680,4852.3,21539,61.7,1,0,0,0
1,credit_card,0.1566,490.09,11.466395,8.21,690,9023.5,195530,118.3,1,0,0,1
1,major_purchase,0.1389,1194.35,10.739168,25.0,752,6938.15,38549,35.0,3,0,0,0
1,all_other,0.1523,291.1,11.509285,12.72,736,5567.45,9290,5.3,3,0,0,0
1,all_other,0.1499,661.0,11.01443,10.34,731,2314.24,2804,70.2,1,0,0,0
1,debt_consolidation,0.1902,487.49,11.093333,17.02,700,4908.24,106256,21.8,1,0,0,0
1,credit_card,0.1575,245.2,9.594863,11.83,732,3069.85,6804,47.9,2,0,0,0
1,small_business,0.1885,261.47,10.337738,12.02,686,8665.55,1127,26.4,3,1,0,1
1,major_purchase,0.1587,1228.25,10.370816,15.95,700,3875.15,19385,5.6,1,0,0,0
1,debt_consolidation,0.1479,793.57,10.735621,0.13,747,3095.07,1514,56.0,1,0,0,0
1,debt_consolidation,0.1369,693.72,10.999754,7.09,743,4515.73,31430,27.0,2,0,0,0
1,credit_card,0.1763,253.96,11.024703,17.59,673,3105.7,5824,0.6,3,0,0,0
1,all_other,0.1639,634.67,11.104306,19.44,677,5649.13,6707,55.5,3,0,0,0
1,small_business,0.1591,296.84,10.512184,15.06,714,9613.18,135,119.0,0,0,0,0
1,debt_consolidation,0.1079,1142.38,11.351731,14.5,776,5077.92,61331,76.5,1,1,0,0
0,home_improvement,0.1833,928.52,12.033666,15.38,637,2753.05,1658,45.9,0,0,0,0
1,credit_card,0.1442,715.73,10.714472,19.21,721,4664.94,3444,119.0,1,0,0,1
0,debt_consolidation,0.2159,736.35,10.525162,2.76,658,1882.77,14845,0.0,5,0,0,0
0,debt_consolidation,0.1865,375.23,10.511948,9.08,686,12243.73,8661,63.7,5,0,0,0
1,credit_card,0.1595,540.44,10.982135,12.09,696,9562.22,431059,100.1,1,0,0,0
1,debt_consolidation,0.1546,1122.61,10.609285,13.95,694,8177.55,692,17.5,1,1,0,0
1,home_improvement,0.1772,546.08,9.8745,0.0,690,6938.54,5926,55.7,2,0,0,0
1,all_other,0.1947,224.03,10.041381,3.92,710,4646.28,38480,28.7,0,0,0,1
1,all_other,0.1808,952.95,11.552316,12.49,690,4701.46,5384,37.2,2,0,0,0
0,debt_consolidation,0.1467,234.56,11.711894,19.59,654,4509.04,10880,58.9,1,0,0,0
1,educational,0.1597,376.51,11.905933,9.71,740,11002.15,683925,0.0,2,0,0,0
1,credit_card,0.1637,277.46,11.068046,8.0,739,4579.63,12153,17.8,2,0,0,0
1,credit_card,0.1855,64.16,10.325548,16.25,742,3649.78,102855,48.1,3,0,0,0
0,credit_card,0.1775,445.5,10.66281,10.34,651,4798.64,30930,0.0,0,0,0,0
1,all_other,0.1537,1219.64,10.020254,18.68,721,6352.44,35596,36.3,1,0,0,1
1,major_purchase,0.1532,476.51,9.996766,11.07,736,180.0,7963,2.9,2,0,0,0
1,all_other,0.1582,1227.39,11.08571,4.91,671,6043.31,807,4.5,0,0,0,1
0,all_other,0.1388,335.24,11.258797,22.4,710,180.0,62333,73.7,3,2,0,0
1,debt_consolidation,0.1657,452.63,12.124608,21.14,706,8740.19,26658,49.9,2,0,0,0
1,debt_consolidation,0.0935,325.01,10.879313,6.01,780,749.66,25772,40.7,1,0,1,0
1,credit_card,0.0967,366.4,10.101721,15.33,783,3052.05,8604,34.2,1,0,0,0
0,debt_consolidation,0.2006,527.1,10.855629,10.35,647,267.38,3878,56.1,2,0,0,1
1,credit_card,0.1231,1050.36,10.7577,16.87,805,9562.05,90777,33.1,2,0,0,0
0,major_purchase,0.1966,224.91,10.630349,6.56,675,5029.29,18449,25.1,5,0,0,0
1,all_other,0.1485,380.68,11.139687,18.62,747,10626.46,586,77.3,1,0,0,0
1,debt_consolidation,0.1395,574.86,10.189172,20.85,747,10029.77,10041,29.1,2,0,0,0
1,credit_card,0.1988,994.25,11.00974,6.06,672,8183.19,6725,85.9,1,0,0,1
1,debt_consolidation,0.1389,82.42,11.327454,13.07,729,1555.72,164,30.9,2,0,0,0
1,home_improvement,0.151,142.67,11.79604,20.99,706,5473.7,3305,68.8,1,0,0,0
1,all_other,0.1452,387.47,11.119329,5.69,731,8475.53,696451,54.4,0,0,0,1
1,all_other,0.1609,842.89,11.566303,7.99,719,6032.07,251,63.3,1,0,0,0
1,all_other,0.1343,264.87,10.659223,17.17,755,4135.39,1726,55.4,1,0,0,0
1,all_other,0.1248,584.29,10.744383,11.49,713,5938.84,223,67.7,1,0,0,0
1,debt_consolidation,0.1533,1218.95,11.752187,1.73,704,6179.25,869,89.2,1,0,0,0
1,debt_consolidation,0.1364,374.63,10.093334,10.39,752,1366.92,577,21.5,1,0,0,0
1,all_other,0.1483,322.43,10.684084,24.65,732,3642.86,1644,90.2,1,0,0,0
1,small_business,0.1493,527.05,11.618352,26.83,738,6692.85,170341,38.4,0,1,0,0
1,debt_consolidation,0.1773,446.87,10.801222,8.2,685,7245.97,46608,0.0,3,0,0,0
1,debt_consolidation,0.1417,448.05,10.755783,6.3,670,5668.46,7226,66.8,4,0,0,0
1,debt_consolidation,0.1741,345.57,10.768147,9.44,688,4040.3,159234,71.1,0,0,0,0
1,all_other,0.2026,340.75,11.001463,25.03,686,4580.08,5107,61.6,1,0,0,0
1,debt_consolidation,0.1303,182.53,11.592511,18.41,740,3174.19,2372,37.2,3,0,0,0
1,credit_card,0.1404,574.61,11.493781,22.7,747,4799.84,5471,19.8,2,0,0,0
1,debt_consolidation,0.1537,184.08,10.936989,19.49,704,7185.19,868,31.6,2,0,0,0
1,credit_card,0.127,207.12,11.596357,3.5,764,11130.47,535,51.8,0,0,1,0
1,debt_consolidation,0.1119,155.25,11.138494,6.05,762,2049.39,31434,39.0,1,0,0,1
0,all_other,0.1917,319.85,11.454063,7.8,719,8226.9,18595,16.7,3,2,0,1
1,debt_consolidation,0.1776,401.34,10.302695,9.0,679,6017.01,1395,39.5,2,0,0,1
1,credit_card,0.1155,167.16,11.990517,7.92,770,1056.91,23103,22.9,1,0,0,0
1,major_purchase,0.1411,310.74,11.06433,8.72,708,4815.76,24629,27.5,0,0,0,0
1,debt_consolidation,0.1549,427.57,9.253531,17.02,715,4605.03,4159,68.1,0,0,0,1
1,major_purchase,0.1184,120.83,11.942312,13.54,697,5055.95,2381,12.5,0,0,0,0
1,debt_consolidation,0.1923,236.37,10.933084,21.02,676,7679.45,38816,56.5,1,0,0,0
0,all_other,0.1708,1249.24,10.688749,14.34,654,9997.19,22392,31.3,3,2,0,1
1,credit_card,0.1529,231.84,10.560533,7.93,734,8297.69,177017,54.8,0,0,0,0
1,debt_consolidation,0.1781,647.58,11.198096,13.9,680,5592.02,21974,20.1,2,1,0,0
1,all_other,0.123,255.77,10.388083,2.17,826,5869.77,641,40.6,2,0,0,0
1,debt_consolidation,0.1842,457.55,10.578087,0.0,669,10257.39,942,22.0,1,0,0,0
1,credit_card,0.1924,230.22,10.592744,17.04,662,2413.22,7721,55.4,2,0,0,0
1,all_other,0.1677,102.68,10.751729,19.63,729,8165.2,39909,0.0,1,0,1,0
1,small_business,0.1382,273.85,10.615723,13.1,768,2191.81,18278,44.1,1,0,0,1
1,debt_consolidation,0.198,552.31,11.450217,9.9,712,1246.31,4077,8.6,1,0,0,0
1,major_purchase,0.1531,612.26,11.095348,3.34,732,6637.92,741,27.8,3,0,0,0
0,debt_consolidation,0.1868,441.21,11.169752,20.65,640,915.92,114710,37.0,3,0,1,0
1,all_other,0.1508,220.29,11.302467,16.0,684,4077.96,106263,67.5,0,0,0,0
1,debt_consolidation,0.1702,742.87,10.873212,14.61,669,8495.66,1151,0.0,0,0,0,0
0,debt_consolidation,0.1963,243.99,10.307611,12.57,638,2775.28,31671,0.0,1,0,0,1
1,debt_consolidation,0.156,240.79,12.031155,9.36,714,9551.95,16455,79.2,2,1,0,0
0,credit_card,0.22,210.33,11.495796,4.92,625,180.0,32686,36.6,1,0,0,0
1,debt_consolidation,0.1706,290.26,11.913824,14.34,660,7670.67,124084,0.0,0,0,0,1
1,all_other,0.1785,320.86,11.561068,8.88,690,1599.69,106979,34.4,2,0,0,0
1,educational,0.1478,464.14,10.649173,9.67,678,4574.19,24592,32.8,3,0,0,0
1,debt_consolidation,0.1928,156.12,9.497733,24.45,725,5599.36,7405,29.8,1,0,0,0
1,debt_consolidation,0.1266,265.72,10.180251,12.27,722,4354.25,6774,53.1,0,0,0,0
1,debt_consolidation,0.1821,226.44,11.318278,0.0,744,4416.85,7708,0.0,0,0,1,0
1,debt_consolidation,0.1401,504.34,10.867934,8.91,739,1433.0,862763,47.7,2,0,0,0
1,all_other,0.0919,431.06,10.673892,5.69,753,8597.45,11759,32.9,1,1,0,0
1,credit_card,0.1829,193.13,9.407712,11.64,710,1985.48,38086,44.5,2,0,0,1
1,debt_consolidation,0.1521,536.74,10.921992,2.77,722,1983.24,21283,72.2,1,0,0,0
1,debt_consolidation,0.1383,359.51,10.270115,15.59,729,4816.91,2246,75.5,0,0,0,0
1,all_other,0.1665,676.14,10.488127,10.56,715,3317.93,23492,92.2,2,1,0,0
1,debt_consolidation,0.1759,250.13,11.448563,9.32,695,7156.46,3791,0.0,0,0,0,0
1,all_other,0.17,589.56,10.302223,13.63,697,3726.08,2406,56.6,1,1,0,0
1,major_purchase,0.1926,737.23,10.36045,12.07,679,5057.06,28304,68.6,3,1,0,0
1,debt_consolidation,0.1538,400.05,11.043204,11.67,726,5346.23,1446,29.1,1,0,0,0
1,all_other,0.1707,1249.07,11.462141,11.05,706,7494.5,44536,45.3,2,0,0,0
1,home_improvement,0.1567,539.94,10.684349,12.46,685,3740.77,27237,84.6,0,1,0,1
1,credit_card,0.1825,1269.73,11.825001,14.97,685,880.53,82774,40.0,1,0,0,0
1,credit_card,0.1663,1241.41,10.150012,14.1,664,3035.93,23575,83.6,2,1,0,1
1,credit_card,0.1168,112.12,10.043026,20.38,747,7903.27,2371,44.5,1,1,0,0
1,all_other,0.1504,849.55,9.991036,8.83,713,5930.15,65038,59.2,0,1,0,0
1,all_other,0.1652,556.02,9.922168,14.24,677,4133.97,70637,72.8,3,0,0,0
1,credit_card,0.1605,456.3,11.135295,29.48,741,5212.8,45686,14.3,2,0,0,0
1,credit_card,0.1363,234.15,10.333549,12.32,689,4395.92,35346,58.4,0,0,0,0
0,credit_card,0.2016,218.3,10.069783,12.58,657,7029.23,1028,32.0,2,0,0,0
1,debt_consolidation,0.1259,175.3,11.161676,3.88,749,5903.69,43026,81.3,3,0,0,0
1,home_improvement,0.1156,1155.16,11.432609,7.68,690,4362.79,1482,37.2,1,0,0,0
1,debt_consolidation,0.139,525.09,11.571024,11.87,694,7354.15,4046,36.8,0,0,0,0
1,debt_consolidation,0.1488,146.18,11.463924,16.28,712,8002.01,2891,22.0,1,0,0,1
1,debt_consolidation,0.1454,180.3,10.369957,17.08,753,2761.64,889,45.0,3,0,0,0
1,debt_consolidation,0.1528,92.24,11.098415,14.85,711,2807.36,14527,62.4,1,0,0,0
1,credit_card,0.1524,875.78,11.233092,18.15,664,11062.49,10407,48.7,1,0,0,0
1,debt_consolidation,0.1309,380.9,10.640321,5.7,731,6625.2,91598,110.9,2,0,0,0
1,credit_card,0.1401,533.99,11.030499,15.97,692,9233.33,75244,33.8,2,0,0,1
1,all_other,0.1287,368.49,10.166513,12.69,782,7290.92,14516,21.6,1,1,0,0
1,debt_consolidation,0.1541,740.43,10.547164,13.46,710,6208.57,38599,43.1,0,0,0,0
0,debt_consolidation,0.2064,310.61,11.15679,10.1,625,180.0,9258,56.9,4,0,0,1
1,all_other,0.1142,443.05,11.849601,6.02,724,2007.09,9166,10.0,2,0,0,0
1,credit_card,0.1119,435.02,11.632378,4.22,784,6685.81,13372,85.0,2,0,0,0
1,debt_consolidation,0.1695,172.98,11.333124,14.81,770,2797.67,8594,39.6,1,0,0,0
1,debt_consolidation,0.1372,224.46,10.978617,16.04,780,4689.35,15357,96.2,3,0,0,0
1,debt_consolidation,0.1675,314.36,10.884109,11.71,671,7335.86,31619,85.7,2,0,0,0
1,debt_consolidation,0.1204,455.09,10.046964,12.5,745,5399.1,1554,66.2,4,0,0,0
1,debt_consolidation,0.1902,1059.97,10.420341,7.63,683,6056.94,5693,46.4,2,0,0,1
1,educational,0.1825,430.29,10.440259,16.07,719,8529.89,37851,17.7,2,1,0,0
1,debt_consolidation,0.1545,358.86,11.280603,13.02,662,8777.44,4506,28.7,0,0,0,0
1,debt_consolidation,0.1456,468.13,11.506418,10.08,686,4919.21,4660,15.8,1,0,0,0
1,small_business,0.1882,358.31,11.37931,18.58,684,8244.88,55533,14.6,1,1,0,1
1,credit_card,0.148,372.14,11.651427,17.05,744,2657.92,3348,55.3,1,1,0,0
1,all_other,0.1521,1098.92,10.974077,2.0,740,5626.97,21884,56.5,1,0,0,0
1,all_other,0.1878,341.94,10.330413,12.94,721,6475.04,13901,1.9,2,1,0,0
0,major_purchase,0.1594,461.55,10.899541,5.99,659,4796.5,45258,32.8,2,0,0,0
1,debt_consolidation,0.1621,245.56,10.487849,13.56,698,4504.87,9840,23.5,2,1,0,0
1,debt_consolidation,0.1829,959.68,11.331295,0.0,682,2261.46,3088,89.3,0,1,0,0
1,small_business,0.1703,206.13,10.710957,13.96,743,4971.08,3853,0.0,2,0,0,0
1,home_improvement,0.1227,346.81,10.869896,17.51,755,1038.81,154723,102.6,1,0,0,0
1,educational,0.1257,728.62,11.35311,11.84,750,4727.05,4657,63.8,1,0,0,0
1,debt_consolidation,0.1598,209.68,10.477932,4.56,681,5210.77,4195,0.0,1,0,0,0
0,major_purchase,0.22,766.89,11.518026,26.1,612,6923.08,5226,28.4,3,0,0,1
0,debt_consolidation,0.1665,92.46,10.107966,20.58,643,2119.26,7094,59.9,3,0,1,1
1,credit_card,0.1251,170.41,11.116996,8.94,764,5909.69,5693,27.3,1,1,0,0
1,small_business,0.1932,377.02,10.874552,10.8,695,6484.25,26996,39.1,3,0,0,0
1,debt_consolidation,0.1472,1208.49,11.434678,0.0,681,5004.85,12869,113.0,0,1,0,0
1,debt_consolidation,0.1332,409.92,10.091632,15.87,772,6178.56,4254,34.7,2,0,0,1
1,all_other,0.0963,394.51,9.996217,3.15,758,5734.7,34755,15.6,1,1,1,0
1,home_improvement,0.1593,857.91,11.387527,17.2,711,180.0,17166,73.6,1,0,0,1
1,debt_consolidation,0.1619,180.24,10.691537,19.68,699,2754.68,91408,6.3,4,0,0,0
1,small_business,0.1764,47.07,10.874611,12.12,705,10416.89,18146,67.4,2,0,0,1
1,debt_consolidation,0.1345,1186.89,10.527553,5.26,719,6700.07,8911,63.9,1,1,0,0
1,debt_consolidation,0.133,565.16,11.486814,21.22,771,3555.99,7898,100.0,3,0,0,0
1,debt_consolidation,0.1479,276.81,11.112522,12.61,726,5976.57,13798,59.0,2,0,0,0
1,small_business,0.1843,414.1,11.076805,13.24,738,6837.45,19677,40.2,1,0,0,0
1,debt_consolidation,0.1489,790.71,10.216532,6.17,754,8912.81,10902,46.2,1,0,0,0
1,all_other,0.1467,344.75,11.235918,13.93,666,4086.7,5404,109.0,2,1,0,0
1,debt_consolidation,0.1262,405.67,10.32475,11.2,739,3569.95,29811,48.8,2,0,0,0
1,major_purchase,0.1485,1210.72,10.528283,3.43,699,3815.62,21871,40.8,1,0,0,1
0,home_improvement,0.2027,170.85,10.097138,21.85,614,3631.52,11269,45.1,0,0,0,0
0,debt_consolidation,0.189,575.07,10.83451,24.74,629,3547.48,31872,60.8,1,1,0,0
1,debt_consolidation,0.17,165.78,11.579329,19.63,671,5528.47,9680,36.1,2,0,0,0
1,debt_consolidation,0.2033,1219.68,11.068284,18.59,730,4007.38,11153,17.0,1,0,0,0
1,debt_consolidation,0.1438,461.45,10.660489,24.78,714,4904.79,30045,27.5,4,0,0,0
1,home_improvement,0.1806,244.7,10.996579,5.37,717,9740.9,39397,21.3,0,0,0,0
1,all_other,0.1197,127.03,10.993205,5.29,784,2665.27,31112,42.5,2,0,0,0
1,all_other,0.1339,290.03,10.970302,9.74,662,5902.08,3219,29.2,2,0,0,0
1,credit_card,0.1602,438.03,11.038174,14.66,709,2220.99,19958,41.8,1,0,0,0
1,all_other,0.1729,880.96,10.295603,10.58,722,7377.53,11727,42.6,3,1,1,0
1,debt_consolidation,0.1812,184.22,10.994988,5.56,682,7857.46,20475,54.6,2,0,0,0
1,debt_consolidation,0.1606,216.09,9.859298,12.64,711,2890.82,202342,19.1,0,0,0,0
0,debt_consolidation,0.1838,280.71,11.28113,11.95,649,3320.33,7810,96.4,0,0,0,0
1,all_other,0.1217,211.67,10.257323,18.41,764,6726.79,11330,83.1,3,0,0,0
1,debt_consolidation,0.1855,277.94,11.648335,12.91,684,4373.78,4446,62.6,1,0,0,0
1,all_other,0.1126,185.48,9.438406,0.0,787,8602.89,8048,68.3,2,0,0,0
1,debt_consolidation,0.1435,503.1,11.951399,15.26,709,2055.42,3700,14.1,2,0,0,0
1,credit_card,0.1466,269.11,9.930075,23.51,749,7752.62,1965,30.1,3,0,0,0
1,debt_consolidation,0.1508,382.48,10.19804,12.8,708,10653.81,479,33.3,3,0,0,0
1,all_other,0.182,490.67,11.112425,19.41,709,6040.21,3596,5.8,0,1,1,0
1,debt_consolidation,0.1751,149.54,11.307416,9.11,688,3467.77,4014,36.0,0,1,0,0
1,debt_consolidation,0.1381,564.9,10.757135,16.5,715,3117.24,9956,112.9,1,0,0,1
1,debt_consolidation,0.1276,425.28,11.47449,7.46,722,4654.94,4616,50.1,2,0,1,1
1,all_other,0.1579,444.28,10.444102,10.9,680,6750.16,57068,91.4,2,0,0,0
1,credit_card,0.2049,372.77,10.686188,10.95,705,1326.04,15722,89.4,1,0,0,0
1,debt_consolidation,0.1615,319.09,10.745732,15.89,687,4285.54,35856,19.6,3,0,0,0
1,credit_card,0.1319,383.73,10.601579,6.91,797,5389.04,52726,48.1,1,0,0,0
0,all_other,0.1311,394.7,9.750151,2.49,707,8945.4,100625,35.5,5,0,0,0
1,all_other,0.1077,156.23,10.914953,15.84,769,9714.26,51886,74.0,2,0,0,0
1,all_other,0.1553,1150.75,10.859846,15.58,703,4730.99,2660,60.6,1,0,0,0
1,debt_consolidation,0.1854,244.8,11.587691,13.38,720,2289.09,43250,95.3,1,1,0,0
1,credit_card,0.1526,398.76,10.145574,19.04,660,5410.36,18262,53.0,4,0,0,0
1,credit_card,0.151,858.37,10.539962,11.2,693,5499.9,94316,71.0,0,0,0,1
1,credit_card,0.1703,307.12,11.66413,14.54,718,8025.32,11399,28.3,1,1,0,0
1,debt_consolidation,0.1608,454.44,11.108906,10.19,770,3950.78,68270,4.5,2,0,0,0
1,credit_card,0.161,83.06,11.265122,10.82,718,2587.49,12833,66.5,0,1,0,0
1,debt_consolidation,0.1456,94.11,11.206595,14.95,763,5030.89,13679,51.3,0,0,0,0
1,all_other,0.1272,360.56,11.209302,28.24,734,4209.73,31750,63.1,1,0,0,0
1,debt_consolidation,0.1015,403.87,12.04084,17.72,772,4143.41,6612,88.0,0,0,0,1
1,debt_consolidation,0.1339,803.86,10.98584,16.39,708,2889.26,26483,56.8,2,0,1,0
1,all_other,0.0975,616.13,10.313081,17.94,801,1921.35,963,71.1,0,0,0,0
1,small_business,0.1835,130.37,11.319666,0.0,692,6585.9,23711,76.6,3,1,0,0
1,debt_consolidation,0.1446,914.27,10.584403,14.8,681,5720.03,1430,42.7,2,0,0,0
1,all_other,0.1816,172.23,10.862938,18.88,664,3051.15,26554,29.6,1,0,1,0
1,all_other,0.1095,654.6,11.15581,13.18,799,7109.84,74,104.4,0,0,0,0
1,major_purchase,0.1307,268.91,10.428974,12.3,741,453.49,600,58.2,3,0,0,0
1,credit_card,0.1795,1264.46,10.61872,6.11,697,4040.01,11903,55.3,4,0,0,0
1,debt_consolidation,0.1156,238.8,11.220268,9.61,757,5598.38,12242,18.5,2,0,1,0
1,debt_consolidation,0.1729,371.78,10.595327,6.85,736,7829.62,7301,54.2,1,1,0,0
1,all_other,0.1388,416.93,11.523765,19.5,785,3671.24,34747,56.3,0,0,0,0
0,debt_consolidation,0.1626,325.69,10.328444,22.96,651,7870.09,48632,19.8,0,0,0,0
1,major_purchase,0.1844,197.96,10.32639,25.95,700,3430.68,627470,68.4,2,0,0,0
1,major_purchase,0.1418,1199.28,12.092694,6.74,692,7113.65,11735,39.6,3,0,0,0
0,major_purchase,0.2155,270.77,9.996562,7.99,635,9265.41,57250,0.0,1,0,0,1
1,debt_consolidation,0.1446,239.32,10.913703,7.43,750,2560.15,2905,31.8,3,0,0,0
1,credit_card,0.1288,340.79,12.059405,5.57,700,5438.58,4559,75.1,3,0,0,1
1,credit_card,0.1174,414.37,10.912559,5.68,738,6411.55,2941,21.0,2,0,0,0
1,debt_consolidation,0.1073,220.85,11.75153,9.04,800,1949.36,9171,117.1,0,0,0,0
1,debt_consolidation,0.1791,769.84,11.32801,18.63,697,6141.22,15633,60.9,2,1,0,0
1,debt_consolidation,0.1597,427.76,10.925607,7.65,694,3643.96,57932,111.9,0,0,0,1
1,debt_consolidation,0.1497,384.38,10.850306,19.87,715,2952.71,19016,15.0,1,1,0,1
1,major_purchase,0.1396,552.2,9.637216,22.04,748,4001.71,92855,11.9,1,0,0,0
1,home_improvement,0.1259,202.28,10.735342,14.57,688,3819.78,95325,40.1,1,0,0,0
1,debt_consolidation,0.1832,263.72,11.071653,21.08,686,7061.72,11667,10.2,0,0,0,0
1,all_other,0.1647,381.16,11.071314,3.21,750,5057.73,9258,33.8,1,0,0,0
1,debt_consolidation,0.1654,742.92,12.434174,8.75,724,10836.82,954,93.1,0,0,0,0
0,debt_consolidation,0.1825,334.53,11.101384,13.91,632,3719.78,4589,38.1,0,0,0,0
1,debt_consolidation,0.1593,307.7,11.314389,14.14,663,6244.71,2997,0.8,1,0,0,0
1,all_other,0.1086,81.69,11.640628,22.46,767,4683.34,3214,55.7,0,0,0,0
1,credit_card,0.1265,225.67,11.259706,5.71,725,1869.55,5552,85.4,0,0,1,0
1,home_improvement,0.2142,130.53,10.87751,8.9,681,9036.1,25383,0.0,2,0,0,0
1,small_business,0.172,146.62,10.880476,12.01,704,5358.92,17396,7.8,1,0,0,0
1,debt_consolidation,0.1735,506.23,10.716101,9.02,711,3107.6,53178,48.6,4,1,0,1
1,credit_card,0.1603,1231.01,11.200969,5.41,738,6059.63,20243,12.3,2,0,0,0
0,debt_consolidation,0.1822,454.41,10.826104,9.31,658,7643.53,4246,42.1,2,0,0,0
1,debt_consolidation,0.1517,479.77,11.311211,10.91,678,2937.85,36724,88.8,1,0,0,0
1,all_other,0.1618,226.39,10.314457,22.59,720,5185.87,1220,36.1,4,1,0,0
1,debt_consolidation,0.136,178.44,11.019578,5.56,706,7660.84,52232,60.3,2,0,0,0
1,debt_consolidation,0.158,1227.04,11.876761,18.22,732,5472.69,3212,62.4,0,0,0,0
1,debt_consolidation,0.1563,217.7,10.79298,21.38,663,6445.43,278,24.0,2,0,0,0
1,debt_consolidation,0.1409,92.31,12.054231,9.06,724,4399.86,26141,16.4,1,0,1,0
1,major_purchase,0.1287,436.85,11.02984,14.39,751,1127.79,6671,75.9,1,0,0,0
1,debt_consolidation,0.1758,291.0,10.89553,16.57,728,4430.53,71649,48.4,4,1,0,0
1,all_other,0.105,539.51,11.001137,15.44,715,3658.42,51043,53.1,2,0,0,0
1,educational,0.2043,1225.12,10.740032,13.17,706,4787.48,2258,46.0,0,0,0,1
1,all_other,0.1542,493.84,9.721861,7.92,678,3685.81,125101,43.3,4,0,0,1
1,all_other,0.1548,447.46,11.466907,17.17,707,5485.73,536,52.6,1,0,0,0
1,major_purchase,0.1426,595.4,12.267555,10.02,758,4193.21,23012,14.6,0,1,0,0
1,debt_consolidation,0.1647,1238.63,11.223062,12.8,705,7082.13,106868,58.3,1,1,0,0
1,debt_consolidation,0.1881,1279.6,11.260206,13.81,676,6599.17,2154,17.9,2,0,0,1
1,all_other,0.1767,315.52,10.818618,18.51,691,2748.91,320982,114.5,2,0,0,1
1,all_other,0.193,782.75,11.636251,25.9,718,8201.4,14177,64.8,1,0,0,0
1,home_improvement,0.1768,1259.72,10.906044,7.51,696,3251.84,19858,55.2,1,0,1,0
1,debt_consolidation,0.1455,612.18,11.093004,12.96,728,2249.2,71625,16.1,1,0,0,0
1,all_other,0.1358,354.75,9.975218,2.36,730,7698.39,21354,79.0,2,0,1,0
1,credit_card,0.129,259.73,10.607101,22.82,744,3579.24,1313,33.3,0,0,0,0
1,educational,0.1575,410.59,11.154085,12.9,764,5304.56,64,64.5,1,0,0,0
1,debt_consolidation,0.1739,176.56,11.483399,10.53,748,1840.45,2295,27.6,2,0,0,0
1,debt_consolidation,0.1922,752.64,11.500313,12.96,674,4144.92,2645,0.0,0,0,0,0
1,major_purchase,0.1079,945.21,9.9667,13.31,676,4771.58,2398,91.7,2,0,0,0
1,all_other,0.1123,272.13,10.028554,7.55,707,4078.64,3975,63.8,0,0,0,0
1,debt_consolidation,0.1634,281.87,11.286324,20.8,693,3775.48,115,35.6,1,0,0,0
1,debt_consolidation,0.1719,186.69,10.474447,17.05,667,5162.43,1625,104.0,0,1,0,0
1,home_improvement,0.1639,536.14,11.475701,18.01,693,7535.08,26215,46.5,3,0,1,0
1,all_other,0.189,397.36,9.935597,7.91,692,2705.95,57954,82.1,0,0,0,1
1,all_other,0.1916,146.3,10.86997,7.53,684,180.0,3409,0.0,1,1,0,1
1,small_business,0.1798,1264.98,10.909116,11.82,698,8158.8,33029,37.5,0,0,0,0
1,debt_consolidation,0.1052,102.42,11.223085,18.12,755,3414.21,174,38.5,1,0,0,0
1,debt_consolidation,0.1277,134.08,10.300992,16.06,718,3627.17,16851,18.4,3,0,0,0
1,all_other,0.1149,696.14,9.730274,7.23,804,3696.57,72803,21.3,0,0,1,0
1,small_business,0.1765,623.34,11.034476,17.21,716,1739.12,24961,51.3,2,0,0,0
1,debt_consolidation,0.1365,225.61,11.251122,5.89,699,4072.74,10484,41.9,4,0,0,0
1,credit_card,0.1691,225.81,11.544548,8.03,710,4360.48,185,41.3,2,0,0,0
1,debt_consolidation,0.1164,497.98,10.711283,13.69,720,6148.12,225192,32.2,3,0,0,0
1,debt_consolidation,0.095,456.55,11.403166,4.52,727,3690.81,244148,76.6,2,1,0,0
1,small_business,0.1178,221.26,11.226322,5.95,789,180.0,33572,10.9,2,0,0,1
1,debt_consolidation,0.1978,812.62,11.736667,23.31,678,1716.61,92134,48.6,2,0,0,0
1,debt_consolidation,0.1715,583.16,10.896213,22.03,743,7848.72,10974,33.9,1,0,0,0
1,credit_card,0.1204,926.43,9.874761,28.4,718,2959.62,36980,31.6,2,0,0,0
0,debt_consolidation,0.1525,367.47,10.888728,15.71,650,6424.54,41887,0.0,3,1,0,0
1,debt_consolidation,0.1581,676.23,10.983955,17.05,739,3276.38,9883,45.8,0,0,0,0
1,home_improvement,0.1255,312.1,11.246098,11.53,758,7092.08,2914,29.2,3,0,0,1
1,debt_consolidation,0.1981,592.13,9.995064,10.18,677,5307.71,44359,55.0,1,0,0,0
1,credit_card,0.1708,501.53,10.739653,18.62,710,1431.67,221000,119.0,1,0,0,0
0,debt_consolidation,0.2039,739.95,11.459543,22.0,644,2132.64,79786,52.0,1,0,0,1
1,debt_consolidation,0.1611,554.05,10.866508,18.03,662,1335.55,18871,60.5,0,0,0,0
1,credit_card,0.1468,100.61,10.743502,6.81,750,7341.17,16682,24.3,2,1,0,0
1,debt_consolidation,0.2043,263.72,12.092859,15.3,692,1913.08,18289,52.0,2,0,0,0
1,small_business,0.1926,426.51,10.277297,7.29,668,4136.85,283,43.7,1,0,0,0
1,major_purchase,0.1509,526.22,11.682224,10.36,719,4859.35,9226,23.0,1,0,0,0
1,home_improvement,0.1562,681.39,11.552962,23.89,690,5615.0,7743,20.6,2,0,0,0
1,debt_consolidation,0.132,542.67,10.792648,4.32,692,3907.42,1585,60.8,3,1,0,0
1,debt_consolidation,0.1213,222.25,10.909937,27.56,738,1121.19,59094,27.5,3,0,0,0
1,small_business,0.1729,744.56,10.90776,16.39,666,2043.0,17171,19.7,3,0,0,0
1,all_other,0.1383,211.68,11.040988,9.38,676,2430.09,166,85.2,2,0,0,1
1,credit_card,0.1223,882.54,10.56733,13.07,716,180.0,15927,91.3,0,0,0,0
1,home_improvement,0.0903,882.82,10.66883,7.87,747,6138.96,84312,20.0,3,0,0,0
1,debt_consolidation,0.1191,360.27,10.713313,8.83,757,6323.58,4216,77.7,0,0,0,0
0,debt_consolidation,0.1807,251.47,10.732788,13.11,685,2380.5,2123,0.0,5,2,0,0
1,all_other,0.1334,227.51,10.740439,10.33,746,8321.33,1391,19.4,1,0,0,0
1,all_other,0.1632,179.61,9.563097,6.16,680,4794.0,12832,11.8,1,0,0,0
1,debt_consolidation,0.1402,196.03,10.989566,11.07,779,7178.72,3423,32.4,0,0,0,0
1,all_other,0.209,362.69,10.608245,3.53,667,6999.75,1040,46.9,1,0,0,0
1,home_improvement,0.1789,266.9,9.791245,3.82,760,4724.6,146118,10.5,1,0,0,0
1,debt_consolidation,0.17,126.36,10.716469,3.75,685,180.0,15156,34.3,0,0,0,0
1,debt_consolidation,0.1156,257.34,10.697616,24.13,787,5557.6,4729,19.5,4,0,0,0
1,credit_card,0.1377,397.65,11.707899,15.4,732,6376.02,159213,53.7,3,0,0,0
1,home_improvement,0.1853,314.18,10.60107,16.71,671,3428.6,16965,50.4,0,0,0,0
1,major_purchase,0.1618,206.06,11.337352,12.68,690,5462.05,8816,87.2,2,1,0,0
1,debt_consolidation,0.1393,70.03,11.773515,16.09,740,4988.32,15503,0.0,3,0,0,0
1,small_business,0.1512,846.82,10.546878,20.71,750,2676.79,4695,79.8,2,0,0,0
1,credit_card,0.1384,362.79,10.901027,15.41,707,4810.29,8748,79.9,1,0,0,0
1,credit_card,0.1084,447.19,11.984502,23.92,712,3786.98,27848,31.3,2,0,0,0
1,debt_consolidation,0.1295,417.98,11.069675,12.34,739,5997.68,161153,36.2,1,0,0,0
1,debt_consolidation,0.1828,562.3,11.157987,16.73,715,3584.98,4543,56.4,0,0,0,1
1,all_other,0.2062,485.15,10.681575,17.46,661,3280.83,29872,76.1,0,0,0,1
1,debt_consolidation,0.1886,428.77,11.349101,6.17,679,965.66,1033,0.0,0,0,0,0
1,debt_consolidation,0.142,639.68,10.905818,12.89,719,10576.12,24573,33.5,1,0,0,0
1,major_purchase,0.1194,719.73,9.812417,0.0,756,3928.58,196009,59.5,2,1,0,0
1,debt_consolidation,0.1609,1013.98,10.713308,11.7,771,2233.71,11358,48.9,2,0,0,0
1,major_purchase,0.1207,203.14,10.208261,10.67,740,6568.78,4342,47.6,2,0,0,0
1,all_other,0.1517,452.59,10.998467,10.26,721,5527.32,4673,0.0,1,0,0,0
1,home_improvement,0.1771,128.02,10.370728,9.79,738,6430.5,23726,32.5,2,0,0,0
1,debt_consolidation,0.1696,278.25,11.221658,16.13,685,6695.24,12043,35.6,0,1,0,0
1,all_other,0.1527,331.59,10.957306,6.49,704,7802.66,5725,21.1,2,1,0,0
1,all_other,0.193,676.27,10.168715,25.43,679,2398.1,31117,79.1,1,0,0,0
1,major_purchase,0.1785,363.38,10.629552,16.52,663,5426.44,2685,36.1,1,0,1,0
1,debt_consolidation,0.154,610.69,11.308543,7.06,723,1112.39,43655,22.1,0,0,0,0
1,debt_consolidation,0.183,311.87,11.630276,17.07,717,4293.2,6608,103.8,0,0,0,1
1,major_purchase,0.0933,233.26,10.379523,19.46,736,6736.63,31390,60.0,0,0,0,0
1,debt_consolidation,0.1536,217.36,10.260561,15.15,731,2821.97,41923,51.6,3,0,0,0
1,all_other,0.1365,603.26,12.120101,5.66,719,10637.18,489,43.2,0,0,0,0
1,debt_consolidation,0.1423,287.78,10.924042,28.04,731,5105.07,9766,27.4,0,1,0,0
1,debt_consolidation,0.1591,70.26,10.985796,17.01,708,534.19,947,22.7,2,0,0,0
1,all_other,0.1352,579.41,10.478971,3.99,726,6823.09,686,13.0,1,1,0,1
1,all_other,0.1731,204.36,11.061284,14.04,682,10610.48,7515,37.3,1,1,0,0
1,all_other,0.1573,438.57,11.976208,11.08,724,180.0,17879,3.0,2,0,1,0
1,all_other,0.1487,171.7,11.085163,12.64,735,6846.1,924,73.1,3,0,0,0
1,credit_card,0.1694,393.68,11.579628,4.36,685,2586.64,16884,27.5,0,1,0,0
1,educational,0.1526,51.03,10.94768,12.97,712,4924.92,2700,71.8,0,0,0,0
1,debt_consolidation,0.1647,378.07,10.30426,6.86,686,1787.06,12193,22.8,0,0,0,0
0,debt_consolidation,0.1665,210.31,10.513226,10.19,690,7193.75,626028,58.2,5,0,0,0
1,debt_consolidation,0.1564,157.53,10.248141,15.27,667,4263.94,6583,6.2,1,0,0,0
1,credit_card,0.1597,656.27,11.06285,9.31,758,7960.97,1770,28.5,2,0,0,0
1,debt_consolidation,0.1361,342.13,11.676572,10.6,750,2485.96,10629,31.9,2,0,0,0
1,credit_card,0.1388,314.58,11.028217,18.26,730,4543.54,8069,54.2,0,0,0,0
1,all_other,0.1301,222.0,10.742253,6.47,785,180.0,6292,10.5,0,0,0,0
1,all_other,0.1568,716.06,10.44832,8.13,703,11554.27,11555,89.0,0,0,0,0
1,home_improvement,0.129,271.46,11.146822,3.94,825,9859.14,8138,46.3,1,0,0,0
1,all_other,0.1778,1116.94,10.174739,6.92,701,10508.17,1510,45.1,0,0,0,0
1,all_other,0.1533,900.85,10.238198,13.49,720,8892.76,40905,4.8,1,1,0,0
1,debt_consolidation,0.1814,1074.53,11.4791,17.01,695,3582.74,89466,55.8,2,0,0,0
1,all_other,0.1543,751.19,10.760582,7.04,724,4949.64,6031,78.7,0,0,0,0
1,debt_consolidation,0.1184,237.11,10.748553,16.81,742,5788.6,19170,19.9,0,0,0,0
1,home_improvement,0.1755,407.67,10.82687,13.33,706,5996.14,415,29.4,1,0,0,0
1,debt_consolidation,0.0873,300.55,11.372781,3.06,778,2321.23,10622,39.3,0,0,0,0
1,debt_consolidation,0.0815,617.67,11.030957,13.8,719,2195.48,237401,37.6,0,0,0,0
1,debt_consolidation,0.1654,384.61,10.47672,20.84,720,1717.3,39340,19.3,1,0,0,0
1,all_other,0.1805,333.76,10.498674,0.0,675,3993.68,13995,58.5,0,0,0,0
1,major_purchase,0.1562,1220.9,10.810982,26.44,726,4260.13,10190,81.0,1,1,0,0
1,debt_consolidation,0.1859,317.02,11.114354,8.39,705,3928.32,6780,44.9,2,0,0,0
1,debt_consolidation,0.1658,250.41,10.908339,1.22,687,5688.06,21410,20.8,1,0,0,0
1,debt_consolidation,0.1618,290.97,10.854061,13.56,680,1602.79,56699,14.5,1,0,0,0
1,educational,0.1259,775.54,10.958233,18.33,812,2924.06,4902,117.2,3,0,0,0
1,home_improvement,0.1461,430.06,10.907903,10.67,700,3159.21,36381,34.2,1,0,0,0
0,debt_consolidation,0.1759,541.97,10.453966,14.75,655,7107.38,3000,61.5,1,0,0,1
1,all_other,0.1731,462.01,11.605301,27.23,683,5553.72,5435,0.0,3,0,0,0
1,home_improvement,0.1635,83.26,10.63579,14.02,708,5905.49,1847,25.0,1,0,0,0
1,credit_card,0.1398,176.86,11.008825,30.0,731,2725.14,14135,78.2,1,0,0,0
1,all_other,0.1366,306.08,9.673195,21.33,731,5161.24,12501,21.4,1,1,1,0
1,credit_card,0.1218,454.02,10.798744,12.96,736,3123.96,20629,23.0,4,0,0,0
1,all_other,0.1514,190.75,10.259251,14.61,685,3209.54,17920,57.4,1,0,0,0
1,debt_consolidation,0.1864,196.03,10.332797,10.4,723,5983.94,34789,27.8,2,0,0,0
1,debt_consolidation,0.1654,311.39,12.407533,14.32,677,3442.76,307374,62.7,0,0,0,0
1,debt_consolidation,0.1705,987.49,11.082211,16.47,686,4796.22,35338,27.8,1,0,0,0
1,debt_consolidation,0.1418,83.04,11.677874,9.81,675,4385.27,465,44.0,2,0,0,0
0,debt_consolidation,0.22,65.28,11.451735,3.08,665,2124.43,7356,65.8,5,0,0,1
1,home_improvement,0.1207,1163.67,11.529778,21.72,750,3616.24,10338,33.6,2,1,0,0
1,home_improvement,0.1207,124.58,10.808566,19.32,736,3656.25,867,10.5,1,0,0,0
1,debt_consolidation,0.138,280.69,11.909905,2.82,747,4105.8,41278,34.3,0,0,0,0
1,debt_consolidation,0.1376,130.3,11.446479,13.78,711,552.72,191326,18.1,1,0,0,0
1,credit_card,0.1497,306.67,10.955214,19.69,740,3236.79,2734,32.6,1,0,0,0
0,all_other,0.1558,347.54,11.090607,18.97,643,7339.64,82541,47.2,4,0,0,0
1,debt_consolidation,0.1638,1193.76,10.846593,7.81,743,6153.47,60916,47.1,0,1,0,0
1,home_improvement,0.1715,647.19,10.961866,19.38,717,4061.36,16963,73.2,2,0,0,1
1,debt_consolidation,0.1427,152.85,10.903404,12.7,734,2110.65,41316,24.3,1,0,1,0
1,debt_consolidation,0.1165,95.07,11.162736,15.28,724,5311.0,3219,46.4,3,0,0,0
1,credit_card,0.1568,543.13,11.991384,6.26,672,7479.2,68968,86.6,0,0,0,1
0,all_other,0.1828,275.93,10.194819,0.0,653,8852.61,82921,56.4,5,0,0,1
1,debt_consolidation,0.1438,226.57,11.626836,7.24,683,3750.02,23467,74.4,1,0,0,0
1,credit_card,0.1255,839.22,10.705377,16.3,731,2409.79,17832,45.3,1,0,0,1
1,small_business,0.1802,115.67,11.704495,11.18,736,6264.4,3074,70.3,3,0,0,0
0,debt_consolidation,0.1824,307.02,10.726598,17.09,658,5957.77,49720,41.6,2,1,0,0
1,all_other,0.175,610.69,11.18178,20.23,673,5086.09,11191,6.1,1,0,0,0
1,debt_consolidation,0.1786,172.75,10.833105,10.32,683,3471.98,8793,65.7,4,0,1,1
1,all_other,0.1589,952.6,9.874339,9.64,696,1787.9,49546,57.7,1,1,0,0
0,all_other,0.1781,194.26,11.990776,0.0,658,6746.49,6892,48.1,1,0,0,0
0,debt_consolidation,0.1893,381.29,10.35492,1.92,656,7301.34,3538,19.5,0,0,0,1
1,debt_consolidation,0.186,245.42,10.981169,3.35,679,4160.06,62343,92.1,1,0,0,0
1,home_improvement,0.1645,56.84,10.288023,16.44,713,9336.35,978,70.0,2,0,0,1
1,debt_consolidation,0.2054,305.07,10.114429,10.39,665,5650.56,35053,28.6,0,0,0,0
1,small_business,0.1732,682.06,10.804987,8.91,706,4622.61,1526,88.2,1,0,0,0
1,debt_consolidation,0.111,173.83,10.567958,8.12,750,2102.83,604,86.7,3,0,0,0
1,home_improvement,0.1997,261.76,10.217023,7.23,661,808.83,31299,41.1,1,1,0,0
1,all_other,0.1546,265.86,10.908386,18.97,702,3780.1,18381,22.2,3,0,0,0
1,debt_consolidation,0.123,531.01,10.026037,13.24,749,5981.88,3979,60.7,3,0,0,1
1,credit_card,0.1773,306.25,11.006539,19.44,694,10893.96,1721,41.3,0,0,0,0
1,home_improvement,0.1732,398.12,10.852331,0.0,688,5228.91,18797,119.0,0,0,0,1
1,all_other,0.1105,367.56,9.416952,16.28,754,6540.64,5172,17.1,1,0,0,0
1,all_other,0.1747,272.11,10.610903,9.26,698,2991.87,38778,92.4,0,0,0,0
1,all_other,0.1745,1255.7,11.21573,10.66,752,5581.63,4352,35.2,2,0,0,0
1,all_other,0.1552,186.35,10.281237,21.93,726,5254.95,5540,40.2,2,0,0,0
1,all_other,0.1566,626.01,11.242193,9.91,697,2696.32,64488,22.6,3,0,0,0
1,credit_card,0.1144,880.26,11.193934,15.99,728,8405.46,2113,50.4,2,1,0,0
1,debt_consolidation,0.1915,364.7,10.30919,5.58,722,4724.87,1065,21.7,2,1,0,0
1,all_other,0.128,383.48,10.922508,12.85,749,7823.4,2451,40.3,1,0,0,0
1,all_other,0.1372,539.74,11.433245,1.62,689,5084.12,16107,10.4,2,0,0,0
1,educational,0.1572,295.38,10.395382,12.2,712,4231.5,232837,0.0,1,1,0,0
1,debt_consolidation,0.177,104.43,10.804456,15.26,708,3106.8,13955,40.4,3,0,0,0
1,debt_consolidation,0.1685,326.82,11.631646,20.23,737,4184.1,2711,84.8,1,1,0,0
1,debt_consolidation,0.16,1216.98,10.406844,6.96,671,8721.74,2904,54.1,0,1,0,0
1,credit_card,0.1364,553.85,11.210087,8.95,749,2813.32,21093,41.9,1,0,0,0
1,all_other,0.1478,398.96,10.271693,8.16,728,6725.81,683,119.0,0,0,0,0
1,debt_consolidation,0.1979,688.19,10.831813,10.85,660,4282.04,539,0.0,0,0,0,0
1,debt_consolidation,0.1471,341.32,11.202503,5.95,756,6533.74,14974,55.0,1,0,0,0
1,small_business,0.1381,380.6,9.463239,0.0,795,5577.18,45051,21.3,0,0,0,0
1,all_other,0.1571,283.2,10.604063,5.41,748,1726.77,46902,48.0,1,0,1,0
1,all_other,0.1044,496.18,11.191892,12.26,764,5474.22,19035,24.0,0,0,0,1
1,debt_consolidation,0.163,265.33,11.067765,11.58,713,10474.34,74246,27.3,1,0,0,0
0,debt_consolidation,0.1887,320.96,10.611349,16.41,647,5828.7,8086,54.7,1,0,0,0
0,debt_consolidation,0.1864,738.14,10.256205,18.41,640,7377.66,5968,41.4,1,0,0,0
1,debt_consolidation,0.1464,329.27,11.313364,9.5,720,5803.07,10073,25.6,3,0,0,0
1,all_other,0.1685,578.05,10.733332,1.66,688,7030.57,17546,7.8,1,0,0,0
1,debt_consolidation,0.1602,605.41,11.262662,15.38,675,3264.93,1200000,68.9,1,0,0,0
1,debt_consolidation,0.2113,391.24,11.161936,12.53,708,4756.42,7983,39.8,1,1,0,0
1,debt_consolidation,0.1727,306.49,10.657075,10.82,733,7260.19,14569,11.0,0,0,0,0
0,debt_consolidation,0.2025,161.93,11.584263,21.02,655,4184.59,176275,0.0,0,0,0,0
1,debt_consolidation,0.153,176.75,10.567491,15.71,693,7740.41,26555,54.7,0,0,0,0
1,debt_consolidation,0.1111,549.37,11.656177,13.45,767,2551.15,744,37.6,4,0,0,0
1,debt_consolidation,0.1701,589.72,11.735988,13.73,669,5207.02,171181,51.6,0,0,0,0
1,credit_card,0.1433,187.84,11.57057,18.46,743,4412.82,18372,119.0,0,0,0,0
1,major_purchase,0.135,489.89,10.819858,7.84,692,11655.69,117,70.1,3,0,0,0
1,all_other,0.156,444.92,12.483718,6.53,731,4085.54,5704,45.7,2,0,0,0
1,debt_consolidation,0.1586,738.75,11.022625,10.98,752,6110.55,3454,0.0,1,0,0,0
1,educational,0.0986,1127.05,11.077044,4.47,738,180.0,5119,93.9,3,1,0,0
1,educational,0.1221,544.91,10.916543,12.29,745,2140.43,10339,48.9,4,0,0,0
1,all_other,0.2003,250.74,10.240842,13.27,666,5824.4,34758,117.7,2,0,0,1
1,debt_consolidation,0.1445,633.07,11.719995,12.13,752,4400.27,83076,23.2,0,0,0,0
0,credit_card,0.153,183.62,10.580834,10.11,678,4448.38,88065,9.4,5,0,1,0
1,educational,0.1661,1241.06,11.490963,24.01,720,4247.56,142125,88.4,1,1,0,0
1,credit_card,0.1395,158.32,11.637327,19.09,720,4597.43,7941,54.0,1,0,0,0
0,all_other,0.1431,510.39,11.298026,11.93,728,781.26,386,83.0,2,2,0,0
1,all_other,0.1273,367.61,10.507899,13.24,723,4843.07,199,11.4,3,0,0,0
1,educational,0.1706,292.17,10.721942,22.1,678,4511.73,37742,11.0,2,0,0,0
0,debt_consolidation,0.1992,290.86,9.296984,8.57,659,7726.2,9936,17.1,4,0,0,0
1,debt_consolidation,0.1315,958.11,10.858955,5.94,743,7147.87,120055,0.0,1,0,0,0
1,home_improvement,0.1657,576.27,11.419653,14.17,717,180.0,22968,31.8,1,0,0,0
1,debt_consolidation,0.1351,333.68,10.785122,15.46,754,3223.4,661,0.0,0,0,0,0
1,debt_consolidation,0.1784,1262.53,10.570051,15.97,708,9565.25,4159,49.2,1,0,0,0
0,debt_consolidation,0.1705,359.13,10.748374,18.31,657,7324.79,21696,44.2,1,0,0,1
1,debt_consolidation,0.1704,652.65,11.671373,7.55,747,6287.14,1842,21.0,4,0,0,0
1,debt_consolidation,0.1758,153.83,10.896837,2.88,696,3803.17,121569,61.8,2,0,0,0
1,all_other,0.1549,155.09,12.063329,8.57,723,6910.25,5405,51.6,0,1,0,0
1,debt_consolidation,0.1728,643.42,10.581853,16.61,685,1271.74,6536,85.5,2,0,0,0
1,all_other,0.1187,449.89,11.062511,6.24,772,3645.17,840,100.6,0,1,0,0
1,debt_consolidation,0.1602,1230.84,10.665625,0.0,677,5922.1,285068,50.8,1,0,0,0
1,major_purchase,0.167,237.02,12.195437,13.6,697,6579.03,8000,59.5,0,0,0,0
1,all_other,0.1301,591.53,11.03962,8.69,714,5600.99,17412,63.9,4,0,0,0
1,educational,0.1628,325.05,12.228126,0.68,668,6043.94,3176,102.9,2,0,0,1
1,debt_consolidation,0.1313,668.6,10.673722,13.11,723,5470.46,5817,6.1,3,0,0,0
1,debt_consolidation,0.1399,640.24,11.861823,9.93,771,4271.86,17891,30.5,0,0,1,0
1,home_improvement,0.1762,385.85,11.001982,24.16,691,8411.74,21892,7.0,0,0,0,0
1,home_improvement,0.1745,233.68,11.44036,13.21,725,9688.38,27497,28.7,4,0,0,0
0,debt_consolidation,0.1933,317.64,10.185976,16.64,612,4933.02,55146,35.8,3,0,0,1
1,all_other,0.1402,171.6,11.142533,12.48,709,2121.84,33162,21.6,2,0,0,0
1,credit_card,0.1319,477.05,10.277837,8.48,698,4472.69,26179,59.1,2,0,0,1
1,debt_consolidation,0.1753,54.99,11.086829,9.24,679,5277.11,3818,61.6,3,0,0,1
1,all_other,0.1654,257.97,10.003782,20.06,751,180.0,7623,46.8,1,0,1,1
1,debt_consolidation,0.1598,723.91,10.872609,17.76,698,8406.19,1534,56.4,1,0,0,0
1,debt_consolidation,0.1596,711.69,11.598323,2.33,703,3464.28,4916,98.5,0,0,0,0
1,small_business,0.1771,127.42,11.264008,3.98,696,2993.05,21656,57.4,2,0,0,0
0,all_other,0.1938,606.13,10.17729,4.37,637,4211.11,20780,8.3,0,0,0,1
1,home_improvement,0.1952,181.66,9.771984,19.91,667,3878.13,31579,24.0,1,0,0,0
0,credit_card,0.1776,302.43,11.233136,0.65,747,5201.7,115150,21.8,5,0,0,0
0,educational,0.2019,696.7,11.894531,18.03,630,7034.14,1338,88.0,1,0,0,1
1,all_other,0.1802,199.87,10.341993,15.35,681,8248.87,552,32.4,2,0,0,0
1,all_other,0.1579,1041.04,12.209416,13.61,695,7036.34,7181,17.1,3,0,0,0
1,debt_consolidation,0.124,437.38,10.926039,9.34,776,2703.06,115782,13.8,3,0,1,0
1,all_other,0.1404,517.12,9.735197,20.8,739,4787.4,109875,30.3,0,0,0,0
1,all_other,0.158,815.1,9.977863,13.38,689,5321.68,15029,29.2,1,0,0,0
1,credit_card,0.136,693.3,11.399669,2.63,760,5828.02,6931,24.8,1,1,0,0
1,debt_consolidation,0.181,694.81,11.009037,4.24,682,6283.19,16622,72.4,2,0,0,0
1,debt_consolidation,0.1401,235.93,11.834155,1.25,748,5254.49,65681,38.5,2,0,0,0
0,small_business,0.1887,183.9,10.199144,20.88,658,4843.93,3144,44.7,4,0,0,1
1,home_improvement,0.14,306.81,11.002282,22.43,751,7336.84,4387,68.7,1,0,0,0
1,debt_consolidation,0.1435,523.67,10.934124,20.1,695,4728.02,12745,70.9,3,0,0,0
1,credit_card,0.1895,162.91,10.842761,11.61,671,7452.35,65580,29.3,2,0,0,0
1,all_other,0.1512,571.17,10.69661,2.76,702,7093.62,41627,82.0,1,0,0,1
1,credit_card,0.1279,477.56,10.708753,5.33,721,8691.85,468,46.3,1,0,0,0
1,debt_consolidation,0.1737,345.14,11.036534,5.78,691,5604.38,41785,29.9,2,1,0,0
1,all_other,0.1567,399.61,11.114574,12.28,731,8669.23,10689,73.4,1,0,0,0
1,debt_consolidation,0.1486,396.07,11.084069,22.17,688,4301.26,30287,58.4,0,0,1,0
1,debt_consolidation,0.1576,522.08,11.665652,22.15,734,5924.05,7747,55.5,0,0,0,1
1,home_improvement,0.1609,649.26,10.19722,9.23,727,6972.53,24317,36.5,0,1,0,1
1,debt_consolidation,0.1963,1294.14,9.824873,0.0,708,2533.33,11784,47.0,1,1,0,0
1,debt_consolidation,0.1588,432.14,11.550349,4.55,693,4078.07,4579,25.8,1,0,0,0
0,debt_consolidation,0.1521,242.27,10.35445,20.8,716,3390.32,3250,40.8,4,2,0,0
1,all_other,0.1343,97.65,10.69852,14.2,731,4916.01,8052,34.8,2,1,0,0
1,credit_card,0.1307,137.69,10.556619,10.15,788,3728.24,1379,54.1,1,1,0,0
1,debt_consolidation,0.1396,219.88,10.543557,9.66,746,5326.36,5387,91.6,2,0,0,0
1,credit_card,0.159,622.21,10.040459,7.42,747,4865.15,6538,41.9,1,0,0,0
1,small_business,0.1096,271.46,10.582588,4.29,827,4361.41,57433,69.8,0,0,0,0
1,debt_consolidation,0.1563,508.56,11.326092,26.9,730,5437.01,31614,50.9,0,0,0,0
1,home_improvement,0.143,224.9,10.927602,24.46,728,3354.04,273898,80.3,1,0,0,0
1,debt_consolidation,0.1069,490.35,11.237749,6.93,737,2904.53,747,96.4,3,1,0,0
1,all_other,0.1856,733.95,10.62739,0.5,672,2076.88,7255,32.2,3,1,0,0
1,debt_consolidation,0.1286,277.55,11.480736,13.77,693,590.08,78634,0.0,3,0,1,0
1,debt_consolidation,0.1613,522.37,10.619899,11.58,691,3360.75,16969,10.9,1,0,1,0
1,debt_consolidation,0.1418,275.36,9.64378,16.93,735,6407.05,7717,75.6,2,0,0,0
1,debt_consolidation,0.1589,162.1,11.123141,18.5,703,4565.73,2460,56.2,4,1,0,0
1,home_improvement,0.1546,562.31,11.398105,4.53,715,5090.46,33218,18.7,1,1,0,0
1,all_other,0.1382,497.79,10.588864,21.43,751,4048.26,14741,93.5,0,0,0,0
1,major_purchase,0.1483,573.07,11.661516,10.16,743,9890.55,6369,37.8,4,1,0,1
1,all_other,0.1564,746.86,10.411078,16.79,704,5473.87,54917,36.6,2,0,0,0
1,all_other,0.2195,350.72,11.339143,10.8,685,3638.29,392953,38.5,1,0,0,1
1,debt_consolidation,0.1297,325.88,11.994313,18.97,753,2417.89,2640,83.7,1,0,0,0
1,all_other,0.1184,296.93,10.952406,0.0,739,9342.99,27810,24.8,1,1,0,0
0,debt_consolidation,0.1551,486.33,10.791845,17.69,649,1555.24,13652,84.1,0,0,0,0
1,major_purchase,0.1745,356.1,10.86554,6.86,698,3073.12,30922,63.3,2,0,0,0
1,major_purchase,0.1214,397.57,11.92326,13.11,716,3074.58,90476,86.6,0,0,0,0
1,debt_consolidation,0.1182,218.81,11.175697,21.19,740,4973.24,106453,69.2,1,0,0,1
1,all_other,0.1131,175.21,12.237964,7.06,745,5947.63,4927,57.2,0,0,0,0
1,all_other,0.1601,203.59,11.100343,5.98,721,5231.1,770,67.2,0,0,0,0
1,all_other,0.1726,523.91,10.531184,10.03,732,4148.38,9416,49.7,0,0,0,1
0,debt_consolidation,0.1361,360.78,10.574061,9.6,712,1567.05,9508,26.6,5,1,0,1
0,credit_card,0.176,278.37,10.96758,5.35,684,9701.56,134,66.2,6,0,0,0
0,home_improvement,0.1077,567.82,9.684793,13.33,700,5722.28,55326,44.9,1,2,0,1
1,debt_consolidation,0.1406,1038.1,10.640256,13.69,711,6479.03,4722,83.6,3,0,0,0
1,all_other,0.1684,275.2,10.653793,15.79,709,3369.96,10071,82.6,3,0,0,1
0,debt_consolidation,0.1821,185.69,11.076272,6.94,638,4317.24,4388,63.9,2,0,1,1
1,major_purchase,0.1825,768.96,12.114509,6.09,695,7992.14,7848,75.8,0,0,0,0
1,debt_consolidation,0.1103,362.14,10.963438,11.78,712,180.0,84290,61.3,1,0,0,0
0,debt_consolidation,0.1462,331.71,9.757178,10.91,699,6968.75,12518,61.6,5,0,0,1
1,debt_consolidation,0.169,794.01,10.372516,11.04,701,4442.45,325926,28.6,0,0,0,0
1,home_improvement,0.1562,318.28,11.089996,7.72,729,6099.96,29927,54.4,2,0,0,0
1,credit_card,0.1847,525.55,10.986727,14.88,669,9222.26,33599,59.9,0,1,0,1
0,debt_consolidation,0.188,447.31,11.920918,6.1,648,3865.48,7889,57.7,1,0,0,0
1,debt_consolidation,0.1389,1194.35,11.515647,11.76,697,180.0,9936,54.9,0,0,0,0
1,credit_card,0.1273,334.19,11.49737,10.49,739,2331.59,57064,53.1,3,0,1,0
1,debt_consolidation,0.1734,754.9,10.797549,12.37,774,5092.3,73095,107.4,2,0,0,1
1,debt_consolidation,0.1172,303.61,11.600464,20.78,740,9182.75,16752,50.9,0,0,0,0
0,educational,0.1528,521.63,10.383487,3.53,654,4089.57,26659,68.6,1,0,0,0
1,debt_consolidation,0.1735,341.64,11.52066,0.0,701,8930.1,8743,47.9,2,0,0,0
1,all_other,0.1302,643.31,10.757724,8.5,720,180.0,15553,56.9,1,1,1,0
1,debt_consolidation,0.1886,374.25,10.046724,4.66,717,3801.05,12576,22.6,0,0,0,1
1,credit_card,0.2016,579.53,11.291874,0.0,730,7654.74,11652,30.5,2,0,0,0
1,credit_card,0.1668,228.7,11.782502,24.65,675,7419.67,54334,33.3,2,0,1,0
1,debt_consolidation,0.1612,220.55,10.681973,16.46,712,180.0,10096,7.0,1,1,0,1
1,credit_card,0.1122,96.21,11.883285,17.2,726,2959.9,3998,51.1,0,1,0,0
1,small_business,0.1776,509.14,9.919876,10.63,741,4714.01,7108,21.7,1,0,0,0
1,home_improvement,0.1251,232.35,10.199956,15.5,679,3399.74,6918,16.4,1,0,0,1
1,all_other,0.135,1187.74,10.840497,9.68,697,7983.22,22149,110.1,0,1,0,0
0,all_other,0.2024,293.02,10.703834,18.22,612,5092.19,4478,81.1,1,0,0,1
1,small_business,0.1927,962.97,10.523049,13.9,686,1449.09,66215,107.4,0,0,0,1
1,debt_consolidation,0.1352,827.2,11.011543,12.35,690,6211.72,7109,46.0,0,0,0,0
1,debt_consolidation,0.1626,324.9,10.60756,12.87,671,6344.2,134680,39.4,1,0,0,1
1,debt_consolidation,0.12,216.92,10.711025,22.71,716,2186.88,11403,59.8,1,0,0,0
1,home_improvement,0.1505,345.3,11.099839,13.75,708,2832.51,25471,59.5,3,0,0,0
0,debt_consolidation,0.1786,873.47,10.522803,5.5,624,3280.8,53634,38.7,3,1,0,0
1,debt_consolidation,0.1396,1195.54,10.865329,14.92,718,8476.46,77478,26.6,1,0,0,0
1,all_other,0.1847,167.69,10.536221,15.97,675,4839.3,29832,66.0,3,0,0,0
1,debt_consolidation,0.1534,384.82,10.194572,11.6,728,180.0,725535,2.8,1,0,1,0
1,debt_consolidation,0.1892,262.32,11.395858,12.24,661,2051.47,10999,65.6,3,0,0,0
1,all_other,0.1529,295.56,11.971755,5.24,711,6849.67,978,40.1,2,0,0,0
1,debt_consolidation,0.1752,1256.92,11.579389,13.27,699,4039.47,10347,71.3,2,0,0,0
1,educational,0.1498,221.19,11.132347,4.22,722,1991.51,39011,79.9,1,0,0,0
1,debt_consolidation,0.1438,122.0,10.538668,10.87,715,4113.89,22648,65.4,2,0,0,0
1,home_improvement,0.1718,450.34,10.75498,7.98,700,7513.28,2145,14.9,0,0,0,0
0,all_other,0.1735,511.15,11.574783,19.38,652,10500.3,6369,5.1,2,0,0,0
0,debt_consolidation,0.1745,292.24,9.538293,23.29,654,4915.09,2994,2.9,0,0,0,0
1,debt_consolidation,0.1872,247.9,10.708411,4.7,688,6283.98,3780,34.0,1,0,0,0
1,all_other,0.1754,439.59,11.377811,12.57,710,4809.52,9419,5.5,1,0,1,0
1,debt_consolidation,0.1603,149.54,10.235649,10.46,687,5607.37,23079,46.5,1,0,0,0
1,debt_consolidation,0.1626,518.51,11.188267,15.8,734,2747.49,3408,21.8,1,0,0,0
0,major_purchase,0.1353,291.12,11.159963,13.26,699,8672.54,3964,31.1,6,0,0,1
0,all_other,0.1667,1024.91,10.042857,9.93,673,3914.01,34105,47.3,5,0,0,0
1,major_purchase,0.1458,471.04,10.983057,13.25,699,2311.37,2779,58.9,0,0,0,0
1,debt_consolidation,0.1518,341.41,10.553358,11.12,719,3137.16,2586,24.3,0,0,0,0
1,debt_consolidation,0.1652,329.83,11.18382,23.57,722,6722.43,368568,35.0,2,0,0,0
1,all_other,0.1351,95.89,11.338571,7.12,781,3312.77,4709,57.6,0,0,0,0
1,debt_consolidation,0.1755,360.27,11.173353,14.38,685,8851.71,590,43.7,0,0,0,0
1,debt_consolidation,0.16,333.55,10.974281,16.12,707,6658.89,1505,42.8,1,0,0,0
1,debt_consolidation,0.1455,390.57,11.106211,15.63,726,7213.79,451,67.0,1,0,1,0
1,debt_consolidation,0.1804,346.31,10.2126,10.54,709,4013.22,153157,21.2,0,0,0,0
1,credit_card,0.1335,1006.64,10.911241,22.04,691,3506.38,9743,71.3,3,1,0,0
0,debt_consolidation,0.1691,322.65,10.444145,0.0,651,5142.32,2068,113.4,0,0,0,0
1,educational,0.1727,216.83,11.559239,5.05,691,2092.12,26844,55.3,2,0,0,0
1,debt_consolidation,0.2049,127.61,11.346775,17.18,669,6241.03,169337,34.2,4,0,1,1
0,debt_consolidation,0.1787,288.89,11.345045,6.53,644,7353.15,8319,5.2,0,0,0,0
1,debt_consolidation,0.1642,185.87,11.97523,6.12,680,3329.94,149164,32.7,1,0,0,0
1,all_other,0.1481,152.44,10.728714,9.38,670,6784.41,6387,57.6,0,0,0,0
1,small_business,0.1502,304.92,10.595106,7.18,732,5696.63,1665,43.7,2,0,0,0
1,home_improvement,0.1597,852.73,10.714302,17.0,733,7850.62,197977,45.5,2,0,0,0
1,debt_consolidation,0.2028,785.19,9.952636,18.84,676,9169.02,3450,43.9,4,0,0,0
1,debt_consolidation,0.1545,155.55,10.000614,13.21,700,7014.37,4426,32.6,4,1,0,0
0,home_improvement,0.1719,401.18,11.308873,19.88,639,4919.3,57672,45.4,1,0,0,0
1,debt_consolidation,0.1658,521.34,10.078965,3.03,691,8074.42,11577,23.6,3,0,0,0
1,all_other,0.1169,544.6,10.274303,13.12,725,5178.27,9168,49.9,1,0,0,0
1,debt_consolidation,0.1667,1192.76,10.867951,21.9,741,4396.13,7279,51.5,2,0,0,1
1,all_other,0.1434,165.65,10.678541,19.34,683,3535.57,3768,87.5,1,0,0,1
1,all_other,0.1442,202.29,11.470248,22.51,750,5304.4,14610,24.7,2,0,0,0
0,debt_consolidation,0.188,251.45,10.966881,8.53,652,7572.88,23857,68.3,1,0,0,0
1,small_business,0.2046,528.65,10.442934,18.93,663,2481.29,7653,71.6,1,0,0,0
1,all_other,0.1489,56.32,11.522696,9.66,737,1959.61,27079,39.7,2,1,0,0
1,small_business,0.1422,319.54,11.374563,16.71,774,2009.27,21154,27.7,1,0,0,0
1,credit_card,0.1559,109.8,10.0693,21.65,729,7614.7,20328,85.8,1,0,0,1
1,debt_consolidation,0.1735,391.24,11.083883,7.12,708,6055.59,6943,9.3,1,0,1,0
0,all_other,0.22,1336.67,10.493803,0.0,627,8746.19,6037,23.4,1,0,0,1
0,debt_consolidation,0.1685,731.19,10.477723,25.35,633,3762.51,19789,15.9,0,0,0,0
1,home_improvement,0.1169,153.3,12.070404,15.97,715,2003.23,1605,27.4,3,0,0,0
1,debt_consolidation,0.1313,275.44,11.005806,11.86,696,8952.46,1131917,40.2,2,0,0,0
1,major_purchase,0.1385,200.1,10.797302,11.48,668,3221.38,196,90.0,0,0,0,1
1,all_other,0.131,913.42,10.98182,0.0,712,6749.66,4459,34.8,2,0,0,0
1,all_other,0.1276,78.64,11.463287,14.04,714,1724.45,24900,108.0,2,0,0,1
1,all_other,0.1314,271.54,10.502021,8.94,746,5511.94,35168,73.1,1,0,0,1
1,all_other,0.1708,239.75,10.606182,12.96,715,4652.16,2831,32.4,1,0,1,0
1,credit_card,0.1473,166.16,11.33057,12.81,757,1500.12,3864,32.7,0,0,0,0
1,credit_card,0.1435,1199.62,10.005003,0.0,710,9789.85,11847,52.7,0,0,0,0
0,debt_consolidation,0.147,126.14,11.534371,15.98,706,2839.16,1245,49.2,5,0,0,0
1,all_other,0.1781,170.95,9.95084,13.9,750,2722.0,1598,13.2,2,0,0,0
1,debt_consolidation,0.1844,1215.56,10.780082,14.83,673,3424.11,44472,25.8,0,0,0,0
1,all_other,0.1112,334.56,9.954712,11.33,817,180.0,40432,2.1,0,0,0,0
1,all_other,0.152,336.28,10.285686,12.94,724,4242.11,11144,98.0,1,0,0,0
1,debt_consolidation,0.1438,242.61,11.721577,13.79,724,3424.78,37485,51.1,4,0,0,0
1,credit_card,0.187,398.68,11.567119,14.49,730,7540.78,12698,38.0,1,1,0,0
1,all_other,0.1202,269.1,11.632307,15.88,781,5849.84,3170,27.6,0,0,0,0
1,all_other,0.1454,225.26,10.046117,14.55,740,1890.49,1714,30.8,1,0,0,0
0,credit_card,0.1504,142.25,10.288856,25.36,649,3426.59,29711,4.5,1,0,0,0
1,credit_card,0.1193,373.3,11.137322,7.59,763,10449.31,3717,51.7,0,0,0,0
1,credit_card,0.1507,249.89,11.366344,10.01,697,2780.3,39909,69.5,0,0,0,0
1,debt_consolidation,0.1638,278.39,10.442297,24.28,714,7118.85,6709,92.5,2,0,1,1
1,debt_consolidation,0.1624,612.29,10.576858,11.53,661,3359.74,87448,70.0,2,0,0,0
1,credit_card,0.1479,265.34,10.239878,19.03,730,2552.39,2367,68.7,1,0,0,0
1,debt_consolidation,0.155,353.58,11.94153,13.53,685,3705.33,1768,80.8,2,0,0,0
1,debt_consolidation,0.1321,1182.83,10.640277,11.03,714,8735.99,15210,42.5,1,0,0,0
1,debt_consolidation,0.138,487.61,10.949088,19.41,699,1391.62,6267,8.1,2,0,0,0
1,debt_consolidation,0.1196,248.84,10.981023,16.18,783,6701.44,13853,69.6,0,1,0,0
1,educational,0.1242,169.57,11.604428,2.02,785,8108.59,9731,26.3,2,0,0,0
1,debt_consolidation,0.1511,346.09,10.348995,13.8,712,3680.04,4795,44.4,2,0,0,1
1,debt_consolidation,0.1383,647.29,11.642639,5.73,712,7552.56,7118,17.7,3,0,0,0
1,major_purchase,0.1594,254.21,10.14998,21.37,696,7163.48,329,80.5,1,0,0,1
0,educational,0.1305,357.8,11.641089,24.7,752,3043.56,118650,71.7,5,0,0,0
1,debt_consolidation,0.1405,243.14,9.883667,25.53,698,2685.49,3919,6.3,3,0,0,0
1,small_business,0.1798,297.17,10.866221,15.07,694,4675.1,21958,49.9,0,0,0,0
1,debt_consolidation,0.1755,160.71,11.921517,9.42,747,5330.43,392,77.2,2,0,0,1
1,credit_card,0.1619,446.75,11.355326,14.82,690,4135.64,2645,43.3,2,0,0,0
1,debt_consolidation,0.1271,389.16,11.186958,6.12,709,6472.62,16314,46.6,1,0,0,0
0,debt_consolidation,0.2123,1112.32,10.290467,28.78,650,3125.55,196840,75.0,1,0,0,1
1,debt_consolidation,0.1689,401.37,10.481771,20.84,737,2780.94,22167,39.3,2,0,0,0
1,credit_card,0.1513,220.35,11.750081,14.7,784,5069.87,26330,44.5,2,0,0,0
1,debt_consolidation,0.1429,991.02,11.218127,19.48,737,5631.21,4925,69.8,4,0,0,0
1,all_other,0.115,444.61,11.473052,9.21,766,8339.82,10562,17.8,2,1,0,0
1,credit_card,0.1524,414.81,10.975014,4.96,678,6195.82,7851,27.2,1,1,0,0
1,debt_consolidation,0.1747,371.13,10.758144,0.0,719,6833.54,17602,0.0,2,0,0,0
1,small_business,0.2192,442.87,11.397664,13.17,674,4197.46,78319,105.2,3,0,0,1
1,debt_consolidation,0.1415,195.13,11.088205,11.16,701,4214.39,6138,50.4,1,0,0,0
1,debt_consolidation,0.0924,313.6,10.826324,16.18,739,3471.13,11211,77.5,1,0,0,0
1,debt_consolidation,0.1537,311.01,10.067456,12.69,714,5517.01,5727,12.4,0,0,0,0
0,debt_consolidation,0.1621,470.99,11.511884,15.87,656,5423.97,7099,82.9,1,0,0,0
1,debt_consolidation,0.1643,804.15,11.198416,18.2,660,5302.1,65991,38.5,3,0,0,0
0,all_other,0.1745,734.15,10.56018,2.52,658,4553.49,22023,86.9,0,0,1,1
1,all_other,0.1555,519.96,11.649344,18.6,729,4953.41,17906,41.2,0,0,0,0
1,all_other,0.1052,101.25,11.078726,9.79,788,9202.14,8794,15.6,2,0,0,0
1,all_other,0.1352,260.54,11.090673,16.17,762,5745.82,2704,78.5,3,0,0,0
0,home_improvement,0.1858,105.93,11.469176,19.65,638,6518.53,32805,48.7,1,0,1,1
1,debt_consolidation,0.0855,701.19,11.337911,19.7,764,6232.18,41243,13.0,0,0,0,0
1,all_other,0.1506,331.86,11.109141,13.49,746,4624.44,44153,0.0,2,0,0,0
0,small_business,0.1884,343.36,10.814963,13.83,651,6402.19,10525,59.0,0,0,0,1
1,debt_consolidation,0.136,218.84,12.140035,18.75,698,5112.03,3108,46.2,3,0,0,0
1,all_other,0.1225,840.39,10.482381,2.24,752,1934.27,30080,53.0,0,0,0,0
1,major_purchase,0.1505,387.65,11.385043,6.03,731,3608.4,60771,53.8,1,1,0,0
1,all_other,0.1793,346.97,10.878846,10.67,660,10043.74,41349,42.9,0,0,0,0
1,educational,0.1584,398.54,11.207375,3.4,733,7977.06,3099,58.0,1,0,0,1
0,debt_consolidation,0.2011,446.21,11.682388,10.73,629,4312.84,19734,67.9,2,1,0,0
1,all_other,0.1361,321.91,10.739937,10.35,702,6747.32,480,42.7,2,0,0,0
1,debt_consolidation,0.0775,786.4,11.29712,13.2,753,5606.73,92176,62.1,3,0,0,0
1,debt_consolidation,0.1579,876.6,11.09199,12.21,711,9416.94,14209,63.6,3,0,0,0
1,educational,0.1771,400.22,10.538806,19.98,691,4736.03,14878,78.0,0,1,0,1
1,debt_consolidation,0.1366,205.39,11.69744,16.55,744,5621.19,128928,0.0,2,0,0,0
1,educational,0.1525,455.2,11.363825,12.11,747,3067.33,4234,34.5,1,0,0,0
1,credit_card,0.1134,225.75,10.664925,10.3,760,4724.01,13164,63.0,0,0,0,0
1,small_business,0.1491,978.52,11.603192,12.27,743,180.0,2752,107.8,0,0,0,0
1,educational,0.119,1036.71,10.422834,12.39,751,5709.27,997,81.3,3,1,0,0
1,all_other,0.1572,603.67,10.91235,29.98,738,7568.82,17088,81.9,0,0,0,0
1,educational,0.1332,156.4,10.668173,2.54,720,9290.58,15880,119.0,2,0,0,1
1,credit_card,0.1957,277.64,11.3883,6.21,713,6262.43,366,44.5,2,0,0,0
1,all_other,0.1499,313.7,10.637393,5.2,701,4146.52,35130,107.1,2,0,0,0
1,credit_card,0.1926,212.71,11.392675,14.46,664,3006.39,10225,66.8,1,0,0,0
1,debt_consolidation,0.1623,297.17,11.292621,14.18,674,3871.73,36448,18.6,1,0,1,0
1,debt_consolidation,0.1876,447.89,10.701098,8.65,699,1063.78,15933,0.0,1,0,0,0
0,debt_consolidation,0.1778,543.07,12.046128,18.78,719,4430.42,58289,40.4,1,2,0,0
1,all_other,0.1247,858.18,10.475407,15.15,765,1995.89,70023,66.2,2,0,0,0
1,debt_consolidation,0.1623,362.0,10.070501,19.07,708,3566.93,15045,39.3,1,0,0,0
1,all_other,0.1643,298.75,11.45222,20.9,748,4549.15,47886,50.4,1,0,1,0
1,credit_card,0.1435,145.3,9.618861,0.0,751,5883.42,44882,102.6,3,0,0,0
1,credit_card,0.1415,455.24,11.840008,17.33,701,932.18,1651,48.3,0,0,0,0
1,small_business,0.162,267.69,10.99207,3.7,733,4202.22,2664,104.0,1,0,0,1
1,educational,0.145,310.12,10.059539,14.32,701,6775.06,2173,69.4,0,0,0,0
1,small_business,0.1514,243.75,10.351437,12.1,760,8559.37,31639,77.9,2,0,0,0
1,all_other,0.1294,240.97,9.933206,12.39,734,4874.16,3527,40.5,3,1,0,0
1,debt_consolidation,0.1836,626.33,11.163559,4.29,665,10552.99,423,44.9,3,0,1,0
1,major_purchase,0.1174,331.7,10.120582,19.71,716,6810.73,2177,47.5,1,1,0,0
1,debt_consolidation,0.1051,1012.06,11.236274,3.7,773,5214.18,5931,44.5,3,0,0,0
1,debt_consolidation,0.1432,163.76,10.744057,17.78,703,8168.56,22821,65.9,0,0,0,1
1,debt_consolidation,0.145,861.74,10.640028,2.72,727,3792.27,86547,84.4,2,0,0,0
1,all_other,0.1162,244.04,11.240701,12.48,731,2440.33,50202,118.4,1,0,0,0
1,credit_card,0.1558,350.82,11.310342,25.05,671,7382.18,14545,26.7,0,0,0,1
1,debt_consolidation,0.1629,520.64,11.62894,28.9,729,6386.67,2913,47.0,4,0,0,0
0,credit_card,0.1977,793.01,10.543395,1.43,657,7670.59,443,75.8,1,1,0,0
1,debt_consolidation,0.116,726.67,10.911816,7.74,686,7612.85,5018,48.8,1,0,0,0
1,debt_consolidation,0.1257,726.93,10.54245,8.99,751,10085.77,6917,9.4,1,0,0,0
1,debt_consolidation,0.1751,323.95,11.029422,28.16,724,1431.41,12837,70.1,0,0,0,0
1,debt_consolidation,0.169,1246.1,10.455243,12.13,698,4173.76,45785,23.7,2,1,0,0
1,credit_card,0.1564,561.52,10.671301,20.02,727,4340.3,32020,52.7,1,0,0,0
1,debt_consolidation,0.1681,47.31,10.67441,14.67,708,7976.77,12702,96.9,0,1,0,1
1,debt_consolidation,0.1367,370.13,11.10895,4.33,710,5991.86,5781,67.5,1,0,0,1
1,debt_consolidation,0.1489,281.83,10.931803,0.0,735,7986.48,957,65.3,0,0,0,0
1,credit_card,0.1779,307.83,11.238844,8.37,682,5767.85,3039,90.3,2,0,0,0
1,educational,0.1571,581.37,10.864732,28.59,712,5013.81,2336,43.4,0,0,0,1
1,credit_card,0.1534,459.22,10.576351,14.38,698,6761.79,692597,56.9,3,0,0,0
0,all_other,0.1819,240.13,11.046683,19.88,650,5713.21,266137,41.8,1,0,0,1
1,small_business,0.1638,1076.55,10.370518,2.81,675,6034.39,1460,69.8,2,0,0,0
1,debt_consolidation,0.1412,148.11,11.277186,10.36,770,6689.73,20505,8.4,1,0,0,0
1,debt_consolidation,0.1204,137.13,10.755866,17.97,725,6144.37,1259,21.3,2,0,0,0
1,all_other,0.1621,175.35,11.054757,5.07,660,7516.86,15644,48.0,2,0,0,0
0,debt_consolidation,0.1961,536.58,11.064215,12.16,651,5189.51,4989,64.5,1,0,0,0
1,all_other,0.1635,485.97,11.906943,6.53,706,5484.02,8716,102.2,2,0,0,1
1,all_other,0.1197,199.97,11.162766,18.3,769,2557.73,58828,21.1,3,0,0,0
1,debt_consolidation,0.1248,234.51,10.974664,15.35,703,7517.68,19849,45.1,1,0,0,0
1,all_other,0.1325,358.62,10.507654,17.32,760,9338.27,43997,54.4,1,0,0,0
1,debt_consolidation,0.1374,171.43,11.419455,18.61,723,554.71,24444,13.7,2,0,0,0
1,debt_consolidation,0.1574,651.62,10.765175,11.03,728,6662.42,3389,25.3,2,0,0,0
0,small_business,0.1835,1156.59,9.999457,19.52,659,4695.07,1342,0.0,1,0,0,1
1,credit_card,0.1047,305.17,10.810996,8.53,746,4599.12,6774,63.1,1,0,0,0
1,debt_consolidation,0.1341,459.5,11.046809,16.92,697,6629.15,6754,23.7,1,0,0,0
1,debt_consolidation,0.1325,388.06,10.430712,0.0,743,4985.71,4739,82.6,0,0,0,0
1,debt_consolidation,0.172,990.49,10.85791,7.45,679,6041.35,3543,59.1,1,0,0,0
1,debt_consolidation,0.1295,1178.45,10.886395,28.58,717,4160.8,12167,41.4,3,0,0,0
1,debt_consolidation,0.1349,281.0,10.895896,16.82,723,8821.95,90582,25.2,2,0,0,0
1,debt_consolidation,0.1744,390.33,11.683132,16.82,704,4477.52,380,58.1,1,0,0,0
1,home_improvement,0.1713,692.84,10.12995,6.92,725,3156.93,1497,39.6,0,0,0,0
1,home_improvement,0.1659,480.1,12.17062,5.05,700,5927.42,16617,62.6,3,0,0,1
1,home_improvement,0.1614,197.95,10.90997,10.78,685,2972.65,560,80.5,0,0,0,0
1,all_other,0.116,99.02,11.283929,12.14,771,5647.07,1086,25.0,3,0,0,0
1,credit_card,0.1487,242.33,11.00798,25.81,750,9177.72,322852,34.4,1,0,0,0
1,credit_card,0.1626,472.24,9.877126,19.63,681,4947.96,26897,84.1,3,0,0,1
1,small_business,0.1794,291.66,10.285488,13.35,732,1674.15,783118,87.3,2,0,0,0
1,credit_card,0.188,185.86,10.610192,13.05,682,4022.22,711,19.0,3,0,0,0
1,credit_card,0.1844,257.8,11.536169,17.83,665,7091.13,307376,22.7,2,0,0,0
1,home_improvement,0.1284,1176.59,10.085564,3.5,749,5327.22,1342,22.4,1,0,0,0
0,all_other,0.1767,173.77,10.408,0.0,645,6813.22,45820,53.9,4,0,0,0
1,debt_consolidation,0.1073,278.35,11.030559,17.73,745,3478.31,336,6.7,1,0,0,0
1,debt_consolidation,0.1593,260.37,11.218442,13.1,700,4030.1,17410,48.0,4,1,0,1
1,all_other,0.1578,1226.7,11.20006,3.55,702,6644.11,19487,45.8,1,0,0,0
1,debt_consolidation,0.1211,126.27,10.329757,0.0,726,9087.24,5338,29.2,2,0,0,0
1,debt_consolidation,0.1933,226.11,9.955225,18.77,732,4091.81,1179,49.6,2,0,0,0
1,debt_consolidation,0.181,403.05,11.258826,9.0,679,5153.49,6981,49.6,1,1,0,1
1,debt_consolidation,0.1269,401.77,11.804206,15.36,737,7809.76,16057,36.6,1,1,0,0
1,educational,0.1952,862.03,10.719366,10.78,714,5387.62,1734,95.8,2,0,0,0
1,debt_consolidation,0.1676,771.79,10.231741,12.36,662,6654.43,7858,35.2,2,0,0,0
1,debt_consolidation,0.1752,233.64,10.667773,8.51,704,3209.63,9881,48.2,1,0,0,0
1,debt_consolidation,0.1343,449.62,11.170378,12.07,762,5068.88,22538,29.5,2,0,0,0
1,debt_consolidation,0.1179,312.41,10.787783,16.58,774,3506.54,856,75.1,0,0,0,0
1,credit_card,0.137,263.07,11.788388,10.7,737,846.08,4222,14.1,2,0,0,0
1,all_other,0.2049,811.51,11.494232,10.3,665,2848.83,14498,51.3,0,0,0,0
1,debt_consolidation,0.1649,450.5,11.042446,16.79,729,6180.52,5790,20.7,3,0,0,0
1,all_other,0.1391,1109.91,9.737863,17.25,742,6439.56,1887,0.0,0,0,0,0
1,debt_consolidation,0.1023,481.15,10.507719,4.75,738,6981.48,48889,27.6,1,0,0,0
1,credit_card,0.1485,705.06,10.595706,12.4,740,6332.41,51536,28.6,1,0,0,0
1,major_purchase,0.1247,53.27,10.474564,8.99,724,4505.0,36509,62.6,0,0,0,0
1,small_business,0.183,411.94,11.046401,12.69,707,477.24,6089,22.5,1,0,0,0
1,debt_consolidation,0.152,501.69,11.05898,22.49,687,2199.73,7868,0.0,1,0,0,0
0,credit_card,0.1761,553.56,9.908814,15.08,638,7821.86,80626,0.0,0,0,0,0
1,home_improvement,0.1373,1072.15,11.420805,27.53,723,2954.65,39444,51.7,2,0,0,0
1,small_business,0.1882,601.92,10.939835,14.12,717,4873.75,82658,60.6,2,0,0,0
1,debt_consolidation,0.1111,149.9,11.148161,11.45,731,5216.88,12508,52.1,2,1,0,0
0,all_other,0.1936,573.94,11.384344,12.46,659,1597.0,28999,34.7,3,0,0,0
1,debt_consolidation,0.1515,667.2,10.462148,13.58,735,5890.53,31653,56.2,3,0,0,0
1,debt_consolidation,0.1193,231.45,11.697932,14.83,788,8879.45,110020,0.0,0,0,0,0
1,credit_card,0.1456,276.17,10.843506,5.76,713,5013.12,285,0.0,1,0,0,0
1,all_other,0.1665,658.47,11.852654,10.99,708,4386.78,13313,4.7,1,0,0,0
1,debt_consolidation,0.1417,367.57,10.384701,7.6,722,2164.02,50276,41.8,3,0,0,0
1,home_improvement,0.1123,756.74,11.80733,19.7,787,4375.29,71884,69.7,2,0,0,0
0,all_other,0.1747,438.01,10.37857,0.0,671,6413.16,5301,17.8,5,1,0,0
1,educational,0.1867,84.91,12.484757,13.68,718,5044.07,20410,21.1,1,0,0,0
1,home_improvement,0.1391,381.39,10.349381,2.12,680,3960.72,35481,65.3,2,0,0,0
1,small_business,0.1904,297.93,11.574518,15.58,689,7574.75,81403,34.9,1,0,0,1
1,credit_card,0.1539,575.88,10.70894,9.85,708,4406.06,19327,52.2,2,0,0,1
1,debt_consolidation,0.1285,485.56,11.366164,0.06,761,3990.39,16508,49.9,2,0,0,0
1,debt_consolidation,0.0948,177.81,10.90528,19.1,778,5413.02,7093,10.9,2,1,0,0
1,major_purchase,0.1131,405.87,10.264349,0.0,727,8327.48,65787,99.0,1,0,0,1
1,debt_consolidation,0.169,556.6,9.223934,12.38,696,4673.65,80002,21.4,0,0,0,0
1,debt_consolidation,0.0878,464.68,12.459626,17.37,805,2846.15,58088,102.0,0,0,0,0
1,all_other,0.1834,773.34,10.974545,22.1,694,6424.54,35847,62.8,3,0,0,1
1,debt_consolidation,0.1455,180.92,9.134447,1.49,688,4230.61,16189,54.9,0,0,0,1
0,debt_consolidation,0.1971,356.54,11.114591,9.04,643,6447.1,4273,3.8,2,0,0,0
1,all_other,0.1205,75.08,11.350648,20.08,763,180.0,3346,56.9,1,0,0,1
1,debt_consolidation,0.1268,823.16,10.493801,20.54,747,5152.05,56825,44.7,2,1,0,0
1,credit_card,0.0962,375.54,10.497904,21.44,802,4438.45,66979,40.4,1,0,0,0
0,debt_consolidation,0.1885,370.0,10.917896,30.0,657,2661.03,16201,9.2,1,0,0,0
1,all_other,0.1455,344.46,11.663582,9.09,765,2027.62,16179,72.4,4,0,0,0
1,debt_consolidation,0.1482,529.33,10.990976,15.17,713,4359.86,15387,73.7,2,0,0,0
1,all_other,0.1538,789.83,11.822567,10.21,741,2386.42,74435,0.0,3,0,0,0
0,debt_consolidation,0.1845,324.54,11.620044,0.0,647,180.0,36697,29.6,1,0,1,1
1,debt_consolidation,0.104,472.84,10.790441,11.98,766,2121.77,5492,38.7,2,0,0,0
1,home_improvement,0.15,500.94,9.971981,0.0,740,2013.51,24696,56.8,3,0,0,0
1,debt_consolidation,0.1503,81.41,10.791731,9.01,709,5133.15,869,51.2,1,1,1,1
1,credit_card,0.0924,212.64,11.251154,2.47,735,2087.96,4072,44.9,0,0,0,0
1,debt_consolidation,0.1611,522.41,10.966535,15.63,681,5058.33,666,61.1,0,0,1,1
1,debt_consolidation,0.1319,876.53,11.316999,7.23,688,2677.14,2777,101.1,0,0,0,0
1,debt_consolidation,0.1394,967.11,11.456686,0.28,692,7016.25,3222,38.4,3,1,0,0
0,small_business,0.1974,171.87,11.253824,18.57,640,5996.63,390,76.9,1,0,0,1
1,debt_consolidation,0.1395,751.97,10.76205,8.43,743,4309.71,71383,97.8,2,0,0,0
1,debt_consolidation,0.1189,747.59,11.247129,9.62,755,5419.83,4846,91.3,3,0,1,0
0,all_other,0.1786,526.87,12.293645,5.85,683,6496.88,6524,66.1,4,2,0,0
1,debt_consolidation,0.1478,91.93,10.021173,20.53,723,5212.87,2758,66.0,1,0,0,0
1,home_improvement,0.1519,261.04,11.227245,14.47,700,5412.94,27034,59.5,1,0,0,0
1,educational,0.1514,409.85,12.047522,8.37,722,180.0,99632,96.0,1,0,0,0
1,all_other,0.1908,340.28,10.2135,0.0,686,3764.11,25243,35.8,2,0,0,1
1,all_other,0.1282,80.56,11.540671,29.92,676,3113.56,19088,36.1,1,0,0,0
1,debt_consolidation,0.1639,322.03,11.622178,26.26,750,7687.09,464,27.9,0,0,0,0
1,educational,0.1445,196.12,10.029124,22.56,708,4083.96,9300,117.7,1,0,0,0
1,all_other,0.1057,538.16,11.364541,7.75,787,3373.16,30810,91.5,2,0,0,0
0,debt_consolidation,0.147,528.32,10.764497,9.14,712,6512.28,74510,29.5,5,0,0,0
1,educational,0.1539,549.85,10.893128,15.36,675,1262.52,28867,12.1,1,0,0,0
1,educational,0.1139,278.07,10.731778,6.43,757,4844.55,308840,41.2,2,0,0,0
1,all_other,0.162,391.14,11.73074,5.77,734,180.0,3410,49.1,2,1,1,0
1,debt_consolidation,0.1465,355.77,10.861606,22.66,738,3259.32,3410,54.4,2,0,0,0
1,credit_card,0.0973,666.41,10.647379,12.22,755,3902.67,20198,2.4,1,0,0,0
1,home_improvement,0.1806,272.46,10.657711,4.87,685,8702.67,84485,25.6,0,0,0,0
1,all_other,0.1687,229.11,10.721996,19.17,705,4687.72,109334,82.2,3,1,0,1
1,debt_consolidation,0.1294,721.82,10.271483,8.64,703,2833.78,421,64.8,0,0,0,0
1,debt_consolidation,0.1816,704.02,10.641998,0.0,661,4726.3,13052,26.7,1,0,1,1
1,debt_consolidation,0.1728,542.47,11.001778,4.77,700,8661.58,50211,75.1,3,1,0,0
1,debt_consolidation,0.1009,1067.58,11.176673,9.04,761,180.0,48021,75.3,0,1,0,0
1,credit_card,0.1576,1226.35,11.664464,14.12,719,6991.45,27005,111.5,0,0,0,0
0,debt_consolidation,0.1653,916.86,11.076997,13.78,659,6008.29,9544,40.7,3,0,0,1
0,debt_consolidation,0.1933,238.71,10.640573,21.07,651,4768.34,85,27.5,0,1,0,1
1,home_improvement,0.1089,639.69,10.313266,10.96,773,4283.51,293612,42.7,1,0,0,0
1,debt_consolidation,0.1781,426.03,11.109637,9.39,707,8652.78,29124,73.9,0,0,0,1
1,debt_consolidation,0.1623,260.26,10.858404,21.19,685,6855.99,2668,10.6,0,0,0,0
1,major_purchase,0.1481,225.09,10.878566,19.35,700,2465.9,6515,47.1,1,0,0,1
0,debt_consolidation,0.1666,468.63,11.090143,11.13,654,5115.85,16598,48.1,2,0,0,0
0,small_business,0.1641,685.13,11.246827,14.62,764,8173.07,23396,85.5,5,0,0,1
1,debt_consolidation,0.1482,993.23,11.094538,9.32,695,6404.71,1184,31.4,0,0,0,0
1,all_other,0.1537,610.99,10.825984,4.58,762,5715.9,2241,42.7,0,0,0,0
1,all_other,0.1593,574.12,10.441157,27.76,712,1802.25,24353,62.2,3,1,0,0
1,debt_consolidation,0.1039,307.31,10.556201,8.86,764,10843.39,4345,29.2,3,0,0,0
1,all_other,0.1519,442.41,11.447438,14.64,720,6863.59,635,23.9,0,0,0,0
1,debt_consolidation,0.1424,131.74,10.671612,2.14,742,9518.66,3083,101.3,1,0,0,0
1,all_other,0.1154,536.08,10.108914,17.68,737,5813.2,10725,63.2,0,0,0,0
1,debt_consolidation,0.1453,509.55,11.637341,4.28,734,5014.41,794,82.3,0,0,0,0
1,home_improvement,0.1609,1232.05,10.355149,24.18,723,3449.06,149627,68.1,2,0,0,0
1,all_other,0.1825,385.93,10.951501,25.0,701,7498.06,73206,43.6,1,0,0,0
1,all_other,0.1447,866.43,11.229609,16.5,783,8803.97,47398,29.4,4,0,0,0
1,debt_consolidation,0.219,299.29,10.931963,13.39,676,7663.32,12649,30.6,1,0,1,0
1,all_other,0.1559,1223.42,9.418336,11.31,710,10699.17,1514,25.7,0,0,0,1
1,all_other,0.1665,1070.43,11.168198,12.27,711,5387.64,2856,25.8,1,0,0,0
1,debt_consolidation,0.137,822.14,11.739143,15.42,725,3507.79,90851,24.4,2,0,0,0
1,credit_card,0.2008,424.47,11.409785,13.22,694,5703.22,3072,69.6,0,0,0,0
1,debt_consolidation,0.1327,316.67,9.634364,19.37,722,7070.2,10382,19.1,1,0,0,0
1,debt_consolidation,0.1954,311.55,12.227619,6.26,704,4403.08,6882,87.4,0,0,0,0
0,credit_card,0.2171,210.61,10.121231,23.14,650,4951.42,8513,68.9,1,0,1,0
1,debt_consolidation,0.1402,518.76,10.272164,9.68,710,5594.58,8943,66.5,3,0,0,0
1,debt_consolidation,0.1955,339.52,11.406945,7.45,668,6293.94,7466,53.9,1,1,0,0
0,credit_card,0.1947,527.51,11.206233,15.1,644,5397.0,5311,59.1,1,0,0,1
1,credit_card,0.1454,424.27,10.979004,15.54,715,5587.29,6563,34.7,1,0,0,0
0,debt_consolidation,0.1446,177.46,10.582662,0.62,729,6649.77,7833,22.5,3,2,0,0
1,debt_consolidation,0.1522,799.5,11.741823,9.28,730,6981.63,2414,34.1,1,1,0,0
1,all_other,0.1532,407.39,10.906011,0.0,732,3822.49,1163,9.0,0,0,0,0
0,all_other,0.2186,762.4,9.974852,7.94,637,469.26,6048,60.3,0,0,0,1
0,all_other,0.1907,177.51,11.681703,8.23,658,2464.43,2696,18.0,3,0,0,0
1,all_other,0.1068,208.81,11.063764,14.65,785,6212.6,9842,65.9,1,0,1,0
1,credit_card,0.1888,304.15,11.610154,7.16,670,3232.95,1984,66.7,1,0,0,0
1,major_purchase,0.1106,424.84,11.279255,8.8,733,5723.88,530,54.5,3,0,0,0
1,debt_consolidation,0.1599,357.61,12.38889,21.6,684,4916.89,112126,32.3,2,0,1,1
1,debt_consolidation,0.1487,983.57,10.740918,26.84,713,5227.36,3975,22.5,1,0,0,1
1,debt_consolidation,0.1799,815.73,10.939817,6.25,686,6288.39,312,26.0,0,0,0,0
1,debt_consolidation,0.1819,237.69,11.369097,19.63,731,8034.99,35927,20.2,1,0,0,0
1,debt_consolidation,0.158,1227.04,10.744687,15.28,715,5018.38,4978,46.7,0,1,0,0
1,small_business,0.1713,368.16,11.419609,0.6,693,2454.72,9809,43.8,2,0,0,0
1,debt_consolidation,0.1599,949.36,9.132078,7.14,670,5837.44,13194,102.3,0,1,0,1
1,debt_consolidation,0.1681,318.69,10.885602,0.0,720,6842.38,47681,100.9,4,0,0,0
1,all_other,0.1727,606.16,10.867175,14.83,664,180.0,15409,91.3,2,0,0,0
1,educational,0.1386,725.42,10.845079,5.17,726,3254.18,1005,41.2,2,1,0,0
1,debt_consolidation,0.1299,128.56,10.395075,13.52,810,5133.1,1394,6.0,2,0,0,0
1,credit_card,0.1563,1224.11,11.482735,30.0,761,3859.25,949,52.3,1,0,0,0
0,home_improvement,0.1246,211.65,10.622289,23.59,737,5396.15,4265,39.8,6,0,0,0
1,debt_consolidation,0.1273,287.53,11.052167,7.31,707,3499.8,17626,48.1,1,0,0,0
0,all_other,0.1872,261.47,10.90733,5.64,636,7402.69,2577,59.5,0,0,1,0
1,all_other,0.1556,256.94,11.235222,21.52,660,5188.47,3194,67.4,1,0,0,1
1,debt_consolidation,0.1083,248.21,11.802886,5.67,759,560.57,2989,0.0,0,0,0,0
1,all_other,0.1486,164.06,11.049013,19.44,680,6888.47,3714,84.6,1,0,1,0
1,debt_consolidation,0.189,682.19,11.443252,30.0,683,7047.26,28124,74.8,4,0,0,0
1,credit_card,0.1716,423.68,11.018371,17.26,704,4966.66,6005,30.4,4,1,0,1
1,home_improvement,0.22,379.19,10.621335,20.77,670,461.57,56280,72.8,3,0,0,1
1,debt_consolidation,0.1642,787.78,10.84365,19.97,663,7314.89,4100,39.7,2,0,0,0
1,all_other,0.1834,1271.31,10.757039,8.76,708,2504.96,10099,48.0,2,0,0,0
1,debt_consolidation,0.1811,132.88,11.276579,14.6,676,4156.75,7084,42.7,1,0,0,1
1,debt_consolidation,0.1574,1193.81,10.995058,6.0,682,3624.6,15351,26.0,1,0,0,0
1,credit_card,0.1665,381.82,10.445499,21.5,680,1461.19,22848,10.6,2,0,0,0
1,debt_consolidation,0.1357,144.32,10.794603,5.11,730,5075.33,10178,119.0,2,0,0,0
1,home_improvement,0.1651,517.04,9.999191,17.44,701,5566.87,728967,65.2,4,0,0,1
1,debt_consolidation,0.1788,363.75,10.817392,20.41,703,5343.49,113045,51.0,2,0,0,0
1,home_improvement,0.1382,681.05,10.930797,9.21,733,4536.67,4158,99.6,3,0,0,0
1,debt_consolidation,0.1751,434.83,12.033153,7.63,705,3197.56,85902,0.0,2,0,0,0
1,debt_consolidation,0.1863,512.08,11.752556,11.43,699,8732.75,72225,39.9,3,1,0,0
1,credit_card,0.1777,290.66,10.299214,6.44,728,5523.35,1272,29.1,2,0,0,0
1,all_other,0.1212,177.16,11.053079,13.68,735,2721.28,354,32.7,4,0,0,0
1,debt_consolidation,0.1576,644.15,11.063779,6.27,704,6161.13,14755,47.9,1,1,0,0
1,small_business,0.1837,275.24,10.789433,6.77,713,5971.06,8462,34.3,3,0,0,1
1,debt_consolidation,0.1477,500.9,10.82832,16.37,680,6598.34,198,0.0,3,0,0,0
1,debt_consolidation,0.1446,1064.69,10.714091,16.86,677,4979.46,12864,17.6,3,0,0,0
1,all_other,0.1423,335.37,12.072352,10.57,739,3503.43,11302,20.3,2,0,0,0
1,all_other,0.14,610.25,10.676128,1.24,727,1636.41,3961,34.1,1,0,0,0
1,all_other,0.1448,368.42,11.137972,20.68,727,3734.26,131047,19.3,2,0,1,0
1,home_improvement,0.1415,290.23,9.387292,9.51,721,919.17,7335,41.8,1,0,0,0
1,all_other,0.1982,135.84,11.432377,26.83,712,5812.0,5580,42.7,1,0,0,0
1,debt_consolidation,0.135,361.09,11.652395,11.69,736,1044.61,10499,0.0,1,0,0,0
1,debt_consolidation,0.1514,338.66,10.288262,13.54,746,4171.36,1186,15.9,0,0,0,0
1,debt_consolidation,0.1505,206.26,10.617749,9.62,745,6882.41,2423,53.3,3,0,0,0
1,credit_card,0.1239,87.91,11.205417,14.28,706,4454.79,116,43.8,0,0,0,1
1,debt_consolidation,0.1614,119.69,10.941871,30.0,763,4912.26,19468,0.0,3,0,0,1
1,all_other,0.1644,1238.11,11.214485,10.19,719,6168.69,45447,70.3,1,0,0,0
1,all_other,0.1482,388.35,10.754783,21.41,734,6343.27,16480,64.6,2,1,0,0
1,home_improvement,0.1721,143.12,12.066592,13.23,721,7654.77,14552,114.6,0,0,0,0
1,debt_consolidation,0.1509,249.08,10.521459,20.7,719,6468.34,9072,98.1,1,0,0,0
1,debt_consolidation,0.1861,401.63,12.571861,0.0,682,5954.54,115563,22.3,2,0,0,0
1,small_business,0.1212,498.27,11.687574,26.02,737,180.0,8136,43.3,0,0,0,0
1,all_other,0.1237,310.22,11.43759,14.95,818,5664.15,43065,47.9,1,0,2,0
1,all_other,0.1659,1240.72,10.295309,10.75,696,9206.42,36577,84.0,1,0,0,0
1,credit_card,0.1585,1227.91,11.484906,18.83,713,6678.51,1131,38.7,2,1,0,0
1,small_business,0.1617,503.98,11.298402,13.59,693,7484.11,29193,86.0,4,0,0,0
1,debt_consolidation,0.1601,297.63,9.637038,4.68,691,3374.3,1715,55.2,2,0,0,1
1,small_business,0.1394,488.23,10.073194,0.0,769,4887.85,4158,23.8,0,0,0,0
1,debt_consolidation,0.1448,148.47,11.148153,25.2,684,6471.43,7648,12.8,3,0,0,0
1,educational,0.1712,786.33,10.848687,11.06,692,6167.56,75764,76.5,1,0,0,0
0,debt_consolidation,0.2144,467.52,10.614948,8.37,650,7035.26,3249,75.1,0,0,0,0
1,debt_consolidation,0.1405,160.71,11.588159,8.91,681,2224.19,17358,78.7,1,1,0,0
0,debt_consolidation,0.195,268.2,10.390895,22.7,645,3077.25,841,0.0,1,0,0,0
1,home_improvement,0.1367,555.87,10.652303,9.22,734,1825.51,7578,43.2,3,0,0,1
1,educational,0.0975,109.62,10.535312,17.05,816,5706.63,4758,83.3,3,0,0,0
1,debt_consolidation,0.1637,206.81,11.241203,10.29,696,4591.78,76966,5.5,1,0,0,0
0,debt_consolidation,0.186,287.78,9.88113,3.94,647,4573.57,3083,63.5,0,0,0,0
1,debt_consolidation,0.1443,744.39,10.62642,18.82,744,3358.36,839,30.9,2,0,0,0
1,debt_consolidation,0.1459,1206.27,9.879113,20.21,682,2951.37,5133,19.7,0,0,0,0
1,home_improvement,0.1556,498.2,10.739146,7.91,759,5064.62,3826,25.9,2,1,0,0
1,debt_consolidation,0.1625,42.24,11.37106,12.34,699,7828.4,15163,92.8,1,0,0,0
1,educational,0.1786,180.6,11.381947,13.27,686,8978.5,85087,73.0,1,0,0,0
1,major_purchase,0.1833,1271.14,10.486165,15.67,703,8987.3,6017,43.6,0,0,1,0
1,debt_consolidation,0.1044,396.58,11.255326,26.2,739,3888.94,18513,110.8,3,0,0,0
1,all_other,0.1726,63.13,10.81705,10.37,701,2102.45,8808,0.0,1,0,0,0
1,educational,0.1612,1232.57,11.760262,10.32,691,7269.25,23016,28.4,1,0,0,0
1,small_business,0.1949,158.44,10.850723,11.39,702,8246.54,2165,93.4,1,0,0,1
1,credit_card,0.1615,575.71,9.116441,6.1,662,6104.02,9974,41.8,2,0,0,0
1,debt_consolidation,0.1679,174.29,11.475755,0.72,725,5002.6,46922,41.0,0,0,0,0
0,debt_consolidation,0.1654,1239.85,10.649949,13.52,642,3492.82,3060,43.5,4,0,0,1
1,home_improvement,0.1716,144.96,10.762738,16.24,693,6573.88,7841,33.7,1,0,0,0
1,debt_consolidation,0.1485,251.17,11.134913,12.62,739,6499.28,9268,73.9,0,0,0,1
1,credit_card,0.1474,787.3,10.060928,12.17,722,5767.46,964,23.1,4,0,0,0
1,credit_card,0.1254,248.59,10.975539,6.4,732,2293.87,32787,119.0,2,0,0,0
1,all_other,0.1494,532.5,11.256043,14.34,708,2576.05,4154,6.0,0,0,0,0
1,debt_consolidation,0.1546,682.64,11.152079,13.77,754,4825.22,9595,96.1,2,0,0,0
1,debt_consolidation,0.1699,441.38,10.564652,15.88,745,7664.7,27614,70.9,1,0,0,0
1,small_business,0.2023,187.35,11.535078,14.83,727,7334.19,32472,27.2,0,0,0,0
1,debt_consolidation,0.1507,218.78,10.321527,15.32,745,4062.26,1543,54.5,3,0,0,1
1,debt_consolidation,0.1479,289.06,10.548432,21.7,739,492.81,20066,71.5,1,0,0,0
1,major_purchase,0.1725,590.35,10.847039,16.55,693,8398.14,49961,65.2,3,1,0,1
0,credit_card,0.2174,734.72,11.110236,15.92,659,8162.27,3619,0.0,3,0,0,0
1,all_other,0.1591,443.36,10.732029,0.58,726,5369.81,36888,58.2,0,0,0,0
1,home_improvement,0.1482,618.29,11.679438,19.87,731,3985.04,20053,6.7,0,0,0,0
1,all_other,0.1319,121.28,11.110125,10.54,751,4292.01,22824,77.4,3,0,0,0
1,educational,0.1689,479.59,10.976151,13.15,674,7387.83,41358,78.0,1,0,0,1
1,small_business,0.1939,385.2,11.088683,3.82,676,6402.24,2529,7.3,2,0,0,0
1,debt_consolidation,0.1332,523.63,11.377073,27.02,727,3989.98,2299,0.0,1,0,0,0
1,debt_consolidation,0.1447,637.2,11.076873,0.0,707,10564.04,67033,38.2,2,0,0,0
0,debt_consolidation,0.187,191.31,9.826195,22.87,638,1235.04,6396,40.0,5,0,0,0
1,credit_card,0.1406,346.43,11.5946,15.53,724,3556.04,1034,47.2,0,0,0,0
0,all_other,0.1993,1033.54,11.003002,0.0,640,3611.91,8196,59.2,1,0,0,0
1,all_other,0.1856,493.0,11.34776,26.65,674,5325.15,8970,42.5,1,0,0,0
1,educational,0.1382,347.61,10.682374,16.14,761,7890.94,15798,50.0,1,1,0,0
1,all_other,0.1346,158.16,9.815703,0.0,779,7131.67,5772,22.8,0,0,0,0
1,home_improvement,0.179,577.43,9.539865,9.69,664,5376.74,172377,17.2,3,0,0,1
1,credit_card,0.0859,130.65,10.353936,16.29,697,1742.21,2551,64.5,1,0,0,0
0,all_other,0.1375,328.78,11.245549,24.42,712,7447.89,479,62.1,2,2,0,0
1,debt_consolidation,0.1394,264.84,11.721713,9.78,778,2221.92,1022,36.6,2,0,0,0
1,credit_card,0.1477,497.77,11.114202,0.0,691,4055.45,3290,16.5,2,0,0,0
1,all_other,0.1811,260.45,10.288141,22.67,692,4871.13,22873,92.0,1,0,1,0
1,debt_consolidation,0.1476,300.27,10.451684,16.04,769,3041.32,7687,96.6,2,0,0,0
1,home_improvement,0.1569,202.39,11.760078,0.0,696,2992.61,18576,80.0,1,0,1,1
1,all_other,0.1319,310.56,10.130424,14.96,737,7276.99,3643,65.4,1,0,0,0
0,debt_consolidation,0.1813,460.4,12.212081,15.7,654,8695.51,20564,15.4,3,1,0,0
1,home_improvement,0.1582,300.78,12.074383,10.36,703,4875.06,844,84.2,0,0,0,0
0,debt_consolidation,0.1968,324.97,12.23218,6.89,647,612.44,13708,63.8,0,1,0,0
1,all_other,0.1271,411.82,11.162228,8.39,670,5761.34,27600,17.3,0,0,0,0
1,all_other,0.1268,739.34,10.72167,10.36,742,3319.66,2422,67.5,1,0,0,1
1,debt_consolidation,0.1366,626.54,11.147371,15.05,708,5961.46,155931,32.2,2,0,0,0
1,all_other,0.1109,144.96,11.484237,18.04,698,5798.72,526,71.0,1,0,0,0
1,debt_consolidation,0.1586,656.73,10.533027,0.0,682,356.0,32480,80.2,1,0,0,0
1,debt_consolidation,0.1295,959.44,10.258266,14.37,702,4084.05,40243,62.1,2,0,0,0
1,credit_card,0.1432,615.44,10.756799,15.97,721,6600.89,2647,22.8,3,0,0,0
1,debt_consolidation,0.1295,67.99,10.458892,13.77,747,4827.03,17536,64.9,3,0,0,0
0,educational,0.2091,495.39,11.686941,9.81,612,2319.08,2672,63.3,2,0,0,1
1,debt_consolidation,0.1653,1020.39,10.553978,22.4,678,6700.75,16877,26.7,1,0,0,0
1,debt_consolidation,0.1194,265.16,10.988341,21.88,716,896.32,7392,37.1,3,0,0,0
1,major_purchase,0.1646,1238.46,11.529655,10.07,706,5645.09,10564,102.2,1,0,0,0
0,all_other,0.1975,88.05,11.710704,12.03,725,3712.37,4137,95.0,2,2,0,0
1,all_other,0.1729,433.73,11.057221,17.93,720,6145.14,4172,31.1,2,1,0,0
1,credit_card,0.1749,651.5,11.164421,21.45,698,4489.68,3058,0.0,0,0,0,0
1,small_business,0.176,443.59,10.309636,6.97,690,6275.44,29472,90.0,2,0,0,1
1,debt_consolidation,0.1501,422.39,11.554065,5.38,701,8462.8,152069,108.5,2,0,0,0
1,debt_consolidation,0.1249,176.65,11.700749,14.49,754,6795.54,403023,92.6,1,0,0,0
1,educational,0.1733,261.9,9.789085,4.85,682,6750.21,47112,36.7,0,1,0,0
1,debt_consolidation,0.1341,553.9,12.005397,0.0,708,6517.29,10468,66.4,0,0,0,0
1,credit_card,0.1572,87.23,10.502598,6.94,717,768.09,52077,20.2,3,0,0,1
1,all_other,0.1161,680.84,11.292725,15.48,769,5261.32,18545,78.4,1,0,0,0
1,all_other,0.1266,338.62,10.977313,23.32,699,5734.29,6110,30.1,2,1,0,0
1,home_improvement,0.1261,539.46,10.893171,7.71,746,6442.18,248687,28.6,1,0,0,0
1,educational,0.1598,695.24,10.804024,11.74,757,4848.69,50732,44.5,1,0,0,0
1,debt_consolidation,0.1596,1229.81,10.324536,13.67,708,6848.91,3239,30.8,2,0,0,0
1,all_other,0.0884,923.77,11.249535,8.12,702,2663.03,49718,68.3,2,0,0,0
1,credit_card,0.1483,163.1,10.755513,7.58,697,10042.01,26833,22.2,3,0,0,0
1,debt_consolidation,0.1785,1262.7,10.131252,14.91,700,6455.59,2384,119.0,0,0,0,0
1,small_business,0.1505,56.79,10.298647,4.34,742,2759.17,12051,63.0,2,0,0,0
1,all_other,0.1623,282.78,10.141608,7.3,719,8448.67,9771,36.9,0,0,0,0
1,debt_consolidation,0.1439,424.48,10.61,11.2,719,2270.05,168,18.7,0,0,0,0
1,small_business,0.1939,321.31,11.225911,14.82,667,5083.62,1125,38.0,3,0,0,0
1,major_purchase,0.1733,477.18,10.496218,2.14,673,5348.36,61545,41.0,3,1,0,1
1,debt_consolidation,0.1065,316.59,11.525019,11.7,791,4035.22,3413,39.1,1,0,0,0
1,credit_card,0.1705,959.19,10.857279,3.69,703,4754.78,27752,32.6,1,0,1,0
1,debt_consolidation,0.1996,289.88,10.753463,7.88,681,5218.13,82504,23.1,2,0,0,0
1,debt_consolidation,0.1393,344.42,10.940227,18.04,764,2376.71,396,73.3,2,1,0,0
1,debt_consolidation,0.153,1218.43,11.781045,12.09,721,5743.42,143552,88.0,1,0,0,0
1,small_business,0.1441,740.5,10.093483,24.12,732,5067.49,8291,22.0,0,1,0,0
1,debt_consolidation,0.1769,349.59,11.940384,12.1,705,9919.82,20278,45.6,2,0,0,1
1,debt_consolidation,0.1511,528.56,11.515698,19.28,698,8769.75,242603,0.0,1,0,0,0
1,credit_card,0.1698,1247.5,10.91679,18.08,704,3227.06,51087,31.2,3,0,1,0
0,debt_consolidation,0.195,153.16,11.651646,12.51,657,4707.43,8221,104.1,3,0,0,1
1,debt_consolidation,0.177,183.94,10.733292,3.52,707,3325.89,4652,81.8,2,0,0,0
1,debt_consolidation,0.1711,261.22,11.104264,11.87,721,4422.46,5327,64.9,1,0,0,1
1,home_improvement,0.1438,437.57,10.599737,8.92,780,7208.73,4423,13.5,2,0,0,0
1,all_other,0.1294,725.29,11.51955,8.66,713,4803.5,82413,26.8,2,0,0,0
0,credit_card,0.1788,231.11,10.498574,13.68,621,3812.52,25943,32.0,0,0,0,0
1,debt_consolidation,0.1303,190.73,10.898666,2.6,706,6573.53,15293,76.6,0,1,0,0
1,all_other,0.0803,136.91,11.344275,6.57,814,218.34,7702,84.7,1,0,0,0
1,home_improvement,0.1716,202.09,11.569396,5.62,743,4094.06,35068,47.3,1,0,0,0
1,debt_consolidation,0.1501,239.63,10.429095,10.85,679,8484.96,536,73.4,0,0,0,0
1,debt_consolidation,0.1235,80.31,11.389414,7.3,732,8603.97,215384,25.9,0,0,0,0
1,debt_consolidation,0.1674,262.31,10.330989,7.75,682,8323.35,7124,56.6,0,0,0,0
0,debt_consolidation,0.1639,185.47,9.618298,13.53,659,1981.83,2384,77.7,3,1,0,0
1,debt_consolidation,0.207,365.92,10.473681,9.52,697,1963.1,68490,93.6,4,0,0,0
1,major_purchase,0.1491,1211.74,11.439143,12.63,713,3825.71,65981,13.7,3,0,0,1
0,all_other,0.1968,132.66,10.922548,4.9,639,5091.34,9714,89.4,1,0,0,1
1,all_other,0.1601,782.09,10.603651,6.88,666,3227.38,91491,117.3,1,0,0,0
1,debt_consolidation,0.1227,1167.02,10.963842,26.68,710,858.48,54431,6.3,2,0,0,0
1,all_other,0.1485,743.43,10.943664,7.79,694,7379.59,20085,1.5,1,0,0,1
1,all_other,0.1348,471.58,11.309358,0.0,725,6962.93,793,94.8,1,0,0,1
1,major_purchase,0.1621,967.58,9.946857,14.96,664,3583.16,13390,36.8,4,0,0,0
1,all_other,0.1117,559.08,10.867565,7.72,737,6839.95,11094,42.6,1,0,0,0
1,home_improvement,0.1789,859.15,11.005809,14.28,665,7418.68,7346,83.5,0,0,0,0
1,debt_consolidation,0.1213,395.51,10.097124,11.98,772,180.0,6045,23.4,0,0,0,0
0,all_other,0.1543,181.6,10.08876,16.39,645,6668.64,36407,57.0,2,0,0,0
1,major_purchase,0.1769,889.19,10.707528,11.91,668,4907.82,1492,9.7,0,0,1,0
1,all_other,0.1639,1237.25,10.9352,11.04,726,180.0,73895,74.6,2,0,0,1
1,credit_card,0.1515,299.41,10.937348,20.52,773,7605.44,10091,74.5,2,0,0,0
1,small_business,0.1171,367.55,10.590627,0.0,722,5258.58,2843,54.6,1,0,0,0
1,major_purchase,0.1318,399.63,10.565626,3.45,731,1069.54,6876,50.0,2,0,0,0
1,debt_consolidation,0.128,131.42,10.688942,6.91,711,6053.75,15040,49.2,1,0,0,0
1,debt_consolidation,0.1604,212.48,11.112098,0.92,671,5512.51,109937,44.6,2,0,0,0
1,all_other,0.1922,497.71,11.689219,9.29,691,6412.1,34074,47.5,2,0,0,0
1,educational,0.1621,361.15,9.575558,8.61,664,224.65,72398,74.9,3,1,0,1
1,all_other,0.1684,393.68,11.310031,19.33,661,4308.79,9886,0.0,3,0,0,0
1,debt_consolidation,0.1326,376.85,10.862197,11.99,725,2608.09,7789,102.8,3,0,0,0
1,all_other,0.2078,378.76,11.250691,11.13,667,4652.6,213425,55.1,1,0,0,0
1,debt_consolidation,0.1045,207.85,11.653181,9.98,722,814.47,8774,114.9,1,0,0,1
1,debt_consolidation,0.1668,526.39,10.469373,5.34,661,2267.14,4553,56.9,2,0,0,0
1,debt_consolidation,0.1336,466.22,11.506026,18.75,721,8908.76,3867,49.9,2,0,0,0
1,debt_consolidation,0.13,199.02,10.165034,20.95,691,7963.8,17532,67.8,0,0,0,0
1,credit_card,0.1541,509.83,11.007836,4.24,763,7489.06,1930,13.4,1,0,0,0
1,debt_consolidation,0.1144,232.93,10.782065,23.78,722,8736.8,14661,18.6,2,0,0,0
1,debt_consolidation,0.1256,578.49,10.95823,7.97,757,386.09,14218,43.8,2,0,0,0
1,all_other,0.1674,376.99,10.326689,7.41,681,4918.44,28166,51.8,3,0,0,0
1,debt_consolidation,0.14,492.63,11.196499,15.86,712,5669.84,665,79.5,0,0,0,0
1,debt_consolidation,0.1379,421.59,11.897635,16.48,673,4091.47,447,51.8,0,0,0,0
1,debt_consolidation,0.1597,369.53,10.337167,12.11,694,407.9,5429,91.7,2,0,1,1
1,debt_consolidation,0.1452,473.49,11.045684,10.21,700,7269.08,8751,0.0,0,0,0,0
1,credit_card,0.1847,717.65,11.452083,20.69,682,6604.57,1831,102.0,2,0,0,0
1,debt_consolidation,0.1869,434.37,10.748988,8.3,664,3508.34,1225,37.7,1,0,0,0
0,debt_consolidation,0.2191,448.81,11.75984,12.13,656,7173.97,21847,69.4,0,0,0,1
0,debt_consolidation,0.1981,316.48,10.66789,24.29,621,5370.83,6641,84.4,1,1,0,1
1,debt_consolidation,0.1857,111.59,10.85906,3.37,670,6644.55,39888,11.4,2,0,0,0
1,debt_consolidation,0.1379,381.63,10.324176,9.44,734,2773.99,1210,91.5,1,1,0,0
0,debt_consolidation,0.2176,171.6,11.00722,19.67,649,5656.66,9199,71.4,1,0,0,0
0,debt_consolidation,0.1795,265.9,10.931844,16.24,658,5683.1,158889,101.0,0,0,1,1
1,debt_consolidation,0.1232,199.06,11.3179,18.77,778,4481.21,6797,51.8,0,0,0,0
1,small_business,0.1925,243.46,10.541914,3.47,686,180.0,4301,49.5,1,0,0,0
1,debt_consolidation,0.1376,235.52,10.513983,14.82,722,5489.41,47067,28.1,0,0,0,0
1,debt_consolidation,0.1351,521.5,11.21212,10.63,734,5659.57,76860,29.1,1,0,0,0
1,all_other,0.1554,482.28,11.782286,28.28,735,2695.93,3959,47.7,2,0,0,0
0,debt_consolidation,0.1966,437.28,11.313696,18.18,652,6490.66,4452,66.5,2,0,0,0
1,credit_card,0.1719,911.72,12.056921,12.45,701,5671.66,43675,71.3,1,0,0,0
0,debt_consolidation,0.1817,1268.32,11.268738,14.57,649,6083.76,17677,20.3,0,0,0,0
1,all_other,0.1195,517.87,11.246769,12.97,803,4116.35,18327,46.6,3,1,0,0
0,major_purchase,0.2026,770.3,11.344369,17.42,649,788.12,15973,56.1,1,1,0,1
1,debt_consolidation,0.152,462.68,11.837784,6.69,670,843.5,10087,0.0,2,1,0,0
0,debt_consolidation,0.1739,617.12,11.684918,22.02,670,6778.74,54402,74.5,5,0,0,0
0,all_other,0.1233,117.09,10.268224,3.46,653,2325.3,100880,41.9,1,0,0,0
1,educational,0.1478,56.92,11.418355,14.01,761,3064.97,2106,49.8,0,0,0,0
1,debt_consolidation,0.0988,80.22,11.091867,6.91,802,7159.06,45225,91.7,2,0,0,0
1,all_other,0.1489,244.5,10.811639,12.9,692,180.0,10196,20.5,2,0,1,1
0,debt_consolidation,0.176,1023.76,9.848513,19.42,660,1043.66,1398,24.1,6,0,0,0
0,all_other,0.2065,490.4,9.990502,0.78,625,7032.81,2493,0.0,0,1,0,1
1,debt_consolidation,0.2078,312.56,10.707675,11.43,701,5270.73,5681,47.1,1,0,0,0
1,all_other,0.1302,549.2,10.036599,2.67,698,180.0,59459,80.8,3,0,0,0
1,debt_consolidation,0.1502,485.63,10.720308,10.67,685,3961.0,2091,0.0,2,0,0,0
1,all_other,0.1569,148.28,11.365748,2.65,718,5499.97,613,19.0,2,1,0,0
1,debt_consolidation,0.1346,515.1,10.575617,13.72,725,2305.18,7160,53.7,1,0,0,0
1,credit_card,0.1672,695.61,10.980912,9.66,722,1445.06,5096,35.6,3,0,0,0
1,credit_card,0.1579,1226.87,10.277329,17.76,698,838.46,60658,35.8,2,0,0,0
1,home_improvement,0.1925,380.54,11.112248,21.08,668,7175.91,16499,53.4,1,0,0,0
1,educational,0.1397,1195.71,11.239963,12.67,735,7668.24,34199,102.2,4,0,0,0
1,all_other,0.1668,292.44,10.06201,18.77,710,6946.74,5829,50.1,3,0,0,1
1,credit_card,0.1215,1165.01,10.471349,22.14,744,8140.76,1559,55.9,1,0,0,0
1,debt_consolidation,0.1811,261.13,10.157026,6.24,740,8261.06,89274,62.9,1,0,0,0
0,small_business,0.1612,604.02,11.240621,22.5,656,1269.92,4257,0.0,0,0,0,0
0,all_other,0.1665,474.29,11.030044,12.35,655,7563.24,30818,58.4,3,0,0,1
1,all_other,0.1405,1061.43,10.899676,5.85,681,5340.52,6070,4.2,1,0,0,0
1,all_other,0.1899,1034.89,10.851748,14.66,670,9808.88,31324,49.7,1,1,0,1
1,credit_card,0.1536,183.71,11.12693,12.1,739,13524.8,17734,80.7,1,0,0,0
1,home_improvement,0.1257,289.47,11.139139,2.89,723,4570.94,13427,36.9,1,0,0,0
1,home_improvement,0.1569,1225.15,10.627698,5.0,752,4297.54,21189,80.1,1,0,0,0
1,all_other,0.1352,397.96,10.542286,23.9,725,4100.74,7437,0.0,0,0,0,0
1,debt_consolidation,0.16,679.82,10.894013,14.52,718,5239.8,715,57.0,0,0,0,0
1,major_purchase,0.1476,178.64,10.814262,22.82,756,5639.92,17365,57.4,1,0,0,0
1,all_other,0.1429,316.02,12.187016,9.73,728,11655.2,68373,0.0,1,0,0,0
1,all_other,0.1727,238.35,10.695824,7.07,713,5417.92,10189,63.8,3,0,0,0
1,all_other,0.1278,702.48,11.106696,0.99,766,3985.92,6623,0.0,0,0,0,0
1,all_other,0.1609,645.26,11.214215,19.28,714,5092.74,16610,53.8,0,0,0,0
1,credit_card,0.1558,900.26,11.78432,15.43,698,2997.61,52406,61.8,1,1,0,0
1,all_other,0.1329,173.12,10.435177,9.79,678,864.75,6977,36.4,2,0,0,0
1,small_business,0.1563,561.68,11.747185,7.13,737,4690.01,1001,53.7,2,0,0,0
1,small_business,0.1323,375.02,10.840089,20.38,757,10893.53,14083,114.5,3,0,0,0
1,all_other,0.1846,71.89,12.455821,11.38,708,7280.93,19601,32.9,0,0,0,1
1,debt_consolidation,0.1061,492.45,11.151187,11.45,760,3860.78,14452,14.8,4,0,0,0
0,all_other,0.2142,1023.89,10.180353,8.45,635,5937.27,4957,108.0,2,0,0,1
1,all_other,0.1532,1143.7,10.809733,9.79,708,11345.42,18678,54.3,1,0,0,0
1,all_other,0.1649,377.74,11.745124,16.4,708,5557.29,7560,82.2,1,0,0,0
1,small_business,0.1559,683.34,10.97974,2.83,682,2834.64,5435,1.0,2,0,0,1
1,debt_consolidation,0.1088,523.65,10.893629,13.16,801,5231.28,6924,0.0,2,0,0,0
1,debt_consolidation,0.144,220.83,11.368588,19.19,707,6664.73,14427,22.8,0,0,0,0
1,small_business,0.2197,222.91,10.719551,12.02,695,6101.61,17142,42.8,0,0,0,0
1,major_purchase,0.1417,362.39,10.801453,19.87,711,8691.88,4808,32.8,3,0,0,0
0,all_other,0.2132,350.92,10.353749,21.85,634,5309.51,15040,32.7,1,0,0,0
1,debt_consolidation,0.1923,427.84,11.984581,18.83,681,180.0,20150,0.0,1,0,0,0
1,all_other,0.162,287.86,10.184207,8.89,747,6239.44,26685,54.2,1,1,0,0
0,all_other,0.1548,442.96,11.033375,12.36,686,6069.52,23647,40.2,5,0,0,1
1,all_other,0.2059,194.26,11.22273,14.99,679,5906.78,87930,0.0,1,0,0,1
1,debt_consolidation,0.1736,1138.61,10.921673,9.36,760,2938.6,32791,38.8,2,0,0,0
1,debt_consolidation,0.1403,104.62,10.165144,9.13,761,10043.26,270135,43.9,2,0,0,0
1,credit_card,0.1376,352.02,10.320754,8.71,730,2341.3,56980,78.4,0,0,0,0
1,all_other,0.1463,327.09,11.248735,30.0,693,2606.93,54152,32.1,2,0,0,0
1,credit_card,0.1694,354.4,10.454274,10.73,701,4487.9,1537,75.9,2,0,0,0
1,debt_consolidation,0.1711,216.34,9.666069,19.97,679,8375.97,36684,72.6,1,0,0,0
1,debt_consolidation,0.1767,136.68,11.166057,6.6,672,8484.33,42689,23.8,2,0,1,0
1,debt_consolidation,0.1469,446.68,10.397778,24.34,670,6660.5,10191,67.2,0,1,0,0
1,major_purchase,0.1669,336.41,11.315044,9.99,687,7293.38,413,80.8,1,0,0,0
1,debt_consolidation,0.1963,529.34,10.807011,12.97,671,1803.75,263,79.3,0,0,0,0
0,all_other,0.1988,127.86,10.777614,0.0,651,810.51,6993,57.7,2,0,1,1
1,all_other,0.144,1203.03,10.961865,20.3,718,4130.02,4625,44.4,2,0,0,0
1,small_business,0.1647,366.05,10.235519,21.8,719,7274.09,1006,7.8,2,0,0,0
1,debt_consolidation,0.0973,41.81,10.426474,4.41,775,7339.15,20321,81.8,3,1,0,0
1,all_other,0.1538,435.06,10.771446,20.71,685,2887.24,1784,4.9,2,0,0,0
1,home_improvement,0.1441,270.23,10.231951,3.37,721,2617.03,761,42.5,1,1,0,1
1,debt_consolidation,0.1632,174.74,11.365429,16.96,722,7981.59,296955,78.8,2,0,0,0
1,all_other,0.1463,893.52,10.742499,10.61,700,5535.54,24525,18.3,0,0,0,0
1,debt_consolidation,0.1226,699.08,10.045844,21.82,738,180.0,5534,47.0,4,0,0,0
1,educational,0.158,487.11,10.588992,14.32,739,2249.61,1141,1.4,2,0,0,0
1,credit_card,0.142,395.66,10.991734,19.03,722,6272.85,2652,36.7,1,0,0,0
1,debt_consolidation,0.1436,535.03,10.657885,21.14,700,2094.2,4040,18.2,4,0,0,0
1,home_improvement,0.1784,130.74,11.173888,10.59,696,2599.17,4583,24.3,1,0,0,0
0,credit_card,0.1885,457.57,11.280162,12.4,658,2690.1,6527,63.7,1,0,0,0
1,all_other,0.1657,921.84,12.395037,4.93,679,7247.31,1653,66.3,1,0,0,0
1,debt_consolidation,0.1597,796.07,11.631893,10.53,686,5036.18,2704,30.5,0,0,1,0
1,debt_consolidation,0.1828,190.27,9.931814,25.9,667,9250.91,708,55.1,2,0,0,0
1,all_other,0.159,437.27,10.710258,17.81,727,3987.61,460,33.9,2,0,0,0
1,all_other,0.1398,170.3,10.767349,5.39,755,4532.71,937,36.9,2,0,0,0
1,small_business,0.1891,446.98,11.280793,23.86,675,5896.43,4123,13.7,2,0,0,0
1,debt_consolidation,0.1388,220.43,10.360512,15.28,721,3498.33,6683,32.1,2,0,0,0
0,all_other,0.1625,209.89,10.605936,18.33,671,1063.79,23029,0.0,0,2,0,0
1,debt_consolidation,0.1579,492.65,10.170909,15.98,698,4178.6,21256,108.3,0,0,0,0
1,all_other,0.1484,227.62,10.562618,15.5,684,3188.38,29674,82.1,0,0,0,0
1,debt_consolidation,0.124,209.49,10.585371,0.0,733,4743.06,6715,118.3,0,0,0,0
1,debt_consolidation,0.1658,495.89,10.739066,20.24,684,3564.58,31213,80.1,1,0,0,1
1,debt_consolidation,0.1586,136.05,10.206227,0.0,748,6186.79,354,56.2,4,0,0,0
1,all_other,0.1185,289.36,11.529036,19.61,701,4180.17,28739,0.0,1,0,0,0
1,debt_consolidation,0.1593,130.99,11.21805,13.29,685,1020.07,10263,77.4,1,0,0,0
1,credit_card,0.183,153.8,10.046214,18.36,662,3503.43,50956,86.4,0,0,0,0
1,debt_consolidation,0.1728,888.44,10.945843,13.69,720,2054.35,150,14.4,0,0,2,0
1,all_other,0.1766,294.07,9.975195,19.8,744,9864.08,47068,63.6,1,0,0,0
1,all_other,0.1462,228.27,11.748776,12.71,720,5175.13,811,51.8,3,1,0,0
1,debt_consolidation,0.1571,694.82,11.914606,14.54,795,6727.92,65558,45.4,1,0,0,0
1,debt_consolidation,0.1407,1159.8,10.896,15.39,764,4820.32,2839,63.4,2,0,0,0
1,debt_consolidation,0.1776,470.03,10.409886,25.56,698,9644.7,21263,60.9,2,0,0,0
1,all_other,0.14,763.81,10.524796,16.74,698,1907.67,9529,18.6,0,0,0,0
1,educational,0.1569,260.23,10.653217,3.51,728,3081.02,55479,75.5,3,0,1,0
1,debt_consolidation,0.1883,415.53,10.864835,8.71,678,7842.19,13932,5.1,2,0,0,0
1,credit_card,0.1223,366.38,11.765986,16.73,754,3765.83,134932,61.5,2,0,0,1
1,credit_card,0.0975,441.13,11.512917,21.29,724,3189.41,3456,55.9,2,0,0,0
1,credit_card,0.1544,749.52,11.522313,7.62,720,3656.37,2088,25.6,4,0,0,1
1,all_other,0.1399,133.62,11.034053,28.06,736,9889.56,3844,83.6,2,0,0,0
1,educational,0.1535,204.35,10.226297,13.81,775,10171.4,30132,0.0,2,0,0,0
1,all_other,0.1424,267.08,10.460265,15.5,716,6084.32,32197,55.2,2,0,0,1
1,home_improvement,0.1436,190.53,10.96704,3.95,706,5551.75,1395,53.0,1,0,0,0
1,debt_consolidation,0.1068,418.65,10.197329,20.3,767,7018.62,2816,93.2,3,0,0,0
1,home_improvement,0.1266,427.03,11.11543,9.52,747,6041.23,17352,66.4,0,0,0,0
1,educational,0.2146,432.04,11.421125,7.45,698,5499.3,80227,0.0,0,0,0,0
1,small_business,0.1392,281.69,11.262661,10.41,710,3933.49,3556,33.8,3,1,0,0
1,debt_consolidation,0.126,941.31,11.238166,22.14,717,3520.83,1116,94.1,2,0,0,0
1,home_improvement,0.1485,440.32,9.791568,15.81,724,6300.37,54451,42.5,1,0,0,0
0,debt_consolidation,0.2188,375.42,11.743347,6.47,658,5407.81,667,14.8,4,0,0,1
0,credit_card,0.1973,424.3,9.973895,8.94,651,8731.25,25950,45.5,1,0,0,1
1,debt_consolidation,0.2022,686.51,10.836823,22.33,676,4412.49,340,95.7,1,0,0,0
1,credit_card,0.1648,449.69,11.307312,10.97,673,2747.05,9022,22.4,2,0,0,0
1,all_other,0.1389,203.84,11.148744,16.47,686,1407.24,6216,16.6,1,1,0,0
1,debt_consolidation,0.1361,1189.6,10.15052,18.16,734,3139.6,3128,40.4,1,1,0,0
1,debt_consolidation,0.1561,528.46,10.260021,0.0,704,1464.94,109450,28.2,2,1,0,0
1,debt_consolidation,0.153,170.0,11.105114,21.32,717,7928.97,9573,68.4,2,0,1,0
1,all_other,0.1728,109.82,11.241615,6.72,663,3997.19,8357,36.8,2,0,0,0
1,home_improvement,0.1758,636.71,10.254606,10.11,692,3140.45,7252,57.2,2,1,0,1
0,credit_card,0.1318,913.18,11.169482,23.22,732,6259.41,3201,94.3,5,0,0,0
1,home_improvement,0.127,503.54,10.005683,22.58,733,9932.66,203668,19.5,2,0,0,1
1,home_improvement,0.1444,577.63,11.310877,16.0,682,3992.99,5985,77.1,2,0,0,1
1,debt_consolidation,0.1573,598.71,10.390856,17.63,716,2224.88,212699,73.3,2,0,0,0
1,all_other,0.1202,364.62,10.979113,19.35,794,4070.97,2919,11.0,0,0,0,0
1,all_other,0.1782,121.57,10.876687,22.47,709,413.11,11261,86.9,2,0,0,1
1,debt_consolidation,0.1985,248.71,11.638001,23.35,684,6346.69,5089,11.3,0,0,0,0
1,all_other,0.1349,647.26,11.077699,13.34,703,6502.31,3024,4.8,1,0,0,0
1,credit_card,0.1546,575.2,10.564548,7.51,714,3961.46,8084,22.6,0,0,0,1
1,all_other,0.1545,332.75,11.149352,10.84,704,2258.93,156933,23.7,2,0,0,0
1,credit_card,0.1256,249.53,12.236872,13.48,709,11060.76,85835,37.0,3,0,0,0
0,debt_consolidation,0.1701,440.5,11.381475,12.23,655,1986.54,11375,14.9,1,0,0,0
0,credit_card,0.2039,321.41,10.893908,5.62,673,3184.52,1228,63.5,0,2,0,0
1,debt_consolidation,0.1459,356.57,10.421496,15.61,704,5145.3,18309,43.2,1,0,0,0
1,small_business,0.1576,420.42,10.55394,1.78,704,7212.03,4692,52.3,3,0,0,0
1,debt_consolidation,0.1648,224.7,11.344796,13.19,688,4683.3,2335,66.7,2,0,0,0
1,all_other,0.1773,689.71,10.38966,13.63,703,5148.42,30390,91.2,1,0,0,0
1,all_other,0.1489,337.36,10.93164,13.4,712,6589.98,1409,34.4,1,0,0,0
1,debt_consolidation,0.1432,528.3,11.806948,18.47,744,13074.24,12916,29.2,3,0,1,0
1,debt_consolidation,0.112,375.45,11.021739,17.56,706,3612.05,22347,70.2,1,0,0,0
1,debt_consolidation,0.1606,1132.86,10.27173,27.94,725,3785.21,31392,83.4,1,1,0,0
1,all_other,0.1698,570.11,12.258487,9.03,689,4790.92,1405,49.3,0,0,0,0
1,small_business,0.1787,525.05,12.005093,14.53,732,6757.51,158743,49.0,2,0,0,0
1,debt_consolidation,0.1122,465.86,11.235718,14.09,724,11372.97,16758,40.9,0,0,0,0
1,all_other,0.135,1187.74,11.708211,13.76,743,4783.23,10478,29.1,1,0,0,1
1,small_business,0.178,382.34,10.767142,3.87,737,6446.69,1256,35.6,3,0,0,0
1,all_other,0.1349,416.25,11.371917,4.43,732,180.0,2801,44.7,1,0,1,0
1,home_improvement,0.1587,413.06,10.671641,12.64,706,5221.54,5899,66.2,3,0,0,1
1,all_other,0.1437,94.9,10.103197,1.73,719,5024.74,9978,71.3,2,0,0,0
1,all_other,0.1302,393.45,12.511073,10.29,750,7607.8,18083,20.4,2,1,0,0
1,debt_consolidation,0.1905,817.22,10.072012,8.13,685,3766.7,5925,48.8,0,0,0,0
0,debt_consolidation,0.1382,534.65,11.11151,10.54,686,2004.01,105758,26.2,5,0,0,0
1,all_other,0.1517,1094.59,11.104385,20.41,717,5634.22,5687,39.6,1,0,0,0
1,home_improvement,0.1537,660.57,11.244763,5.16,726,1162.31,14206,50.8,2,0,0,1
1,debt_consolidation,0.1886,568.68,10.875293,18.6,679,3050.72,64271,74.8,0,0,0,1
1,small_business,0.1698,726.31,10.881658,8.66,707,5197.5,4329,42.9,1,1,0,1
1,debt_consolidation,0.1771,508.41,11.014431,9.52,706,180.0,1170,59.9,0,1,0,0
0,all_other,0.1926,330.62,11.22272,15.81,626,4420.74,5369,16.0,1,0,0,0
1,small_business,0.1769,359.86,10.928892,10.71,702,9011.22,44882,14.1,3,0,0,0
1,small_business,0.1752,74.08,10.8883,6.44,704,1032.59,11630,39.5,1,0,0,1
1,all_other,0.1717,1193.91,10.124123,10.05,704,3351.48,30755,119.0,2,0,0,1
1,debt_consolidation,0.1424,326.5,12.158346,0.34,764,6531.15,1276,24.2,1,0,0,0
1,debt_consolidation,0.1543,183.76,11.256776,15.23,664,7098.57,788,51.4,1,0,0,0
1,debt_consolidation,0.1742,303.54,11.057433,0.0,679,5204.86,26395,58.8,1,0,0,0
0,home_improvement,0.2108,1320.07,10.549075,18.73,612,4594.27,18269,47.9,2,0,2,1
1,debt_consolidation,0.1932,423.49,10.317795,16.85,692,9193.63,2414,29.7,1,0,0,0
1,credit_card,0.1425,449.1,11.454592,23.65,695,5591.84,1669,63.1,0,1,0,0
1,debt_consolidation,0.1752,1256.92,10.832484,27.66,691,2415.79,8024,20.6,1,0,0,0
1,all_other,0.13,661.4,11.308849,19.06,752,5360.38,9721,58.0,1,1,0,0
1,debt_consolidation,0.1449,307.67,10.105188,8.27,743,4722.74,1485,30.1,1,0,0,0
1,all_other,0.1331,112.63,11.873581,27.59,713,3963.38,9352,75.9,1,0,0,0
1,all_other,0.1619,603.08,11.47984,4.36,696,856.99,1027,0.0,1,0,0,0
1,educational,0.1447,234.1,10.880552,0.0,749,5042.28,3775,43.8,1,0,0,0
1,small_business,0.1519,603.42,11.215252,25.38,709,6516.29,1277,14.6,3,0,0,0
1,credit_card,0.1988,392.36,11.382013,16.75,679,6936.18,8791,71.0,1,0,1,0
0,debt_consolidation,0.1543,507.85,10.114442,0.0,645,5087.81,3760,71.4,0,0,0,1
1,major_purchase,0.1743,734.48,11.953474,3.25,693,5148.88,90749,0.0,2,0,0,1
1,small_business,0.1093,106.62,11.224789,16.4,739,3660.14,17057,11.0,0,0,0,0
1,small_business,0.1267,401.4,10.500498,6.6,797,7479.93,1283,74.0,0,0,0,0
1,all_other,0.1646,382.14,10.261079,7.59,712,2087.27,44993,43.1,1,0,0,1
1,debt_consolidation,0.1832,485.88,11.53213,26.17,681,3757.43,7632,64.7,0,0,0,1
1,credit_card,0.174,558.2,11.058807,27.42,665,3045.34,35097,46.5,4,1,0,1
1,debt_consolidation,0.1416,416.75,11.224387,13.61,731,4780.73,1321,51.6,2,0,0,0
0,debt_consolidation,0.1974,257.37,10.946265,11.56,643,8341.94,27380,75.7,1,0,0,0
1,debt_consolidation,0.1655,175.77,10.318326,18.83,731,2090.71,278124,12.4,2,0,0,0
1,all_other,0.1695,128.25,11.240257,8.72,741,5758.14,26649,34.2,0,0,0,0
1,debt_consolidation,0.1224,396.41,10.809504,0.0,727,5813.85,4055,17.0,1,0,0,0
1,credit_card,0.1555,552.49,10.916768,0.0,702,2649.84,65925,54.9,2,0,0,1
1,all_other,0.1026,278.85,12.379972,12.09,731,4578.53,3507,9.1,1,1,0,0
1,all_other,0.1258,655.29,11.460132,18.68,716,2818.11,22693,73.8,1,0,0,1
1,debt_consolidation,0.1553,352.6,11.495327,12.71,680,5311.76,381453,31.5,2,0,0,0
1,major_purchase,0.1417,352.94,12.589519,18.19,780,4764.4,4154,61.8,3,0,0,0
1,all_other,0.1521,138.96,11.16459,18.88,697,8822.03,23797,25.5,2,0,0,0
1,all_other,0.1371,272.96,11.003022,22.16,739,3146.74,259686,70.4,3,1,1,0
0,all_other,0.2033,777.88,10.515684,13.89,618,4630.09,50685,81.4,2,0,1,1
1,debt_consolidation,0.1204,966.89,10.653943,14.5,759,4125.95,32878,69.1,3,0,0,0
1,credit_card,0.0908,304.8,9.681267,12.35,766,8451.8,453,21.4,4,0,0,0
0,debt_consolidation,0.1405,686.44,11.412158,10.82,711,3829.16,2250,89.3,4,2,0,0
0,small_business,0.159,1033.56,10.157178,1.75,731,2832.08,42040,67.0,0,2,0,0
1,debt_consolidation,0.1558,198.34,11.480669,20.69,731,3120.11,6397,28.6,3,0,0,0
1,educational,0.1626,481.99,10.903754,9.95,686,3078.77,4761,55.1,1,0,0,0
1,all_other,0.1555,436.58,11.008116,9.56,731,3606.91,68999,91.6,1,0,0,1
1,debt_consolidation,0.1883,848.94,10.904156,8.86,679,2920.58,30267,21.0,1,0,0,0
1,all_other,0.1887,223.06,11.775505,3.35,687,5098.7,2819,20.2,1,1,0,0
1,debt_consolidation,0.14,466.29,11.66776,12.01,753,1813.46,35516,43.3,0,0,0,0
1,major_purchase,0.1165,301.68,10.912376,16.16,747,6501.49,2253,6.4,0,0,0,0
1,credit_card,0.1431,505.58,10.381608,7.73,683,5162.96,823,50.2,1,0,0,1
1,all_other,0.1455,885.89,11.493572,19.76,682,9114.43,17356,68.2,3,0,0,0
1,all_other,0.1457,1059.98,10.335509,10.06,685,6227.18,1435,52.0,1,0,0,0
1,educational,0.1453,891.1,9.981535,2.02,738,5974.73,1396,26.0,0,0,0,0
0,credit_card,0.2107,206.23,11.233993,22.08,672,10083.9,2029,73.3,7,0,0,1
1,all_other,0.1538,273.77,11.673279,13.97,724,6146.1,13460,42.0,1,0,0,0
1,debt_consolidation,0.1416,757.89,10.682898,18.56,738,4523.09,36283,24.1,1,0,0,1
1,debt_consolidation,0.1765,600.95,11.176756,18.72,707,2886.97,6442,54.5,2,1,0,0
1,credit_card,0.1222,303.23,10.676439,6.07,748,8692.23,1497,81.9,0,0,0,0
1,all_other,0.1821,208.8,11.370416,9.0,698,2539.07,1693,30.2,1,0,0,1
1,home_improvement,0.1789,36.1,11.597968,19.74,702,2211.14,854,93.4,2,1,0,0
1,all_other,0.1737,128.42,10.769652,25.26,673,2222.32,32251,49.3,1,0,0,0
1,all_other,0.1802,319.4,10.303162,13.04,749,3178.86,2414,50.7,1,0,0,0
1,all_other,0.1913,327.8,10.041211,8.27,681,5168.57,14677,50.3,0,0,0,1
1,credit_card,0.151,506.31,11.49467,24.21,723,4404.77,567,30.9,4,0,0,0
1,all_other,0.1544,581.34,10.236694,8.28,707,6373.44,77864,10.3,0,1,0,0
1,small_business,0.1803,1265.86,11.156935,14.87,670,2334.91,9982,103.7,0,0,0,0
1,debt_consolidation,0.1636,225.48,11.404218,9.65,687,2880.54,827,12.8,0,0,0,0
1,credit_card,0.13,94.04,10.624206,14.46,763,5443.86,3864,83.0,1,0,0,1
1,small_business,0.1609,200.96,10.828611,6.08,718,2649.56,13614,97.2,4,0,0,0
1,credit_card,0.1687,1245.58,11.539417,10.01,672,1654.59,2465,26.3,0,0,0,0
1,debt_consolidation,0.1267,370.13,10.437002,8.27,722,1235.38,18168,64.9,0,0,0,0
1,credit_card,0.1472,767.15,10.375076,17.17,704,4938.69,78512,67.0,1,0,0,0
1,debt_consolidation,0.0713,228.19,10.787021,13.73,827,4887.93,43826,67.1,2,0,0,0
1,debt_consolidation,0.1592,270.41,11.709527,18.67,721,4770.1,9751,28.7,1,0,0,0
1,home_improvement,0.1638,116.45,11.912546,6.9,696,8102.39,99678,35.8,1,0,0,0
1,home_improvement,0.1291,292.0,10.869742,11.16,764,5815.51,13845,70.3,0,0,0,0
0,debt_consolidation,0.2051,412.47,10.495606,16.91,640,5060.86,8269,0.0,2,2,0,0
1,major_purchase,0.1368,683.03,11.57911,18.53,714,8430.04,8626,0.0,2,0,0,0
1,all_other,0.1075,528.44,9.91173,2.62,786,7497.53,11643,50.0,1,1,0,0
1,small_business,0.1431,1201.49,11.081043,14.79,706,3235.2,20278,43.3,2,0,0,1
0,home_improvement,0.2061,368.06,10.903213,6.99,644,7146.37,2416,51.6,0,0,0,0
1,small_business,0.1898,475.0,11.719235,18.87,695,9492.38,61934,26.1,0,0,0,0
1,home_improvement,0.1577,379.14,11.780961,25.44,765,9501.64,80524,69.8,1,0,0,0
1,educational,0.1813,243.53,10.355058,0.0,724,7501.83,526779,71.6,3,1,0,0
1,all_other,0.1618,513.56,11.032284,8.07,678,6029.96,649,51.7,4,0,0,0
1,debt_consolidation,0.1534,314.12,10.581931,14.42,684,5785.58,10681,8.7,1,0,0,0
1,debt_consolidation,0.1294,1178.28,10.75107,12.57,689,8702.99,2806,77.2,3,0,0,1
1,credit_card,0.1276,211.35,11.306607,19.08,724,1715.8,28576,0.0,0,0,0,0
1,debt_consolidation,0.1265,289.07,10.725715,13.15,761,8229.06,71719,10.4,1,0,1,0
1,major_purchase,0.0967,147.06,11.048295,8.94,750,5386.03,10828,69.0,1,0,0,0
1,debt_consolidation,0.1267,464.85,11.513936,5.56,727,2753.26,6238,14.3,3,0,0,0
0,small_business,0.1922,158.79,11.854249,4.4,659,2105.0,4726,25.6,1,1,0,0
0,all_other,0.1963,402.15,11.106095,7.48,660,795.95,7541,50.9,0,2,0,1
1,home_improvement,0.1326,163.21,11.001837,8.7,730,6471.23,18775,73.7,1,0,0,0
0,major_purchase,0.1814,199.02,10.254553,15.25,659,9866.14,18583,63.8,0,1,0,0
1,all_other,0.1972,237.05,11.897337,11.52,701,3812.03,112982,85.3,3,0,0,0
1,credit_card,0.1144,600.53,11.232378,8.11,722,2925.06,8001,33.9,0,0,0,0
1,debt_consolidation,0.197,378.9,11.013097,5.64,667,8081.17,44731,21.9,1,0,0,0
1,home_improvement,0.1811,363.43,10.98188,7.75,671,5343.75,2519,9.8,0,0,0,1
1,home_improvement,0.183,588.66,11.149999,8.71,706,8195.91,1382,50.2,3,0,0,0
1,debt_consolidation,0.1667,244.55,11.400792,7.44,729,2620.39,52710,55.0,2,0,1,0
1,debt_consolidation,0.1246,92.37,11.476286,17.24,750,6691.46,20511,118.0,0,0,0,0
1,all_other,0.1456,174.6,11.912589,22.04,733,9597.95,4609,64.8,1,0,0,0
1,debt_consolidation,0.1253,299.67,11.07804,4.49,713,2435.19,2463,0.0,3,0,0,1
1,home_improvement,0.158,370.55,12.000063,20.32,682,4258.1,5027,80.3,1,0,0,1
1,debt_consolidation,0.1749,580.58,11.575211,17.38,669,4156.02,15259,22.5,1,0,0,1
1,major_purchase,0.1705,352.52,10.89332,13.84,691,6933.82,13861,8.9,2,0,0,0
1,educational,0.1645,788.57,9.912902,23.13,726,8211.62,1067,77.0,1,0,0,1
1,small_business,0.1967,521.19,10.982193,11.43,723,3355.58,1416,71.4,1,0,0,1
0,all_other,0.1832,148.23,11.880671,15.37,630,11305.13,13476,78.6,1,0,0,0
1,debt_consolidation,0.1923,67.62,10.457089,13.45,680,5201.2,27634,28.9,1,0,0,0
1,home_improvement,0.1405,184.81,10.980302,12.94,756,3640.88,3071,111.5,2,1,0,0
1,credit_card,0.1284,404.95,11.030784,15.77,713,8629.18,1118,73.6,1,1,0,0
0,educational,0.1772,510.73,11.504697,12.92,656,5410.16,11459,19.4,0,0,0,0
1,debt_consolidation,0.1177,336.33,10.693435,15.82,800,4119.45,320,111.3,0,0,0,0
1,debt_consolidation,0.1396,406.43,10.399676,7.98,709,3704.11,5857,63.8,4,0,0,0
1,educational,0.1283,926.6,11.277701,8.19,725,10315.52,28277,46.5,1,0,0,0
1,home_improvement,0.1277,370.96,10.476534,7.95,725,2575.28,7372,30.8,2,0,0,1
1,debt_consolidation,0.1513,485.28,9.810342,10.08,696,7874.57,890,0.0,4,0,0,0
1,credit_card,0.1512,1161.23,12.052627,19.59,682,3030.92,121736,69.2,2,1,0,0
1,debt_consolidation,0.1441,105.82,11.495489,9.41,791,3503.17,11038,29.0,3,0,0,0
1,all_other,0.0898,1112.66,12.078867,17.1,748,4855.14,15264,40.2,3,0,0,0
1,debt_consolidation,0.1442,62.7,11.463148,14.43,741,6223.56,44573,44.2,3,0,0,0
1,debt_consolidation,0.1566,214.66,11.345023,9.55,732,948.17,8180,22.0,2,0,0,0
1,debt_consolidation,0.1537,257.7,11.155417,21.63,672,3698.92,7039,62.0,0,0,0,0
1,debt_consolidation,0.1292,117.35,10.816523,17.68,759,7632.73,77900,22.6,1,0,0,0
1,all_other,0.1635,344.32,11.242385,12.61,678,7621.39,2953,0.5,1,0,0,0
1,debt_consolidation,0.1494,365.52,10.592528,12.04,721,4334.18,47263,48.9,1,0,0,1
0,all_other,0.1971,679.68,10.27777,13.25,648,2121.75,1792,30.2,2,0,0,0
0,all_other,0.2025,669.46,10.727342,2.05,632,5598.83,3410,0.0,0,0,0,0
1,credit_card,0.1385,421.23,11.71781,6.91,722,7143.83,17431,11.4,4,0,0,0
1,credit_card,0.1398,817.64,10.178232,15.79,679,5513.88,107509,51.9,0,1,0,0
0,debt_consolidation,0.1934,632.67,10.187925,1.68,634,8573.45,13848,51.1,1,0,0,1
1,debt_consolidation,0.1333,294.96,11.290699,7.44,731,4385.6,1164,87.3,1,0,0,1
1,home_improvement,0.1089,388.61,10.676802,9.89,791,1765.07,34122,81.1,1,0,0,1
1,small_business,0.1515,243.5,11.226152,30.0,763,3573.02,3069,59.7,2,0,0,0
1,educational,0.1517,161.18,11.533813,17.25,700,5063.84,30118,26.5,0,0,0,0
1,major_purchase,0.162,520.31,11.211535,20.17,710,3301.39,17326,31.2,3,0,1,0
1,all_other,0.1909,140.59,10.54433,7.04,744,3761.01,990,59.7,2,0,0,1
1,small_business,0.1653,339.78,11.71259,15.1,753,7464.29,19466,75.8,4,0,0,0
1,all_other,0.1886,80.1,11.382695,0.45,697,3029.16,1517,62.8,0,0,0,0
1,home_improvement,0.1657,407.38,10.946365,10.32,711,1727.22,95165,33.4,2,0,1,0
1,major_purchase,0.1525,228.75,10.916834,16.09,721,7084.91,883,53.0,2,0,0,0
1,home_improvement,0.157,569.97,11.158135,2.82,731,6673.48,8475,39.5,2,0,0,0
1,all_other,0.1677,332.66,10.73969,15.31,705,2467.04,2407,0.0,0,0,0,0
1,debt_consolidation,0.1754,359.35,9.934965,15.88,705,6828.58,104543,40.8,3,0,0,0
1,debt_consolidation,0.1337,384.28,11.387596,8.44,762,2233.5,918,35.1,3,0,1,0
1,debt_consolidation,0.109,233.07,11.351353,6.84,756,3251.18,455350,70.1,0,0,0,0
1,home_improvement,0.1184,243.8,9.52635,7.66,728,2298.96,6136,15.0,2,0,0,0
1,credit_card,0.1359,250.06,11.241512,10.21,775,3914.0,4434,18.3,1,0,0,0
1,debt_consolidation,0.1401,342.52,12.001455,10.41,695,6470.15,37653,77.7,1,1,0,0
1,credit_card,0.1417,253.75,10.242141,16.12,772,5734.65,10355,20.3,1,1,0,0
1,debt_consolidation,0.1732,536.92,10.885292,8.91,731,3025.69,2807,27.0,2,0,0,0
1,all_other,0.0988,102.08,10.818991,23.65,827,5533.63,3221,61.4,0,1,0,0
1,debt_consolidation,0.2004,142.41,11.942851,23.6,665,6015.24,4937,67.7,2,0,0,0
1,all_other,0.1728,1252.73,11.613778,14.23,684,7448.63,3609,87.5,0,0,0,0
1,credit_card,0.1492,279.49,10.394166,10.22,726,5958.18,39996,36.7,3,1,0,0
1,credit_card,0.1506,186.52,11.138692,8.92,725,6904.25,12552,38.4,1,0,0,0
1,credit_card,0.106,349.73,12.33463,14.79,784,5222.01,22934,42.3,3,0,0,0
1,debt_consolidation,0.148,646.86,10.548928,15.99,685,3022.84,5598,29.5,2,0,0,0
1,credit_card,0.1077,559.02,10.923196,11.21,744,5464.54,30667,59.6,0,0,0,1
1,debt_consolidation,0.1214,215.62,11.243239,9.89,754,8099.02,3604,37.5,1,0,0,0
1,all_other,0.1865,278.7,10.557867,15.03,737,8229.57,2506,11.6,2,0,0,1
1,all_other,0.1427,297.09,12.005554,13.08,673,180.0,4842,0.0,3,0,0,0
1,credit_card,0.1085,444.34,10.641672,8.65,763,6632.33,106868,43.3,3,0,0,1
1,small_business,0.1336,382.43,10.082689,13.38,757,3824.45,4352,65.0,1,0,0,0
0,debt_consolidation,0.1304,194.07,10.609761,8.42,733,6061.53,4678,27.1,1,2,0,0
1,home_improvement,0.1577,268.32,11.328342,7.41,718,1645.24,15515,9.1,0,1,0,0
1,debt_consolidation,0.1396,310.3,10.443114,12.57,719,3984.62,8875,91.5,3,0,0,0
1,all_other,0.1533,1075.0,11.114342,8.63,707,1049.62,1920,36.7,2,0,0,0
1,home_improvement,0.1281,324.63,11.273156,7.54,734,3978.4,1652,73.1,2,0,0,0
1,credit_card,0.1459,1206.27,10.19255,19.82,711,6578.95,36257,77.5,1,1,0,0
1,small_business,0.1841,329.38,10.586142,9.89,678,6172.62,1633,90.8,0,0,0,0
1,home_improvement,0.1712,120.25,11.142872,25.32,670,10424.79,45023,45.3,1,0,0,0
1,debt_consolidation,0.2086,525.94,11.358471,16.92,681,3772.41,5181,5.5,2,0,0,0
1,educational,0.1517,791.1,10.601342,6.94,718,2864.23,266,0.0,1,0,0,0
1,major_purchase,0.1522,530.41,11.022581,20.6,709,8524.8,30798,39.3,0,0,0,0
1,all_other,0.1024,406.45,10.756799,7.66,718,769.2,39437,96.2,1,1,0,0
0,debt_consolidation,0.1521,291.54,11.373989,26.22,729,5542.99,27761,49.1,2,2,0,0
1,debt_consolidation,0.1272,300.67,11.246842,14.16,686,6317.18,5188,86.4,1,0,0,0
1,home_improvement,0.1417,73.48,10.702175,16.34,766,180.0,6193,18.8,1,1,0,0
1,major_purchase,0.1632,704.79,11.221851,12.81,700,2334.27,5282,89.1,0,0,0,0
1,home_improvement,0.1791,302.88,10.678315,14.43,694,1646.86,3451,66.6,2,0,1,0
1,debt_consolidation,0.1351,828.24,11.208991,11.02,728,7142.93,17137,50.8,0,0,0,0
0,debt_consolidation,0.1879,275.36,11.21749,6.21,640,3453.82,7876,74.2,1,0,0,1
1,all_other,0.1829,382.44,12.376338,14.94,680,4409.08,5202,30.5,3,0,0,0
1,debt_consolidation,0.1207,871.89,10.72488,19.67,747,1026.12,3501,60.4,2,0,0,0
0,debt_consolidation,0.1978,1032.45,10.843826,4.38,644,3035.3,13853,22.5,0,0,0,0
1,debt_consolidation,0.1483,681.6,10.535189,23.23,752,3084.73,83140,29.3,3,0,0,0
1,debt_consolidation,0.1276,99.12,10.299978,16.75,767,4514.65,13232,20.4,1,0,0,0
1,debt_consolidation,0.1938,164.87,10.651559,9.59,696,4295.2,1251,21.1,4,0,0,0
1,credit_card,0.1613,629.35,11.335711,9.46,721,8735.5,10518,0.0,0,0,0,0
1,debt_consolidation,0.1031,217.44,11.379852,25.46,753,6789.21,23624,113.0,0,0,0,0
1,all_other,0.1838,418.59,11.110365,19.08,692,618.97,34053,12.1,1,0,0,0
1,all_other,0.1279,424.86,10.749583,20.47,743,7603.83,24971,77.0,1,0,0,0
1,educational,0.1836,475.47,10.629041,10.87,684,7260.19,13549,0.0,1,0,1,1
1,credit_card,0.1699,186.22,10.370733,16.43,692,5230.32,836922,30.2,2,0,0,0
1,all_other,0.1166,739.76,10.590299,15.01,680,7524.35,1628,36.6,2,1,0,0
1,credit_card,0.1621,267.17,10.139972,11.39,723,8066.39,118616,88.2,1,1,0,0
1,credit_card,0.1317,558.3,11.758294,13.35,754,3845.5,26520,56.6,2,0,0,0
1,credit_card,0.1499,327.94,12.050662,20.26,703,2010.6,429445,15.9,2,0,0,0
1,all_other,0.1691,1246.28,9.749124,23.64,662,6472.11,1077,39.9,2,0,0,0
1,all_other,0.1901,1105.34,11.106451,10.86,669,3021.25,127887,81.4,0,0,0,0
1,all_other,0.1307,1180.47,11.096342,3.54,725,5720.78,150375,77.5,0,0,0,0
1,debt_consolidation,0.1467,1200.24,11.057373,23.94,780,2464.96,8505,27.6,1,0,0,0
1,debt_consolidation,0.1188,330.13,10.568426,24.03,725,7495.09,2806,4.4,0,0,0,0
1,debt_consolidation,0.1686,267.83,11.553734,15.36,695,3161.43,326708,28.4,1,0,0,0
1,all_other,0.1583,173.28,11.180391,24.97,739,4532.62,2926,66.7,4,0,0,0
1,all_other,0.1749,473.08,11.560814,14.86,701,4372.04,58378,0.0,2,0,0,0
1,all_other,0.1659,394.41,10.480118,6.33,696,1519.33,119651,42.0,2,0,0,0
1,debt_consolidation,0.168,377.35,10.086258,3.55,674,7758.79,8459,11.6,2,0,0,0
1,debt_consolidation,0.1206,203.51,11.195292,3.48,764,8272.79,8368,32.9,1,0,0,0
0,debt_consolidation,0.1747,505.38,10.342604,12.63,614,4701.4,184340,61.8,4,0,1,1
1,credit_card,0.1287,281.57,11.573306,9.38,740,3161.13,6690,45.1,2,0,0,0
1,debt_consolidation,0.1448,268.5,9.632761,8.61,692,4474.99,4482,67.2,0,0,0,0
1,debt_consolidation,0.1406,419.64,10.644191,11.86,694,3794.95,146,82.5,1,0,0,1
1,debt_consolidation,0.1632,365.79,10.554288,18.52,774,5003.16,65808,119.0,0,1,0,0
0,all_other,0.1337,136.53,10.72725,8.83,683,4280.72,6018,73.3,3,2,0,0
1,debt_consolidation,0.1901,231.03,11.08927,7.66,684,2792.0,38275,64.5,1,0,0,0
1,all_other,0.1334,537.67,11.171704,9.28,705,7888.51,8643,28.0,1,0,0,0
1,all_other,0.1283,355.57,11.32024,18.95,726,4524.77,92664,72.9,1,0,0,0
1,major_purchase,0.1428,96.35,11.390542,12.12,693,9889.13,98739,92.4,3,0,0,0
0,credit_card,0.1607,627.79,10.825369,14.53,650,5320.62,2224,27.4,1,0,0,0
1,debt_consolidation,0.1892,386.88,12.21631,23.32,677,4047.99,5206,30.8,1,0,0,0
1,debt_consolidation,0.1456,179.21,11.776125,30.0,759,4354.67,27718,28.2,2,0,0,0
1,home_improvement,0.1499,237.36,10.739687,17.02,713,4141.87,103941,8.6,0,0,0,0
1,debt_consolidation,0.2024,457.84,10.846507,16.34,727,4794.65,13105,46.5,3,0,0,0
1,major_purchase,0.1601,81.96,10.726841,4.43,700,5619.97,15411,7.9,1,0,0,0
1,all_other,0.1683,522.21,11.151612,15.14,685,2255.09,19104,44.1,1,0,0,0
1,debt_consolidation,0.1134,717.97,10.337118,13.03,774,2506.61,2694,56.3,1,0,0,0
0,debt_consolidation,0.143,700.28,10.448382,18.76,703,7010.44,5295,55.2,5,0,0,0
1,small_business,0.1679,872.28,9.607907,9.9,693,6341.67,8133,32.6,1,0,0,0
1,educational,0.154,220.89,10.686817,13.98,752,1122.34,54256,2.1,0,0,0,0
1,small_business,0.1945,831.97,11.579503,16.78,683,6366.45,193277,82.3,1,0,0,1
1,debt_consolidation,0.1921,486.55,10.837218,25.7,687,7160.96,2550,0.0,1,0,0,0
1,credit_card,0.1416,208.8,10.871341,23.39,710,5691.09,34700,50.4,2,0,0,0
1,debt_consolidation,0.1677,538.95,11.099677,21.34,710,924.8,15511,90.1,0,0,0,0
1,debt_consolidation,0.1575,520.11,10.318635,17.62,720,1717.25,4901,49.7,1,0,0,0
1,credit_card,0.129,1081.92,10.945425,9.62,789,4942.49,2355,84.1,2,0,0,0
1,educational,0.1328,855.41,11.473101,17.61,723,9765.88,15769,61.8,2,0,0,0
0,all_other,0.1756,242.37,11.117004,7.27,620,3714.04,4290,6.6,1,0,0,0
1,all_other,0.1613,489.0,11.52668,11.18,722,6573.69,19867,85.0,1,0,0,0
1,debt_consolidation,0.1729,493.28,11.70112,24.87,711,3450.06,2201,29.9,0,0,0,0
1,debt_consolidation,0.1426,447.39,11.33418,16.31,712,9309.85,1870,34.6,0,0,0,1
1,debt_consolidation,0.164,312.4,10.494846,14.17,719,5163.7,61104,66.8,3,0,0,0
1,small_business,0.1953,1292.36,10.720077,15.05,709,2028.39,14951,19.5,1,0,0,1
1,debt_consolidation,0.1496,245.0,12.108208,11.95,708,3021.13,14405,74.3,2,0,0,0
1,credit_card,0.1168,1157.16,11.121643,0.0,733,2819.29,4868,59.2,2,0,0,0
1,debt_consolidation,0.1391,137.71,11.040384,3.88,689,5350.85,36801,95.0,0,0,0,1
1,all_other,0.1586,293.86,10.405425,16.86,674,3319.2,8166,80.3,1,0,0,0
1,debt_consolidation,0.0952,598.55,10.874209,6.25,825,3822.01,37990,41.1,0,0,0,0
1,debt_consolidation,0.1673,185.92,11.366988,11.86,683,9925.75,5295,34.9,2,0,0,0
1,all_other,0.1538,227.89,10.939056,4.13,714,3594.04,1999,25.8,0,0,0,0
0,all_other,0.1761,571.94,10.613179,7.64,653,5501.14,3420,39.7,0,0,0,0
1,major_purchase,0.1677,115.93,10.754694,12.57,714,4377.58,21533,20.8,1,0,0,0
1,debt_consolidation,0.1564,829.11,11.657013,18.97,675,4937.02,2250,38.0,1,0,0,0
1,all_other,0.1888,1126.83,11.337346,20.36,693,6727.12,198550,10.3,1,0,0,0
1,small_business,0.1717,1133.97,11.255765,7.53,750,180.0,1240,18.7,0,1,1,0
1,debt_consolidation,0.1651,486.43,11.198938,14.72,728,5435.78,8608,86.7,1,0,0,1
1,small_business,0.1478,280.18,10.208352,2.76,732,4119.59,73536,8.1,0,0,0,0
0,major_purchase,0.1837,308.41,11.096133,12.99,643,5498.81,17274,5.6,2,1,0,0
1,home_improvement,0.1389,456.41,11.581485,19.18,780,4551.53,6220,26.0,0,0,0,0
1,all_other,0.1722,428.31,10.770838,12.14,665,4574.0,68928,86.6,2,0,0,1
1,credit_card,0.1158,276.72,11.526231,21.68,768,5798.88,2475,19.7,2,0,0,0
1,all_other,0.1236,1106.73,11.262588,18.37,749,3684.52,6895,38.1,1,0,0,1
1,all_other,0.1322,311.18,11.43488,14.27,732,9977.73,822,55.1,1,0,0,0
1,educational,0.1471,1032.75,10.961071,10.88,678,2654.8,44992,62.2,4,0,0,0
1,debt_consolidation,0.2106,442.31,11.470817,8.91,716,8657.87,26800,43.8,1,1,0,0
1,home_improvement,0.125,375.75,10.036544,2.54,692,1956.88,26906,58.2,1,1,0,1
1,all_other,0.1358,534.04,10.950219,3.66,711,4401.05,13471,74.9,1,0,0,0
1,debt_consolidation,0.1719,556.83,11.364939,19.47,701,5836.91,12457,9.6,3,1,0,0
0,all_other,0.1769,355.84,11.110743,23.04,633,2728.02,13003,27.2,2,0,0,1
1,home_improvement,0.1295,546.82,11.59833,5.14,753,2555.56,17816,22.6,0,0,0,0
1,all_other,0.1652,626.81,10.83417,13.07,707,4357.82,13472,36.2,3,0,0,0
1,home_improvement,0.1846,1266.01,10.596052,1.74,692,7299.44,2464,83.0,0,0,0,0
1,debt_consolidation,0.1599,404.18,9.930164,5.86,689,5264.91,295,75.2,3,0,0,1
1,small_business,0.183,229.88,10.76349,14.39,724,9796.87,308922,44.5,3,1,0,1
1,all_other,0.1373,231.74,11.245294,9.02,676,6471.68,3876,70.3,1,0,0,0
0,home_improvement,0.1825,1269.73,11.394215,0.0,624,3916.71,8258,108.4,0,0,1,1
1,debt_consolidation,0.159,103.01,10.076497,24.46,725,180.0,64963,10.8,1,0,0,1
0,all_other,0.1864,173.45,11.646948,12.26,730,1182.89,18752,27.7,5,0,0,1
1,small_business,0.1552,388.97,10.335603,4.98,702,4396.6,1109,39.1,2,0,0,0
1,debt_consolidation,0.1529,247.52,10.8561,13.48,666,1147.68,1697,57.9,0,0,0,0
1,debt_consolidation,0.1614,683.51,10.583022,12.04,713,4578.46,44732,62.0,3,0,0,1
0,home_improvement,0.1822,661.84,11.184522,15.51,654,5618.29,28427,16.2,2,0,0,0
1,credit_card,0.1591,264.16,10.987386,10.26,671,4328.41,4788,52.2,0,0,0,0
1,small_business,0.1596,1101.17,11.343561,14.77,681,4381.74,10238,71.5,1,0,0,0
1,credit_card,0.1312,170.54,12.054721,19.11,742,9954.09,11633,11.6,1,0,0,0
1,major_purchase,0.1726,233.6,11.17269,3.5,696,5224.38,16254,51.4,1,0,0,0
1,all_other,0.1569,1151.05,10.578225,7.82,693,4715.6,21447,29.2,1,0,0,0
1,all_other,0.146,151.19,11.211252,18.39,784,2574.25,5871,5.1,1,0,0,0
1,home_improvement,0.1473,481.53,12.116535,8.8,723,5051.88,33571,75.5,4,0,0,0
1,credit_card,0.1621,1156.08,11.330368,12.04,723,3863.7,28291,60.5,0,0,0,0
1,debt_consolidation,0.1678,63.02,11.506873,9.35,696,9564.29,44132,21.0,1,0,0,0
1,debt_consolidation,0.1582,302.83,9.957918,9.78,687,6483.42,37539,73.6,2,0,0,0
0,all_other,0.2099,799.84,11.165996,9.2,627,8610.99,36044,108.5,0,1,0,1
1,credit_card,0.1149,298.52,10.766509,3.92,747,5581.18,5284,50.1,0,0,0,1
1,all_other,0.1372,388.13,10.515124,15.77,727,8174.66,8969,6.9,2,0,0,0
1,credit_card,0.1508,433.0,10.916386,19.93,703,2558.23,2801,38.3,2,0,0,0
1,home_improvement,0.1658,482.56,10.996267,11.38,705,5684.02,15089,0.0,1,0,0,0
1,debt_consolidation,0.1559,217.5,10.549121,19.15,738,2886.93,3034,43.5,2,0,0,0
0,all_other,0.1661,663.14,11.044963,9.21,651,3960.93,23199,35.9,2,0,0,0
1,all_other,0.1467,451.16,10.824173,8.8,688,5164.08,74546,69.7,4,0,0,1
1,debt_consolidation,0.1768,176.49,11.358488,15.43,667,2667.05,10926,29.7,0,0,0,1
1,all_other,0.095,252.91,11.068821,15.55,777,1404.62,4600,73.0,2,0,0,0
1,all_other,0.1612,143.24,11.159313,11.82,743,7519.21,24112,23.8,1,1,0,0
0,home_improvement,0.1892,465.17,11.527427,17.27,626,858.49,57048,43.5,0,0,0,1
0,all_other,0.1586,541.08,11.268523,3.72,652,9285.21,3306,6.2,1,0,0,1
1,debt_consolidation,0.1344,430.24,10.926289,10.5,705,3020.85,13159,16.0,1,1,0,0
1,all_other,0.1703,573.28,9.656976,19.26,692,6476.27,18066,69.7,3,0,0,0
1,home_improvement,0.1841,436.64,11.243374,19.24,660,6622.68,7011,78.0,0,0,0,0
0,all_other,0.1072,608.03,10.373727,18.37,784,2295.92,24850,28.0,2,2,0,0
1,debt_consolidation,0.1482,345.82,10.877395,19.64,722,6210.27,796,62.1,0,0,0,1
1,major_purchase,0.1252,598.22,11.156339,10.03,728,5489.12,18962,69.6,0,0,0,0
1,debt_consolidation,0.1624,156.86,11.743148,0.83,684,6638.16,192851,16.0,2,0,0,0
1,debt_consolidation,0.1733,147.32,12.053817,10.81,737,8083.94,26813,60.1,2,1,0,0
1,all_other,0.2048,434.75,10.368057,16.99,696,7094.21,11629,47.4,2,0,0,0
1,credit_card,0.1566,617.95,10.127324,18.12,699,2889.07,1563,57.2,2,0,0,1
1,home_improvement,0.1542,314.25,11.128687,8.97,733,4719.95,6317,43.5,0,0,0,0
0,debt_consolidation,0.1916,628.1,11.077881,5.92,648,2999.93,17931,0.0,1,0,0,0
1,home_improvement,0.094,434.62,10.196856,6.61,771,3620.43,12700,51.8,2,0,0,0
1,credit_card,0.1298,87.8,10.919872,8.85,717,6279.89,1518,42.2,1,1,0,0
1,small_business,0.1025,1133.46,11.2945,0.0,759,6572.72,16299,37.4,2,0,0,1
1,small_business,0.1983,168.03,10.179607,8.96,669,6515.09,2774,0.0,1,0,0,0
1,credit_card,0.2106,212.88,10.323303,12.93,675,5779.51,4362,76.0,2,0,0,0
1,debt_consolidation,0.197,905.2,10.537062,11.92,666,6161.57,45937,48.2,3,1,0,1
1,debt_consolidation,0.1523,385.7,10.800521,10.32,720,3923.19,7467,0.0,1,0,0,0
1,major_purchase,0.1526,222.34,11.353323,7.84,713,8437.85,3890,86.5,1,0,1,0
1,all_other,0.157,275.65,10.730847,8.65,692,6730.11,2263,59.4,1,0,0,0
1,all_other,0.1946,217.86,10.963743,8.77,671,5007.44,3483,73.7,0,0,0,1
1,major_purchase,0.1818,226.39,12.300168,17.47,662,7875.66,4614,38.4,3,0,0,0
1,small_business,0.173,680.46,10.346651,12.59,708,3772.06,43165,46.6,2,0,0,1
1,credit_card,0.1419,264.5,10.531674,30.0,692,5358.93,10392,77.9,1,0,0,0
0,small_business,0.1946,191.0,11.343634,10.31,684,7297.23,75109,59.6,5,0,0,0
1,debt_consolidation,0.1264,215.38,11.532706,15.62,769,2014.81,1687,43.0,2,0,0,0
1,credit_card,0.1652,347.45,11.183029,10.46,707,10616.7,86288,28.5,0,0,0,0
1,educational,0.1543,225.81,12.03347,10.29,758,3587.85,8609,0.0,3,0,0,0
1,debt_consolidation,0.1322,298.01,11.123648,23.38,690,3928.7,7618,73.5,2,0,0,0
1,debt_consolidation,0.1459,481.0,9.724577,19.48,719,5110.27,7480,74.4,1,0,0,0
1,home_improvement,0.148,270.04,10.989167,0.49,708,6910.08,406506,68.6,1,0,0,0
0,all_other,0.1746,215.01,10.5817,5.54,645,7149.01,5101,80.1,2,0,0,1
1,debt_consolidation,0.1093,219.65,11.774125,11.66,764,8807.88,300536,20.1,0,0,0,0
1,debt_consolidation,0.1436,995.68,11.518421,9.03,705,4900.36,43546,37.0,1,0,0,0
1,debt_consolidation,0.1213,1164.68,9.960289,2.19,738,5885.17,1866,33.2,3,0,1,0
1,debt_consolidation,0.1854,411.47,11.753694,13.4,681,1214.54,2348,0.0,0,1,0,0
1,small_business,0.1811,657.83,11.503014,0.0,704,2383.08,14872,29.7,3,0,0,0
1,credit_card,0.1769,203.93,10.732078,13.47,677,4831.7,12914,51.9,3,0,0,0
1,credit_card,0.0962,232.21,10.88215,17.64,757,5954.66,5783,77.4,1,0,0,0
1,debt_consolidation,0.1895,549.0,11.779228,18.62,722,4944.6,4645,62.1,3,0,0,0
1,all_other,0.1414,71.61,9.727378,11.6,724,6370.63,130366,28.8,2,0,0,0
1,debt_consolidation,0.1674,667.32,11.201693,23.02,762,4918.08,13992,74.8,0,0,0,0
1,small_business,0.1661,261.23,11.59698,14.89,754,4475.1,23212,55.9,0,0,0,0
0,major_purchase,0.1382,175.34,10.875885,18.44,739,11060.61,13197,0.0,5,1,0,1
0,all_other,0.22,548.15,11.325225,7.52,656,4402.01,11724,53.1,0,0,0,1
1,educational,0.1789,1083.73,10.992924,23.1,684,7591.11,343592,70.7,2,0,1,0
1,debt_consolidation,0.1684,312.54,10.451736,12.58,672,1795.7,27364,63.4,1,0,0,0
1,debt_consolidation,0.1355,455.73,10.436492,23.48,738,5368.18,735615,13.8,2,1,0,0
1,credit_card,0.1738,538.59,11.364277,21.97,716,3373.68,38001,20.6,2,0,0,0
0,debt_consolidation,0.169,460.67,10.542219,14.38,657,10010.03,3852,108.0,0,1,1,0
1,major_purchase,0.1515,189.13,10.000006,15.4,703,3666.01,80022,21.8,3,0,0,1
0,debt_consolidation,0.1696,455.76,11.004663,11.36,653,4982.75,9673,49.7,0,0,1,0
1,home_improvement,0.1417,426.3,10.61702,6.95,708,3001.28,125438,0.0,1,0,0,0
0,debt_consolidation,0.1704,57.73,10.198544,16.71,647,2850.88,3708,86.1,1,0,0,1
1,debt_consolidation,0.1823,723.05,10.973766,16.35,730,4869.55,866,71.0,0,0,1,0
1,all_other,0.1698,136.08,11.398039,1.43,724,5966.4,12880,98.2,1,0,0,0
1,major_purchase,0.1278,401.89,10.942292,12.03,783,7704.05,114532,17.5,3,0,0,0
1,all_other,0.1306,1067.26,10.279593,18.59,742,3612.34,3988,83.5,2,0,0,0
1,all_other,0.1521,320.63,11.2239,22.71,694,3570.52,27661,17.9,1,0,0,0
1,debt_consolidation,0.1346,178.37,11.561445,17.6,741,8272.79,3721,93.0,3,1,0,0
0,debt_consolidation,0.2155,614.08,12.279951,2.13,657,9044.75,49547,0.0,3,0,0,1
1,debt_consolidation,0.1784,1052.68,11.809525,5.32,673,4849.62,6100,78.3,1,0,0,0
1,home_improvement,0.165,178.23,10.316731,10.21,723,6224.25,16802,49.2,1,1,0,0
0,debt_consolidation,0.1968,77.59,11.45343,22.25,628,9233.94,6419,67.9,0,0,0,0
1,debt_consolidation,0.1386,853.8,11.08648,8.41,709,11682.07,3293,64.5,1,0,1,1
1,all_other,0.1755,714.56,10.22722,19.9,671,6107.15,505,61.4,2,1,0,0
1,all_other,0.1326,484.3,11.103115,8.3,714,6943.29,1367,118.6,1,0,0,1
1,all_other,0.1983,115.05,12.100393,16.28,669,5392.2,7006,101.5,0,0,0,0
1,debt_consolidation,0.1337,562.97,11.659477,6.11,726,1359.65,22427,65.1,1,0,0,0
1,all_other,0.144,775.09,10.311796,11.26,711,5926.29,212437,54.4,1,1,0,0
1,credit_card,0.1483,1210.37,10.938368,4.79,763,8487.97,4761,91.5,1,0,0,0
1,debt_consolidation,0.1419,307.82,11.229921,22.56,710,3177.12,3948,93.6,2,1,0,0
1,credit_card,0.1646,432.62,9.874759,7.81,681,423.81,1313,51.8,0,0,1,0
1,debt_consolidation,0.1072,79.03,9.895783,1.92,701,6537.1,42997,50.4,3,0,0,0
0,small_business,0.1874,786.88,11.024323,1.38,659,669.29,27292,20.9,0,1,0,0
1,major_purchase,0.161,745.77,11.032282,12.01,725,1129.79,22380,57.8,2,0,0,0
1,debt_consolidation,0.1335,491.4,9.80832,9.44,732,973.6,18986,55.1,1,0,0,0
1,all_other,0.1248,840.05,11.166664,17.08,804,180.0,6020,77.2,1,1,0,0
1,all_other,0.1664,224.48,11.593047,10.98,686,7703.43,96135,101.2,1,0,0,1
1,home_improvement,0.1822,340.47,10.796836,20.65,700,5405.76,3157,84.5,2,0,0,1
1,all_other,0.1511,335.02,10.966485,9.94,688,10201.71,5125,79.3,1,0,0,1
1,all_other,0.1475,815.58,11.278561,19.68,718,6896.7,2151,42.1,1,0,0,0
1,debt_consolidation,0.1198,796.39,11.197808,6.03,725,10213.59,8900,36.9,0,0,0,0
0,debt_consolidation,0.155,476.96,9.91214,2.23,708,3450.03,3163,70.4,0,2,0,1
1,credit_card,0.129,443.12,10.377876,6.92,751,5966.05,3996,65.6,0,0,0,0
1,all_other,0.1855,585.96,10.688529,4.81,687,1874.63,1604,69.0,3,0,0,0
1,home_improvement,0.1268,289.87,10.404895,4.04,747,4366.7,2360,20.2,1,0,0,0
1,home_improvement,0.1384,967.51,11.824851,15.45,730,8646.47,834,20.0,1,0,0,0
0,all_other,0.1424,273.38,11.31703,10.78,710,4958.68,19398,33.6,6,0,0,0
1,all_other,0.1618,520.76,10.253068,13.58,698,4472.93,2753,69.2,2,1,0,0
1,small_business,0.1693,256.65,10.799255,16.24,802,5004.59,144051,48.4,2,0,0,0
1,home_improvement,0.0999,684.67,11.619539,0.97,679,5418.89,49769,92.8,2,0,0,0
1,small_business,0.165,361.17,10.535794,16.53,721,5422.07,12228,18.8,3,0,0,1
1,educational,0.1924,1287.21,11.449466,4.28,681,8392.65,27233,19.2,4,0,0,0
1,debt_consolidation,0.115,330.14,11.77374,8.62,778,3257.39,43201,41.7,2,0,0,0
1,credit_card,0.1511,731.94,11.671846,0.0,744,4543.22,4955,32.0,4,0,0,0
1,credit_card,0.1911,258.27,11.040047,17.12,684,5304.84,7899,24.2,2,0,0,1
1,debt_consolidation,0.1418,302.27,11.693125,0.95,729,2801.28,61389,49.9,1,0,0,0
1,all_other,0.1383,362.12,10.611435,4.32,720,3943.21,68081,50.9,2,0,1,0
1,all_other,0.1836,508.23,12.446388,4.82,690,6976.06,3184,10.9,1,0,0,0
1,all_other,0.1528,225.74,11.076918,11.71,739,2999.75,430857,30.2,1,0,1,0
1,debt_consolidation,0.1479,253.52,11.629544,11.5,725,11994.42,1256,68.2,2,1,0,0
1,credit_card,0.1645,411.94,10.709175,18.2,718,9151.54,282,39.5,2,0,0,0
1,credit_card,0.176,519.84,11.234643,11.88,708,5502.29,172140,23.5,2,0,0,0
1,all_other,0.1476,368.4,11.261513,19.26,726,6499.06,35099,36.8,4,0,0,0
1,debt_consolidation,0.158,338.21,10.363411,15.22,719,6986.34,14715,11.7,1,0,0,0
1,all_other,0.1654,153.01,10.34535,6.08,712,6460.07,39979,98.8,1,0,0,0
1,debt_consolidation,0.1575,543.94,10.805253,8.0,686,5298.58,3691,72.8,1,0,0,1
1,debt_consolidation,0.1509,684.89,11.604253,23.02,774,11939.65,678,118.3,1,0,0,0
1,debt_consolidation,0.1533,746.56,9.812829,21.07,670,3264.14,5327,50.0,2,0,0,0
1,small_business,0.1611,427.82,10.708662,18.29,726,4092.5,3585,36.9,0,0,0,0
1,all_other,0.1767,258.03,11.729022,19.19,698,5241.65,2250,22.1,0,1,0,0
1,all_other,0.1046,283.65,10.178401,15.81,777,6672.57,4170,60.3,0,0,0,0
1,small_business,0.2036,455.1,11.694879,14.91,676,10089.48,4265,34.0,4,1,0,1
1,all_other,0.1723,386.12,10.242046,12.94,682,5055.88,5140,19.2,2,0,0,1
1,small_business,0.2141,229.34,10.37091,24.32,673,6506.34,20125,85.4,1,0,0,0
1,debt_consolidation,0.1628,118.91,10.840195,9.39,722,6023.99,26703,48.1,0,0,0,0
0,debt_consolidation,0.176,266.53,12.07281,14.26,658,4853.32,17663,54.6,1,1,0,1
1,debt_consolidation,0.1686,320.63,10.539596,0.81,692,8164.37,188,53.4,3,0,0,0
0,all_other,0.1982,503.46,9.872893,2.73,628,6131.04,2148,59.0,2,0,0,0
1,major_purchase,0.1923,301.94,10.074819,25.12,719,7531.6,2195,0.0,4,0,0,0
1,credit_card,0.1661,325.24,11.498488,16.86,691,4327.22,74214,13.6,2,0,0,0
0,all_other,0.1788,426.86,10.103608,11.13,653,3708.3,2814,100.4,4,0,0,0
0,debt_consolidation,0.1335,1109.01,11.654658,13.14,751,4202.06,526,45.6,1,2,0,0
1,major_purchase,0.1822,353.04,10.972572,3.23,660,5807.4,32938,59.0,1,0,0,0
1,all_other,0.1197,122.82,10.910315,9.65,740,7854.23,12657,70.1,0,0,0,0
1,debt_consolidation,0.1604,238.28,11.111356,2.54,683,10301.75,611118,36.1,2,0,0,0
1,educational,0.1082,1142.87,10.441439,10.56,771,5497.47,1200,16.0,3,0,0,1
1,all_other,0.1257,999.54,11.014102,17.29,738,9718.22,7718,7.4,1,0,0,0
1,debt_consolidation,0.1891,773.02,10.202225,15.73,672,6625.53,2081,17.8,0,1,0,1
1,debt_consolidation,0.1722,639.19,11.752823,23.56,675,3388.99,2088,27.0,2,0,0,0
1,debt_consolidation,0.1307,607.67,10.30335,14.63,733,5357.26,2933,24.9,3,1,0,0
1,home_improvement,0.1574,324.13,11.197717,0.0,700,6983.17,1887,9.6,0,0,0,0
1,all_other,0.1537,699.46,10.298802,26.06,704,7176.56,14727,73.7,0,0,0,0
1,major_purchase,0.1354,700.38,10.604745,6.8,758,3860.96,12098,89.7,2,0,0,0
1,debt_consolidation,0.1384,673.62,10.701962,13.72,682,4169.81,10400,19.9,1,0,0,0
1,all_other,0.1327,243.32,12.748622,13.3,713,4222.08,83219,0.0,1,0,0,0
1,credit_card,0.1109,285.66,10.921188,14.26,746,4565.95,26715,48.7,1,0,0,0
1,all_other,0.124,233.16,10.428867,12.93,741,5823.43,41636,90.9,1,0,1,0
1,all_other,0.1441,755.59,10.658821,13.05,704,9780.18,14162,8.4,1,0,0,0
1,all_other,0.1402,462.34,10.01215,3.48,699,4007.1,17938,9.2,1,0,0,0
0,credit_card,0.2009,535.56,10.830701,30.0,644,961.05,48259,0.0,0,0,0,0
1,small_business,0.22,624.98,12.059163,17.09,670,800.15,1756,54.5,3,0,0,1
1,debt_consolidation,0.167,144.53,11.134984,12.96,722,7102.04,3841,18.0,0,0,0,0
1,all_other,0.1468,699.78,11.481075,25.31,705,3697.16,12296,72.5,4,0,0,1
0,all_other,0.1588,262.9,10.374934,5.2,713,5734.04,11689,68.0,5,0,0,0
1,debt_consolidation,0.137,271.67,10.805961,18.59,749,3291.1,1126,90.3,1,0,0,0
1,debt_consolidation,0.164,215.44,11.054381,8.77,665,4689.42,37022,78.8,1,0,0,0
1,educational,0.1864,421.94,10.487563,15.38,701,4247.37,109440,1.1,2,0,0,0
1,debt_consolidation,0.1929,384.15,11.174004,15.53,717,3342.95,96940,38.9,2,0,1,1
1,debt_consolidation,0.1386,140.9,11.305411,0.0,683,8150.91,3608,80.0,2,0,0,1
1,all_other,0.1604,109.98,11.261137,2.72,764,8334.72,42612,7.3,0,0,0,0
1,debt_consolidation,0.1283,319.06,10.837839,23.55,745,6659.5,5738,36.0,1,0,0,0
1,debt_consolidation,0.1457,666.26,11.595456,10.86,721,10169.64,12244,49.0,0,0,0,0
1,debt_consolidation,0.131,609.85,10.772853,26.41,778,1771.08,63785,45.6,2,0,0,0
0,debt_consolidation,0.2125,833.05,10.717219,21.64,653,4532.59,93435,55.6,0,0,0,0
1,all_other,0.1615,335.54,11.809339,11.08,710,4187.1,5393,27.3,0,0,0,0
1,home_improvement,0.1578,299.29,10.254751,10.47,724,6833.46,4765,19.8,1,0,0,0
1,debt_consolidation,0.1887,370.29,9.891189,23.97,675,1908.48,120247,60.1,2,0,0,0
1,all_other,0.1712,686.0,10.400632,27.11,721,6728.58,9307,41.8,3,0,0,0
0,all_other,0.185,1231.19,11.166218,10.62,668,1452.62,90,108.3,0,2,0,0
1,debt_consolidation,0.1645,280.37,11.712991,23.21,736,6929.66,22113,14.8,1,0,0,0
1,all_other,0.1259,304.18,10.527084,19.71,750,7947.25,3035,45.3,1,1,0,0
1,debt_consolidation,0.1167,369.49,12.037051,20.9,720,2230.19,6941,8.6,0,0,0,0
0,debt_consolidation,0.22,346.94,10.94659,13.3,640,4142.1,28256,57.6,1,0,0,1
1,debt_consolidation,0.1518,253.17,10.859527,7.96,673,8035.58,568,41.0,3,0,0,0
1,debt_consolidation,0.1358,340.32,10.411538,5.32,731,8539.7,37153,62.2,0,0,0,0
1,small_business,0.1638,222.28,12.120327,3.6,711,1490.85,969,26.3,2,0,0,0
0,educational,0.1899,666.2,10.838324,25.79,612,6001.53,3333,0.0,1,0,0,1
1,small_business,0.1352,1041.77,10.117487,12.68,757,6694.06,18198,84.0,3,0,0,0
0,debt_consolidation,0.1629,316.52,12.429178,4.7,715,5036.87,1527,73.1,3,2,0,1
1,credit_card,0.1793,1264.11,11.170139,19.52,679,8650.19,1536,74.3,1,1,0,0
1,all_other,0.1512,352.17,11.417287,9.3,748,3692.66,18694,72.8,0,0,0,1
1,debt_consolidation,0.1787,242.25,11.955752,8.11,684,4022.76,25512,49.9,2,0,0,0
1,major_purchase,0.1593,621.12,11.304822,26.87,684,3412.08,8231,64.7,2,0,0,0
1,credit_card,0.1412,196.09,11.524683,3.42,724,5673.89,29474,20.7,4,0,0,0
1,debt_consolidation,0.1477,584.93,10.963138,14.22,778,4388.47,1200000,34.9,2,0,1,0
1,educational,0.1176,432.47,11.377577,8.52,772,7240.73,1009,79.9,1,0,0,0
1,debt_consolidation,0.1388,281.33,10.909164,7.42,724,4191.19,304,105.9,1,0,0,0
1,all_other,0.1664,271.64,10.917672,2.5,728,4645.54,66000,56.5,0,1,0,0
1,debt_consolidation,0.142,203.51,11.003027,13.01,740,5692.13,1649,0.0,0,0,0,0
1,debt_consolidation,0.1674,799.95,10.687943,6.57,662,3116.33,19757,57.3,3,0,0,0
1,educational,0.1352,317.69,11.23767,16.68,734,7733.78,28895,88.1,2,0,0,0
0,all_other,0.191,499.22,11.236126,12.28,682,6907.42,10348,38.2,7,0,0,0
1,debt_consolidation,0.1622,382.78,11.429539,10.44,722,6825.91,17061,17.9,2,0,0,0
1,credit_card,0.1647,333.68,11.32016,6.61,701,2642.31,168533,74.9,1,0,0,0
1,small_business,0.139,469.12,12.150026,22.47,729,9058.01,4107,36.7,1,1,0,0
1,major_purchase,0.1589,549.45,11.572104,17.68,714,565.04,84360,36.5,1,0,0,0
0,major_purchase,0.1957,445.25,10.803576,7.9,612,7045.53,1345,0.0,2,0,0,0
1,small_business,0.1495,331.97,11.206374,3.22,717,5545.28,19178,0.0,0,0,0,0
1,all_other,0.1331,173.01,11.791746,0.0,734,6864.98,23834,71.2,0,0,0,0
1,debt_consolidation,0.1622,252.82,10.350516,20.45,727,4658.91,9681,11.1,3,0,0,0
1,major_purchase,0.1825,320.28,12.158687,18.87,706,5409.17,51655,98.3,1,0,0,0
1,debt_consolidation,0.1069,360.52,10.45747,19.82,772,6947.75,11722,104.8,1,0,0,0
1,debt_consolidation,0.1319,109.39,11.479168,11.77,722,5196.34,18620,16.7,2,0,0,0
1,all_other,0.1621,595.05,10.934026,18.16,727,5737.94,3535,27.0,0,1,0,0
1,debt_consolidation,0.1297,461.23,10.898931,19.69,750,5819.24,2215,67.4,0,0,0,0
1,all_other,0.1607,256.13,10.135223,12.12,724,10685.31,2128,91.3,1,0,0,0
1,small_business,0.1777,207.56,11.483575,10.13,676,1206.33,4102,51.9,0,0,0,0
0,all_other,0.2093,254.59,10.144102,5.86,617,8441.31,1408,28.1,6,0,0,0
1,all_other,0.1365,147.27,10.04991,15.54,692,6332.27,217147,35.8,0,1,0,0
1,all_other,0.1538,300.61,11.637419,16.46,739,6021.91,6682,50.3,0,0,0,0
1,credit_card,0.1198,320.31,12.021659,9.79,697,2020.82,10780,31.4,4,0,0,0
1,debt_consolidation,0.1609,732.35,10.52298,10.61,740,8082.14,1743,82.4,1,0,0,0
1,debt_consolidation,0.1525,530.34,11.541897,11.1,716,2366.76,288090,26.9,0,0,0,0
1,all_other,0.1427,898.42,11.415881,18.06,759,8881.98,7276,60.3,0,0,0,1
1,all_other,0.1656,419.25,10.874174,3.12,699,3840.9,4261,69.1,1,0,0,0
1,debt_consolidation,0.1137,190.26,11.744848,4.97,728,8881.87,4938,47.3,2,0,0,0
0,debt_consolidation,0.1747,1256.05,10.83019,5.11,729,3426.34,7804,40.4,5,0,0,0
1,debt_consolidation,0.1369,297.8,11.245696,11.58,767,2865.55,6727,46.3,2,0,0,0
0,credit_card,0.2003,137.83,10.1652,14.78,645,4953.86,1270,21.7,2,0,0,0
1,all_other,0.1476,440.89,10.191272,5.22,693,3339.21,43318,69.5,1,0,0,0
1,all_other,0.1463,123.95,11.643117,18.87,742,4603.52,1841,43.2,2,0,0,0
1,small_business,0.1182,341.52,11.266235,22.69,769,9409.93,39939,39.7,2,0,0,0
1,credit_card,0.1548,273.7,10.843101,15.46,719,3809.9,1302,15.2,1,0,0,0
1,debt_consolidation,0.1421,540.98,12.093786,20.35,699,5628.66,14432,103.5,1,0,0,0
1,credit_card,0.22,814.28,12.087363,6.29,739,9172.55,2124,71.9,0,0,0,0
1,debt_consolidation,0.1532,303.43,11.197892,6.45,743,5789.15,3414,4.7,2,0,0,0
1,debt_consolidation,0.1888,303.34,10.04205,16.15,696,8007.64,23616,63.4,4,0,0,1
1,credit_card,0.1451,640.18,10.861925,12.34,723,6584.0,72370,29.3,1,0,0,0
1,debt_consolidation,0.1436,219.68,10.422125,6.44,755,7690.43,202008,20.6,1,1,0,0
1,debt_consolidation,0.1416,391.98,10.984603,22.43,782,5024.63,19870,25.8,0,0,0,0
1,small_business,0.1368,543.65,10.358859,14.66,738,6646.87,10843,62.0,3,0,0,0
1,credit_card,0.1415,215.41,10.200302,17.45,712,9712.49,2342,42.8,2,0,0,0
1,major_purchase,0.1763,318.75,9.549806,7.95,708,4364.94,625,45.5,1,0,0,0
1,small_business,0.1571,411.01,11.032027,24.19,731,6237.69,29511,55.2,2,0,0,1
1,debt_consolidation,0.1427,952.57,9.527754,11.52,706,3495.0,7292,74.2,2,1,0,0
1,all_other,0.1401,160.34,10.734653,19.63,717,7783.36,11098,114.0,2,0,0,0
1,debt_consolidation,0.1495,341.33,11.353582,8.58,670,1014.99,5784,39.4,2,0,0,0
1,credit_card,0.0947,903.43,10.489522,13.76,759,4449.7,3468,34.7,3,0,0,0
1,debt_consolidation,0.1413,739.23,10.268255,16.45,667,7705.82,32294,50.1,1,0,0,0
1,debt_consolidation,0.164,318.87,10.888613,26.37,694,4808.34,167359,67.4,1,0,0,0
1,debt_consolidation,0.1675,369.69,10.424551,9.57,714,712.06,1604,78.8,2,0,0,1
1,credit_card,0.1721,539.48,11.043251,14.0,786,3262.34,545,18.1,2,0,0,0
0,debt_consolidation,0.1623,539.9,10.299974,16.68,694,3477.57,7511,117.3,5,0,0,0
1,all_other,0.1416,983.18,10.866259,2.84,685,9121.63,3469,12.8,0,0,0,0
1,small_business,0.1798,872.82,10.718683,0.0,689,7163.11,72685,72.8,0,0,0,0
1,credit_card,0.1416,142.38,10.922972,5.73,773,7418.34,24581,68.8,1,0,0,0
0,all_other,0.22,136.77,11.927442,19.27,612,2107.09,227063,6.4,1,1,0,1
1,debt_consolidation,0.1917,274.68,11.051885,24.44,672,5194.39,61359,54.8,0,0,0,0
1,major_purchase,0.1206,99.42,11.237711,6.23,814,9074.21,12935,0.0,0,0,0,0
1,all_other,0.1479,947.4,10.548876,4.2,732,7423.54,13851,22.9,2,1,1,0
1,debt_consolidation,0.1895,140.61,11.066186,23.19,668,3913.54,20457,45.1,0,0,0,0
1,major_purchase,0.1331,300.24,10.76237,8.7,708,7147.55,2550,51.1,1,0,0,0
1,debt_consolidation,0.1144,195.85,10.94809,10.03,713,1972.19,21946,83.1,2,0,0,0
1,all_other,0.1834,130.81,11.325857,22.67,742,3039.67,98024,26.9,1,0,0,0
1,debt_consolidation,0.1235,834.46,10.624857,21.53,780,474.71,3980,57.6,0,0,0,1
1,debt_consolidation,0.1598,256.74,10.687192,19.05,725,4901.89,7428,73.8,2,0,0,0
1,debt_consolidation,0.1093,1144.7,10.633287,0.79,689,6766.07,31280,45.3,1,0,0,0
1,credit_card,0.1733,1047.81,10.621511,3.92,740,2773.03,120355,46.8,2,0,0,0
1,debt_consolidation,0.1912,400.72,11.035673,20.33,683,4952.67,3336,4.7,1,0,0,0
1,credit_card,0.1421,86.5,10.707971,14.79,671,3083.71,16176,0.1,1,0,0,0
0,home_improvement,0.1797,311.51,11.843753,7.23,643,3703.87,10403,22.6,4,0,0,1
0,small_business,0.2028,1305.72,12.564289,10.22,651,2566.31,7055,87.4,3,0,0,0
1,debt_consolidation,0.1459,508.73,10.583555,20.27,676,8285.02,559,87.5,1,0,0,1
1,credit_card,0.1859,354.62,11.109342,23.14,665,3454.01,3325,83.2,0,0,0,0
1,debt_consolidation,0.1714,254.68,11.563185,12.56,722,4558.58,1534,57.8,1,0,0,0
1,credit_card,0.1831,739.02,10.767893,7.86,664,3868.7,8821,62.1,3,0,0,0
0,debt_consolidation,0.1687,504.24,10.323421,10.7,612,5969.85,5298,35.1,0,0,0,0
1,credit_card,0.1532,464.62,11.990286,21.87,670,11408.04,1631,36.2,1,0,0,0
1,debt_consolidation,0.1615,853.59,11.348556,21.73,692,12147.41,7143,0.0,1,0,0,1
1,all_other,0.1613,821.86,11.124401,13.94,687,4635.08,216432,53.1,1,0,0,0
1,debt_consolidation,0.1252,497.08,11.814819,8.95,768,6227.23,3787,60.7,3,0,0,0
1,debt_consolidation,0.161,126.81,11.399842,20.07,687,7589.41,5882,29.1,1,0,0,0
1,all_other,0.105,178.74,10.90076,23.8,743,8325.06,7617,73.5,0,0,2,0
1,debt_consolidation,0.1725,254.16,10.334255,2.57,709,6776.47,3411,82.6,3,1,0,1
1,credit_card,0.1693,379.56,10.629068,11.0,708,7952.64,876,14.4,1,0,0,0
1,credit_card,0.1807,1130.33,11.664942,20.58,678,6219.15,197769,114.0,0,0,0,0
1,all_other,0.1654,1239.85,11.346072,13.11,708,3614.5,584,62.8,3,0,0,0
1,credit_card,0.1633,508.2,10.816133,9.23,681,7937.11,704,92.0,1,0,0,0
1,home_improvement,0.1411,550.33,12.007604,13.88,716,5535.5,36251,27.0,0,0,0,0
1,small_business,0.1546,132.51,10.834095,15.16,701,6026.08,412,89.1,0,0,0,0
1,debt_consolidation,0.203,303.61,11.532386,4.82,674,1802.91,37557,66.2,1,0,0,0
1,all_other,0.1384,253.24,11.064224,13.23,748,3267.94,43386,38.5,1,0,0,0
1,credit_card,0.1155,231.16,12.109101,15.13,726,4230.11,3034,15.1,0,0,0,1
1,debt_consolidation,0.163,579.45,11.389358,9.21,693,6509.89,11690,47.3,0,1,0,0
1,debt_consolidation,0.1115,261.73,10.958157,7.22,716,9681.06,10089,69.6,0,0,0,1
1,debt_consolidation,0.1622,102.37,10.820931,8.89,707,7139.4,3016,49.2,1,0,0,0
1,all_other,0.1736,706.91,10.920623,5.9,677,4735.09,4087,49.6,1,0,0,0
1,debt_consolidation,0.1437,872.63,10.487508,18.47,713,2721.04,8509,32.9,1,0,0,0
1,credit_card,0.1479,462.57,10.096311,5.81,686,8309.78,5181,8.6,0,0,0,0
1,all_other,0.1833,353.12,11.118329,13.9,674,5987.9,27476,52.1,1,0,0,0
0,credit_card,0.1821,211.31,10.604554,10.02,648,180.0,8599,20.0,1,0,0,0
1,debt_consolidation,0.1234,203.16,10.602933,7.73,696,7796.33,22519,74.6,2,0,0,1
1,credit_card,0.1701,825.41,10.875807,22.06,732,6124.71,5881,71.4,0,0,0,0
1,credit_card,0.1488,224.17,10.961856,11.7,684,180.0,30461,95.4,1,0,0,0
1,debt_consolidation,0.0863,1106.97,10.934499,7.98,806,6745.23,44991,36.1,0,0,0,0
1,debt_consolidation,0.1678,755.76,11.99036,7.32,744,5401.2,460,45.8,2,0,0,0
1,debt_consolidation,0.1546,484.07,11.334051,14.94,760,1899.52,20031,4.3,1,0,0,0
0,major_purchase,0.134,1186.04,12.215768,18.3,740,10286.17,3600,30.9,5,1,0,0
1,debt_consolidation,0.0994,861.29,10.662216,21.37,780,6285.43,5420,46.8,1,0,0,0
1,debt_consolidation,0.1512,281.01,11.40807,11.44,680,3976.85,18048,49.3,1,1,0,0
0,debt_consolidation,0.1908,196.05,10.696118,11.03,613,3228.72,13305,36.0,2,0,1,0
1,debt_consolidation,0.1879,297.12,10.58771,13.5,693,4707.35,7527,28.8,1,0,0,0
1,debt_consolidation,0.1723,364.09,12.238781,13.75,731,4788.89,31509,54.1,0,0,0,0
1,home_improvement,0.1565,225.05,10.46143,7.27,716,6625.85,14571,38.3,0,1,0,0
1,all_other,0.1644,176.11,9.568642,22.69,720,4586.25,3251,85.0,1,0,0,0
1,home_improvement,0.1292,434.08,10.498151,12.75,760,4150.48,63443,54.3,2,0,0,0
1,debt_consolidation,0.1317,687.97,9.704923,16.29,725,5579.59,60066,31.5,1,0,0,0
1,all_other,0.1124,1149.84,10.349692,15.53,740,4092.19,11173,78.4,2,0,0,0
1,home_improvement,0.1786,416.44,10.406214,15.39,674,4893.42,4476,17.8,3,1,0,1
1,credit_card,0.1928,613.65,10.951522,5.67,668,8637.08,3184,35.6,1,0,0,0
1,small_business,0.1332,101.32,9.679746,12.56,771,3973.25,158997,16.6,2,0,0,1
1,debt_consolidation,0.1779,719.18,11.659531,28.34,714,4744.19,8145,39.6,1,0,0,0
1,all_other,0.159,189.52,9.785781,23.55,686,3151.02,13807,86.8,1,1,0,0
1,credit_card,0.1684,481.64,10.852072,13.68,686,7822.96,21495,52.4,3,0,0,1
1,debt_consolidation,0.1627,374.53,10.732266,10.07,685,836.13,132,0.0,1,0,0,0
1,home_improvement,0.1928,339.81,11.433464,0.0,683,2983.69,2526,35.9,2,0,0,0
1,debt_consolidation,0.1878,141.48,11.144441,9.17,661,6844.48,370469,54.7,1,0,0,0
0,debt_consolidation,0.1804,232.91,11.653992,12.06,653,4684.03,125,55.4,3,0,0,1
1,credit_card,0.1606,197.3,10.709513,10.41,703,7267.01,998,41.9,0,0,0,0
1,credit_card,0.1425,247.52,10.646504,10.89,687,4577.15,5328,69.3,3,1,0,0
1,small_business,0.1073,816.15,11.181803,16.89,752,3379.67,2236,64.0,1,0,0,0
1,small_business,0.1553,298.44,11.557813,5.7,721,4754.2,3290,42.6,3,0,0,0
1,debt_consolidation,0.1475,235.9,11.433292,14.48,720,1830.81,1723,53.9,0,0,0,0
1,all_other,0.1791,622.3,11.126307,11.84,682,2995.61,8307,42.9,2,0,0,0
1,educational,0.1549,479.86,11.071924,6.51,705,7341.38,19369,48.6,2,0,0,0
1,debt_consolidation,0.1402,1196.56,10.907864,24.15,724,4413.08,20764,52.5,2,0,0,0
1,all_other,0.0848,700.55,11.180057,17.76,737,4984.42,2937,76.5,0,0,1,0
1,small_business,0.1832,98.71,12.17131,7.17,706,5371.54,51850,60.7,0,0,0,1
1,debt_consolidation,0.1417,658.43,10.78203,16.17,751,1138.93,13750,47.1,0,0,1,1
1,major_purchase,0.1722,632.35,10.707661,3.01,710,1163.16,60705,35.3,2,0,0,0
1,all_other,0.1429,1199.4,10.660956,8.02,740,6013.97,17347,66.2,4,1,0,0
1,small_business,0.2024,354.93,11.167517,21.76,691,4033.99,7198,56.2,1,0,0,0
0,all_other,0.1759,847.05,9.635735,15.03,641,4509.61,7488,44.2,1,0,0,1
1,credit_card,0.1506,296.07,10.847612,14.47,720,6598.22,19219,38.2,3,0,0,0
1,credit_card,0.1481,463.4,11.467195,19.41,738,2723.38,82445,48.9,3,1,0,1
1,debt_consolidation,0.1592,183.55,10.608999,16.82,732,3643.1,13362,27.6,1,0,1,0
1,all_other,0.157,146.31,11.04389,10.76,726,4178.46,15281,5.2,4,0,0,0
1,major_purchase,0.1713,718.1,12.216695,19.06,697,5901.47,27016,92.6,3,0,0,0
1,major_purchase,0.1752,393.79,11.132276,0.95,679,4161.36,639,93.5,0,0,0,0
1,educational,0.1426,153.08,9.564072,7.99,731,3477.89,1109,51.4,4,0,0,0
1,all_other,0.1667,686.51,10.069971,11.93,726,9293.91,15499,62.6,2,0,0,0
1,all_other,0.1319,54.45,10.776888,16.38,689,5159.85,2369,40.8,0,0,0,0
1,all_other,0.1244,207.4,10.439666,10.36,752,6696.87,7168,62.2,3,0,0,0
1,all_other,0.203,127.63,10.993064,0.29,676,536.69,10707,50.6,2,0,0,0
1,all_other,0.1523,880.65,10.750309,0.0,688,1839.67,519335,53.1,1,0,0,0
1,debt_consolidation,0.1264,270.68,11.641304,12.13,772,6524.26,8244,19.0,1,0,0,0
1,debt_consolidation,0.1688,411.43,10.264288,9.3,743,4457.68,371,99.3,1,0,0,0
1,all_other,0.1597,475.61,10.803425,6.32,696,4094.2,15158,15.5,0,1,0,0
1,debt_consolidation,0.1343,653.09,11.062528,5.17,721,2683.92,55714,72.0,0,0,1,0
1,debt_consolidation,0.1772,640.87,11.138092,13.52,716,7495.68,25637,24.5,1,0,0,0
0,debt_consolidation,0.1942,706.61,11.019551,21.59,612,6696.01,23006,0.0,3,0,0,0
1,home_improvement,0.1668,322.39,9.459123,13.52,676,4896.99,3365,75.1,1,0,0,0
1,educational,0.1172,657.45,10.980808,21.68,708,5674.57,5582,52.6,0,0,0,0
1,all_other,0.1597,242.95,10.83804,10.02,696,4297.6,2811,8.3,0,0,0,0
1,major_purchase,0.1655,292.48,11.457107,15.66,719,3350.35,3375,67.1,3,0,0,0
1,small_business,0.1429,128.02,11.371012,21.93,753,3763.02,7837,37.5,1,0,0,0
1,debt_consolidation,0.1357,1188.92,11.076915,11.51,698,6971.04,47674,100.7,2,0,0,0
1,debt_consolidation,0.1643,192.97,11.12103,12.78,670,4073.5,1098395,7.1,4,0,0,0
1,debt_consolidation,0.1382,1001.08,11.754954,10.02,722,5203.51,13829,29.6,1,0,0,0
1,debt_consolidation,0.1562,557.15,11.631681,16.69,698,3986.17,25972,71.8,4,1,0,0
1,all_other,0.1482,434.82,11.097953,18.83,704,7409.19,231,35.6,2,0,0,0
1,debt_consolidation,0.1941,521.32,12.238705,15.02,699,3434.62,5413,24.3,2,0,0,0
1,small_business,0.1387,177.03,10.5468,11.02,795,8877.72,126846,54.6,1,0,1,0
0,all_other,0.1593,1182.02,10.20688,2.25,625,3626.39,12705,79.9,0,0,0,1
1,debt_consolidation,0.1641,300.26,10.923389,12.27,695,3629.28,9248,46.5,3,0,0,0
1,educational,0.1551,776.05,10.701976,11.28,710,10068.52,1134196,41.8,3,0,0,1
1,major_purchase,0.1933,275.36,9.426142,14.23,680,2393.65,73396,26.0,4,0,0,0
1,credit_card,0.1375,136.77,10.532048,13.41,744,4966.58,37594,34.9,3,1,0,0
1,home_improvement,0.1383,1193.33,11.139587,23.45,741,7589.18,9879,15.6,2,0,0,0
1,educational,0.1941,264.29,10.894603,7.79,708,1201.35,16902,83.4,2,0,0,0
1,all_other,0.139,515.78,10.456359,1.73,700,5705.49,334591,68.5,1,0,0,1
1,small_business,0.1887,48.07,10.955819,4.72,706,1212.44,389161,10.6,1,0,0,0
1,debt_consolidation,0.159,365.41,11.005074,8.23,706,5151.58,4629,31.4,2,0,0,1
1,all_other,0.1472,576.44,11.366195,20.07,707,10149.79,814,69.6,3,1,0,0
0,all_other,0.1461,416.64,10.538685,3.65,703,180.0,11838,66.8,7,0,0,1
1,debt_consolidation,0.1786,368.5,11.463053,4.57,720,4871.16,37120,45.0,0,0,0,0
1,debt_consolidation,0.1522,328.12,10.264708,15.46,739,3922.98,196808,40.6,4,0,0,1
1,debt_consolidation,0.1891,736.55,10.62294,18.46,663,2541.76,9246,47.7,4,0,0,0
1,debt_consolidation,0.1917,162.49,11.966386,1.91,670,1235.05,6261,34.9,2,0,0,0
0,debt_consolidation,0.1924,340.84,10.305435,0.37,644,7807.51,64811,79.0,0,0,0,0
1,all_other,0.1198,991.5,10.528152,7.17,743,5554.38,2498,68.2,0,0,0,0
0,home_improvement,0.12,128.68,10.165602,17.14,720,412.83,7481,56.2,0,2,0,0
1,all_other,0.1781,366.06,10.425368,13.59,729,2706.25,11035,16.2,0,0,0,0
0,credit_card,0.1844,183.79,11.014402,7.43,656,3687.96,9753,30.0,1,1,0,1
1,debt_consolidation,0.1269,452.97,11.360991,17.7,778,1131.77,84689,29.7,2,0,0,0
1,home_improvement,0.2023,417.32,10.918631,13.46,687,5279.18,25767,37.2,1,0,0,0
1,debt_consolidation,0.1319,190.85,10.731939,11.86,716,5697.69,4608,53.0,3,0,0,1
1,debt_consolidation,0.091,354.3,10.171908,1.46,742,5662.15,7507,93.6,2,0,0,0
1,all_other,0.1368,389.67,10.48645,7.28,672,10111.85,961689,52.9,0,1,0,1
1,major_purchase,0.1547,249.17,9.986918,26.1,689,2707.99,1086,7.8,2,0,0,0
1,educational,0.1551,285.31,11.379301,10.28,717,3877.55,542,67.5,1,0,0,0
1,home_improvement,0.1347,235.72,11.421705,6.0,819,3742.34,1501,8.7,1,1,0,0
1,credit_card,0.1678,78.78,10.905327,9.96,721,7196.57,17792,60.9,3,1,0,0
1,all_other,0.0772,653.11,11.199285,13.42,771,6922.91,67447,35.1,2,0,0,0
1,credit_card,0.1912,926.92,11.464502,18.7,756,2233.23,9099,64.4,4,0,0,0
1,debt_consolidation,0.1414,110.02,10.991737,16.89,724,8672.91,4437,63.0,3,0,0,0
1,debt_consolidation,0.1976,943.8,11.780103,7.93,672,2789.99,3377,52.7,3,0,0,0
1,educational,0.1488,501.36,10.305486,21.37,750,7194.74,683,17.4,2,0,1,0
0,educational,0.1817,183.25,10.717311,18.22,653,7043.94,141353,29.6,1,0,0,1
1,debt_consolidation,0.1237,315.48,10.644677,9.53,771,6054.98,7911,62.5,1,1,0,0
1,debt_consolidation,0.1301,224.93,11.324815,11.72,718,4236.54,15616,52.9,4,1,0,1
0,debt_consolidation,0.1742,748.64,10.055174,16.74,612,4282.65,42815,100.5,3,0,0,1
1,all_other,0.1584,201.85,11.813265,20.02,697,6263.16,100601,51.7,1,0,0,1
1,debt_consolidation,0.1169,1157.33,11.272682,2.12,735,6375.85,7621,70.2,4,0,0,0
1,all_other,0.1929,905.79,11.99768,13.09,701,6833.88,2542,36.0,0,0,0,0
1,debt_consolidation,0.1457,159.88,10.905252,12.39,737,6834.84,10566,22.7,2,1,0,0
1,debt_consolidation,0.2122,1301.33,10.594305,8.66,678,5916.08,8860,80.8,1,0,0,0
1,debt_consolidation,0.1697,649.72,11.330835,8.63,660,8593.37,4481,26.6,3,0,0,0
1,credit_card,0.1454,339.01,11.558645,19.88,707,3559.47,1452,6.0,4,0,0,1
1,debt_consolidation,0.1673,623.48,10.494203,16.29,711,5166.15,20385,8.5,3,0,0,0
1,all_other,0.1566,731.1,9.711466,27.14,697,3664.41,91169,57.7,1,0,0,1
1,credit_card,0.1542,224.32,9.815978,8.67,757,11169.03,180376,27.6,3,0,0,0
1,home_improvement,0.1991,728.37,11.089445,13.55,678,6970.76,3261,3.2,2,0,0,0
1,debt_consolidation,0.1725,289.06,11.869516,14.74,722,7593.41,182388,102.8,3,0,0,0
1,credit_card,0.1818,700.97,10.136488,18.78,713,6175.89,1880,0.0,1,0,0,1
0,debt_consolidation,0.1988,368.87,10.763857,21.97,651,4918.87,13888,35.1,0,0,0,0
1,all_other,0.1674,191.96,10.717446,13.25,660,11736.88,58273,94.0,1,1,0,0
1,all_other,0.1787,613.6,12.101525,5.05,710,8098.75,26477,48.7,0,0,0,0
1,major_purchase,0.1361,285.19,12.307804,7.69,785,4258.13,104731,118.4,3,0,0,0
1,educational,0.1336,412.77,11.188916,13.58,732,4379.94,2122,69.7,3,0,0,0
0,credit_card,0.1758,523.4,11.47778,20.35,644,5614.98,8167,12.8,0,0,0,0
0,major_purchase,0.1982,1134.1,11.460821,2.62,612,3707.93,7904,68.8,2,0,0,1
1,debt_consolidation,0.1655,285.64,10.149004,4.53,738,4190.94,67691,30.6,2,0,0,0
1,credit_card,0.16,212.38,11.356099,17.82,706,1260.7,7553,39.6,1,0,0,0
1,debt_consolidation,0.1364,1177.04,10.30804,3.67,753,180.0,15898,17.9,0,0,0,0
1,debt_consolidation,0.1676,389.53,10.825363,4.84,677,10002.31,7235,28.0,1,0,0,1
1,all_other,0.143,256.33,11.62524,20.44,723,3794.25,19518,68.0,0,1,0,0
1,credit_card,0.1182,466.96,10.979369,11.07,742,4300.0,3288,20.7,0,1,0,0
0,credit_card,0.1795,310.68,11.602523,10.55,693,5232.59,1824,0.0,6,0,0,0
1,small_business,0.1578,317.84,11.722551,22.04,694,6799.98,4925,58.9,3,0,0,1
1,all_other,0.1568,1224.97,9.85827,5.27,711,6999.75,2517,39.9,1,1,0,0
1,major_purchase,0.1383,186.75,9.601604,3.88,731,7632.8,7907,73.7,1,0,0,0
1,small_business,0.1867,145.86,11.638876,23.84,709,6497.21,38208,24.8,4,0,0,0
1,home_improvement,0.1324,872.07,11.663468,14.21,747,4390.07,1287,76.6,3,1,0,0
1,debt_consolidation,0.1439,288.27,11.086523,17.29,692,8221.52,5641,67.7,0,0,0,0
1,all_other,0.1982,506.98,11.169252,10.45,660,4613.59,352410,62.0,1,1,0,0
1,credit_card,0.1056,556.24,11.474759,11.86,785,7639.08,619,7.9,2,0,0,0
1,educational,0.1693,114.46,11.463389,7.74,687,1210.43,1832,45.3,0,0,1,0
1,debt_consolidation,0.1913,892.5,10.744448,14.8,688,8313.46,17739,73.2,1,0,0,0
1,debt_consolidation,0.1426,253.29,11.513069,18.34,707,2831.14,840,30.9,1,0,0,0
1,debt_consolidation,0.1525,1217.58,10.718651,13.95,713,1434.94,8869,0.0,1,0,0,0
1,debt_consolidation,0.154,218.38,11.078566,19.92,695,1812.32,159035,27.4,3,0,0,0
0,home_improvement,0.159,1149.03,11.052014,17.17,709,5567.15,4018,19.5,3,2,0,1
1,debt_consolidation,0.1554,1222.56,10.405742,5.37,708,10774.83,2610,29.4,1,0,0,0
1,debt_consolidation,0.1712,277.3,10.476778,11.6,717,4569.81,808,5.1,2,0,0,1
0,credit_card,0.184,348.04,12.292806,9.51,620,4779.22,2672,69.5,4,1,0,0
1,debt_consolidation,0.1494,304.08,10.38595,17.8,781,6981.05,7446,64.6,1,0,0,0
1,debt_consolidation,0.1907,1162.75,11.155675,15.78,704,3620.5,332866,20.7,0,0,0,0
1,all_other,0.1511,430.58,11.283677,13.48,732,4685.94,8114,34.4,0,0,0,0
0,all_other,0.1635,561.1,10.896928,19.59,658,4188.66,8754,21.7,2,0,0,0
1,educational,0.1632,349.36,11.339609,0.0,692,9978.18,10118,61.1,1,0,0,0
1,credit_card,0.1651,538.99,11.13068,8.44,684,5249.06,2707,17.9,4,0,0,0
1,educational,0.1661,564.89,10.399147,9.02,766,6931.61,250,22.2,2,0,0,0
1,debt_consolidation,0.1637,254.55,11.257459,14.34,688,3279.48,110071,49.9,3,0,0,0
1,credit_card,0.1705,1248.72,10.597729,16.41,739,2212.6,28730,22.4,1,0,0,0
1,all_other,0.1694,337.86,11.991808,12.59,685,6719.73,64643,95.6,1,1,1,0
1,credit_card,0.1645,795.82,11.191766,3.53,693,5692.08,15925,26.1,1,0,0,0
1,all_other,0.1529,157.41,10.502906,15.41,701,7635.2,69848,68.2,1,0,0,0
1,debt_consolidation,0.1286,593.69,11.138797,13.48,759,2843.08,926,72.6,2,0,0,0
0,debt_consolidation,0.2061,863.79,10.365839,2.47,638,4828.91,11862,6.3,3,0,0,1
1,home_improvement,0.1638,465.69,11.087245,10.56,660,1839.23,24975,39.4,1,0,1,0
0,home_improvement,0.2084,873.22,10.792324,15.18,636,3823.92,90183,21.7,1,0,0,1
1,debt_consolidation,0.2032,248.85,10.425609,24.01,669,1446.59,21288,73.2,1,1,0,0
1,all_other,0.158,533.8,10.417941,5.09,679,4349.09,21315,44.8,1,0,0,0
0,credit_card,0.2075,141.64,12.41531,18.05,649,8329.61,15705,72.8,0,0,0,0
1,all_other,0.1895,444.58,10.985749,5.17,682,2914.6,1027,94.3,0,0,0,0
0,debt_consolidation,0.2079,235.89,10.666639,3.83,633,2883.17,4231,97.1,3,0,0,1
1,small_business,0.1757,374.61,10.561,4.24,671,4642.57,4878,15.9,1,0,0,0
1,all_other,0.1328,971.68,11.217411,16.77,756,4599.75,41483,12.8,0,0,0,0
1,credit_card,0.1467,1207.64,10.540517,13.5,725,6985.18,24886,12.8,1,0,0,0
1,credit_card,0.1946,164.43,10.262283,10.43,717,1812.46,121755,79.9,2,0,0,1
1,credit_card,0.1728,936.05,10.910227,15.76,672,180.0,23883,68.8,1,1,0,0
0,debt_consolidation,0.1783,1050.49,10.905619,12.88,652,5218.79,7776,66.7,0,0,0,1
1,major_purchase,0.1523,477.46,10.675609,13.36,667,9286.67,85139,62.9,0,0,0,0
1,debt_consolidation,0.1374,963.61,10.386312,10.51,708,4575.3,1494,35.1,1,0,0,0
1,home_improvement,0.1274,274.61,10.691507,5.51,743,6049.97,6868,49.6,0,1,0,0
1,small_business,0.1628,269.42,10.643521,24.27,744,4861.14,2404,56.7,0,0,0,0
1,credit_card,0.1166,253.06,10.558898,22.26,734,6923.84,1820,50.3,2,1,0,0
1,all_other,0.1552,629.6,11.098665,23.57,682,4324.05,1922,28.2,2,0,0,0
1,debt_consolidation,0.1182,338.51,12.287999,8.88,711,4875.79,3796,93.7,1,0,0,0
1,all_other,0.1893,242.69,11.742377,7.89,698,9155.4,14832,12.2,2,0,0,0
1,all_other,0.1616,241.48,12.114571,9.74,702,7920.18,6242,34.9,0,0,0,0
1,debt_consolidation,0.1275,367.54,10.583708,20.01,787,3330.63,16574,89.4,1,0,0,0
0,debt_consolidation,0.1643,213.51,11.95156,12.6,643,3395.9,15582,74.0,3,0,0,0
1,educational,0.1832,634.15,11.068638,8.85,701,3569.89,260,10.2,1,0,0,0
1,debt_consolidation,0.1653,894.32,11.531682,15.11,756,2250.37,14009,0.0,0,1,0,0
0,debt_consolidation,0.1824,784.47,11.209199,7.52,654,3679.2,3294,17.1,3,1,0,0
1,debt_consolidation,0.1571,1225.49,10.720607,3.25,686,4756.26,790,50.5,0,0,0,0
1,all_other,0.1759,524.2,11.368894,13.49,690,3126.45,15715,48.8,1,0,0,0
1,all_other,0.1742,1255.17,11.225808,9.04,702,6338.62,12111,46.0,3,0,0,0
0,home_improvement,0.2008,462.82,9.851406,12.51,649,876.09,13843,63.7,0,1,0,0
1,all_other,0.1588,315.92,10.854284,0.0,733,2110.22,33174,47.8,1,1,0,0
1,debt_consolidation,0.1639,420.28,11.462167,6.44,735,6707.81,3676,74.7,2,0,0,0
1,all_other,0.1335,416.14,11.099227,12.29,729,9812.31,2235,69.0,1,0,0,0
1,debt_consolidation,0.189,367.2,11.216377,2.14,677,5692.18,10245,0.0,1,1,0,0
1,home_improvement,0.1455,176.59,10.471631,2.37,713,2974.46,5221,49.6,3,0,0,1
1,debt_consolidation,0.121,183.29,11.086288,12.87,676,2277.22,820444,40.8,2,0,0,0
1,debt_consolidation,0.1525,841.12,10.871231,17.44,697,4121.88,8475,54.9,3,0,0,0
1,all_other,0.1079,640.12,10.805894,6.45,792,8226.44,10397,40.0,1,0,0,0
1,debt_consolidation,0.1589,1228.6,10.515654,10.79,714,6345.57,2529,0.3,0,0,0,0
1,all_other,0.1929,305.79,11.488066,10.95,665,1967.41,1933,60.3,1,0,0,0
1,all_other,0.1566,272.34,11.140736,1.82,717,5965.87,700,67.2,3,0,0,0
0,major_purchase,0.219,186.61,11.079174,20.77,659,8646.79,5862,0.0,1,0,0,0
1,debt_consolidation,0.1661,812.23,12.180979,11.34,664,8012.07,7062,97.1,1,0,0,1
1,all_other,0.1341,198.53,11.219017,11.41,670,8386.38,56534,74.2,2,0,0,1
1,credit_card,0.1691,381.16,11.662303,15.17,693,7060.68,6507,20.9,2,0,0,0
1,debt_consolidation,0.1288,458.11,11.096489,1.84,746,1854.46,5048,15.1,1,0,0,0
1,all_other,0.1243,122.36,10.71457,18.95,732,3041.56,14014,52.9,2,1,0,0
1,small_business,0.1559,658.63,10.283926,19.85,730,9408.87,8025,50.7,1,0,0,0
1,home_improvement,0.1591,778.87,11.077248,13.57,668,4209.75,43735,65.0,1,0,0,0
1,major_purchase,0.1517,461.34,9.305271,15.79,689,318.68,93649,61.3,0,0,0,0
1,credit_card,0.1819,373.11,11.096205,10.35,720,6575.93,8821,64.0,1,1,1,0
1,debt_consolidation,0.1692,380.83,11.122393,18.56,686,7715.17,1972,14.8,2,0,0,0
1,major_purchase,0.1555,1018.3,10.797284,6.92,699,4859.0,7384,42.9,3,1,0,1
1,debt_consolidation,0.1802,410.59,10.873657,12.38,727,6434.4,13059,57.0,1,0,0,0
1,all_other,0.1558,376.92,10.166787,12.79,697,2989.53,1074,40.1,3,1,0,0
1,credit_card,0.1272,226.99,11.775218,12.33,719,3899.23,5833,65.8,1,0,0,0
1,small_business,0.1169,50.98,10.724277,19.98,771,537.77,845,78.2,0,0,0,0
1,major_purchase,0.1575,825.48,10.337023,27.7,703,2376.13,18141,23.0,1,0,0,0
1,debt_consolidation,0.1028,353.66,11.262243,11.84,755,8651.77,1580,46.0,2,0,0,0
1,credit_card,0.123,197.7,10.997561,15.85,731,180.0,5532,31.7,2,0,1,0
0,debt_consolidation,0.1735,1253.95,10.711416,7.06,654,4091.62,7272,34.7,3,0,0,0
1,credit_card,0.1974,550.92,10.64694,19.72,668,3725.61,1187,0.0,1,0,0,0
1,credit_card,0.1961,350.03,10.92656,9.03,678,6546.2,10001,59.0,1,0,0,0
1,debt_consolidation,0.1835,810.44,11.750948,30.0,678,180.0,1659,119.0,4,0,0,0
1,home_improvement,0.1572,495.56,11.216423,1.07,707,3151.37,100883,59.1,4,0,0,0
1,all_other,0.1341,473.13,10.909011,27.42,733,3588.91,79197,113.4,3,0,0,0
1,all_other,0.1421,244.87,11.449985,19.44,758,6073.12,61902,84.4,0,0,0,0
1,educational,0.1861,649.28,10.946794,4.86,722,5035.86,11961,25.2,1,0,0,0
1,credit_card,0.1664,749.37,11.174947,28.6,693,919.93,16274,59.3,0,0,0,0
0,all_other,0.1822,260.02,11.022188,6.19,631,4213.07,7133,69.8,2,0,0,0
1,debt_consolidation,0.1514,100.84,11.289766,10.43,713,3116.42,22344,68.3,1,0,0,0
1,debt_consolidation,0.1501,737.43,10.659072,3.65,711,6218.76,130084,26.1,2,0,1,0
1,debt_consolidation,0.1637,600.15,10.235001,11.59,717,4444.63,1977,53.1,0,0,0,0
1,debt_consolidation,0.1046,640.63,11.483177,12.24,790,9431.44,19169,95.5,3,0,0,0
1,debt_consolidation,0.1429,387.71,11.848006,18.33,757,3400.16,612,1.9,1,0,0,0
1,all_other,0.1538,747.88,10.263953,29.42,740,3640.32,4898,77.0,3,0,0,0
1,credit_card,0.1794,250.17,11.039368,9.06,673,3729.81,8575,81.3,0,1,0,1
1,debt_consolidation,0.1427,329.32,10.656189,0.0,691,4577.48,15758,0.0,3,0,0,0
1,all_other,0.1547,183.42,11.468861,17.07,706,7164.47,27984,28.8,1,1,0,0
1,major_purchase,0.1584,862.69,11.080454,8.8,681,3954.49,77065,39.0,0,0,0,0
1,debt_consolidation,0.1459,364.84,12.959758,25.15,729,4071.35,1008,72.4,0,0,0,0
1,credit_card,0.1363,437.4,10.746126,12.36,724,5952.58,38118,47.2,2,0,0,0
1,debt_consolidation,0.1992,549.93,11.867748,7.36,669,2694.12,169969,31.0,3,0,0,0
0,all_other,0.1394,316.07,11.927125,5.61,755,6636.78,5215,49.3,5,1,1,0
1,credit_card,0.1217,647.66,11.255494,16.9,714,4115.16,4270,59.6,0,1,0,0
0,debt_consolidation,0.159,1225.71,10.952621,10.7,644,2802.98,13249,42.3,0,1,0,0
0,debt_consolidation,0.1809,786.05,10.987851,22.73,708,462.13,8590,94.1,6,0,0,0
1,small_business,0.1623,115.47,10.936225,11.15,721,2304.81,7717,48.0,2,0,0,1
1,debt_consolidation,0.1315,398.84,11.621313,22.36,747,4543.45,108651,68.5,1,0,0,0
1,credit_card,0.1843,443.46,10.397692,3.08,697,4829.04,490411,16.3,3,0,0,0
1,all_other,0.1389,890.54,10.8318,0.6,741,4349.53,6498,57.5,2,1,0,0
1,debt_consolidation,0.1288,250.51,10.757867,18.32,717,1360.35,442203,32.3,1,0,0,0
1,credit_card,0.1558,184.54,9.877021,9.4,660,4530.46,6192,32.3,1,0,0,0
0,all_other,0.1928,722.42,11.453938,10.78,656,1177.41,36705,91.7,1,1,0,0
1,debt_consolidation,0.1771,388.58,11.578381,5.62,753,1885.24,2052,27.9,1,0,0,0
1,major_purchase,0.1524,245.85,10.543127,5.11,755,7772.78,2661,32.1,0,1,0,0
1,all_other,0.1429,312.89,11.558381,16.99,722,4722.13,6498,0.0,2,0,0,0
1,credit_card,0.1257,136.41,9.963969,12.47,767,6114.95,41364,21.3,0,0,0,0
0,debt_consolidation,0.1389,420.45,10.944612,5.28,750,8560.6,15250,0.0,6,0,0,0
1,debt_consolidation,0.1038,286.91,10.852982,18.05,736,4836.47,787,81.2,4,0,0,0
0,credit_card,0.1721,567.98,10.983527,20.71,675,7381.62,1295,57.7,5,1,0,0
1,credit_card,0.1379,322.91,10.980353,11.85,776,5947.85,689,70.4,0,0,1,1
1,debt_consolidation,0.1824,406.74,10.883005,19.52,730,3180.96,18169,60.5,0,0,0,0
1,credit_card,0.1845,289.31,10.693459,5.69,695,4617.78,13838,19.2,0,0,0,0
1,all_other,0.2057,342.8,10.863689,16.58,685,3100.22,13420,70.7,0,0,1,1
1,debt_consolidation,0.185,180.56,11.761565,13.72,720,6506.69,13195,41.4,2,0,0,0
0,home_improvement,0.2126,851.79,10.576981,7.14,646,7470.78,3248,63.8,2,1,0,0
1,all_other,0.1443,365.31,12.305757,26.77,737,1559.68,14320,0.0,1,0,0,0
1,all_other,0.179,98.12,10.54255,14.21,674,2779.34,108261,12.4,1,0,0,0
1,credit_card,0.1162,119.1,11.076436,8.52,724,4082.99,27146,26.6,0,0,0,0
1,all_other,0.1675,803.41,11.278436,12.74,690,2938.83,1680,55.9,3,0,0,0
1,major_purchase,0.1717,379.24,10.752029,6.6,700,4390.83,6394,1.3,1,0,0,1
1,home_improvement,0.1633,380.98,11.773242,4.62,681,5884.15,3998,112.9,0,0,0,1
1,debt_consolidation,0.1278,366.69,11.262579,9.5,704,8191.91,44783,83.6,1,0,1,0
1,all_other,0.1552,537.26,10.80501,9.97,782,3712.68,2013,84.7,1,0,0,0
1,major_purchase,0.1402,1091.72,11.766472,7.05,763,3596.06,14607,88.7,3,0,0,0
1,small_business,0.1995,554.72,10.31055,21.23,723,5906.39,6307,62.8,2,1,0,0
1,debt_consolidation,0.1712,484.4,10.585055,7.32,709,4846.67,3146,14.3,0,0,0,0
1,debt_consolidation,0.1689,261.03,11.273168,6.17,742,1077.92,15223,60.3,2,0,1,0
1,debt_consolidation,0.1598,130.57,11.418895,4.42,753,2818.11,7665,32.7,3,0,0,1
1,small_business,0.1717,544.88,11.126799,3.75,678,4097.34,35944,40.3,2,0,0,0
1,major_purchase,0.1471,557.0,10.852413,19.69,707,6913.95,5004,71.8,1,0,0,0
0,home_improvement,0.1784,851.95,10.776619,14.38,641,7743.62,1647,30.7,4,0,0,0
1,debt_consolidation,0.1172,1157.83,11.620155,17.36,753,2314.64,7850,29.1,2,0,0,0
1,small_business,0.1711,173.41,11.076641,19.63,788,3040.56,16319,74.9,0,0,0,0
1,debt_consolidation,0.1554,248.59,10.397934,10.3,713,7122.08,29046,23.3,0,0,0,0
0,all_other,0.2015,650.29,10.36276,22.76,629,3809.24,8119,38.0,0,0,0,1
1,debt_consolidation,0.1189,363.03,11.853211,8.27,733,5856.32,42144,44.6,1,0,0,0
1,all_other,0.1876,1097.6,10.491555,5.04,676,4484.97,1279,63.8,3,0,0,0
1,all_other,0.159,335.34,11.096366,15.18,685,5040.71,52448,68.2,0,0,0,1
1,debt_consolidation,0.1703,1248.37,11.754053,13.6,734,3924.61,27188,27.7,1,0,0,0
1,debt_consolidation,0.1377,387.51,11.260685,13.59,720,7751.33,5380,0.0,0,0,0,0
1,home_improvement,0.1911,1254.77,10.467838,19.61,691,1080.77,58517,84.1,1,0,0,0
1,debt_consolidation,0.186,73.96,10.310427,13.33,685,3967.61,17997,0.0,3,1,0,0
1,all_other,0.1443,528.67,12.070632,14.76,715,7518.64,84429,58.8,0,0,0,0
1,debt_consolidation,0.1915,408.38,10.29489,21.98,694,4425.21,3156,45.6,2,0,0,1
1,debt_consolidation,0.1978,93.6,10.592506,14.44,668,4667.53,3669,54.6,2,0,0,0
0,debt_consolidation,0.1715,386.62,11.157227,16.01,697,7339.01,26359,55.9,6,0,0,1
1,credit_card,0.1302,155.0,10.796484,2.82,723,6096.65,12182,40.1,1,1,0,1
1,all_other,0.1751,272.99,11.280021,30.0,703,7049.66,1093,44.6,2,0,0,0
0,debt_consolidation,0.1815,490.63,10.034659,1.62,656,7926.64,217979,56.7,2,0,0,0
1,home_improvement,0.1398,342.92,10.801656,8.88,748,1324.48,180400,54.7,1,0,0,0
0,debt_consolidation,0.2015,522.72,11.34339,8.67,612,3787.42,14858,0.0,3,0,0,0
1,credit_card,0.1629,431.02,11.345455,27.15,693,2869.31,3644,45.0,4,0,1,0
1,debt_consolidation,0.1494,1212.26,10.580804,8.46,686,5734.56,3779,70.2,4,0,0,1
1,major_purchase,0.1229,437.41,10.306757,15.65,716,7520.68,20310,26.1,2,1,0,0
1,debt_consolidation,0.112,388.56,11.060365,8.72,731,180.0,108925,60.4,1,0,0,0
1,all_other,0.1425,503.71,10.129398,5.42,753,959.58,753416,76.6,0,0,0,0
1,all_other,0.1196,356.48,11.713405,16.54,683,180.0,6753,49.7,1,0,0,1
1,all_other,0.1605,126.98,11.026019,7.64,732,2750.24,6188,50.6,4,0,0,0
1,home_improvement,0.1629,626.67,10.504945,14.03,717,4977.26,8395,7.7,3,0,0,0
0,debt_consolidation,0.1791,974.81,10.286754,16.92,645,8908.6,21031,44.3,1,0,0,0
1,all_other,0.144,1116.73,10.543835,25.76,782,1583.92,2787,61.4,4,0,0,0
0,small_business,0.1904,649.98,9.977222,3.89,655,10831.95,1236,34.3,1,2,0,1
1,small_business,0.1721,324.02,11.231815,11.55,726,6153.37,7535,35.8,0,0,0,0
1,all_other,0.11,430.46,10.440264,11.83,725,6244.68,17959,62.1,1,0,0,0
1,all_other,0.1066,1140.23,11.1738,12.61,720,6624.41,169874,57.3,1,0,0,0
1,credit_card,0.1597,328.61,11.257903,30.0,691,1300.49,1945,60.5,3,0,0,0
1,credit_card,0.1504,164.53,11.519258,11.4,741,3354.33,66640,1.5,3,0,0,0
0,small_business,0.2165,1330.34,11.083627,0.0,651,2273.54,9288,59.3,1,0,0,0
1,home_improvement,0.1537,186.89,11.616393,11.23,707,6438.02,7403,0.5,2,0,0,0
1,all_other,0.1703,129.83,11.775527,11.78,689,2554.68,913,39.2,1,0,0,0
0,all_other,0.1833,496.69,11.087511,10.94,684,4279.24,20477,103.2,5,0,0,1
1,all_other,0.1461,502.0,11.124301,7.64,726,3146.68,16982,63.4,2,0,0,0
1,debt_consolidation,0.1492,521.91,10.589941,3.48,751,8382.32,411853,56.5,1,0,0,0
0,home_improvement,0.1392,690.53,10.327549,27.5,697,3287.21,7238,22.7,6,0,0,0
1,all_other,0.1093,319.46,11.712065,14.8,740,2057.03,131358,91.7,0,0,0,0
1,debt_consolidation,0.1443,339.28,11.299504,11.27,712,6010.88,6716,56.0,1,0,1,1
1,credit_card,0.1867,267.21,11.348966,27.28,676,4651.03,6331,0.0,1,0,0,1
1,debt_consolidation,0.1462,415.04,10.569667,6.61,700,8316.99,743,27.3,1,0,0,0
1,debt_consolidation,0.1739,572.98,11.920592,16.76,699,5575.89,68847,54.9,1,0,1,0
1,all_other,0.1471,712.39,10.790546,3.98,684,5492.41,13635,40.5,1,0,0,0
1,credit_card,0.137,198.56,10.440877,17.78,726,7005.09,10854,78.4,1,1,0,0
1,all_other,0.1567,159.98,10.580059,4.77,719,5959.55,6875,14.3,2,0,0,0
0,debt_consolidation,0.1696,724.15,11.888427,15.85,650,6789.94,15943,52.0,1,0,0,1
0,all_other,0.1743,270.9,10.252261,26.08,647,6580.41,3506,28.8,0,0,1,0
1,debt_consolidation,0.0965,176.19,10.471815,13.24,726,3990.23,22461,51.6,0,0,0,0
1,major_purchase,0.1866,109.29,12.698091,0.0,679,1807.87,2375,31.1,4,0,0,0
1,debt_consolidation,0.1486,1013.52,11.504033,12.85,721,4367.8,8828,48.7,1,0,0,1
1,small_business,0.1385,452.44,10.482836,15.92,740,180.0,24241,90.8,4,0,0,1
1,debt_consolidation,0.2142,607.17,10.270317,18.82,662,2967.95,104004,1.2,0,0,0,0
0,debt_consolidation,0.1644,525.54,9.909655,22.77,656,3823.47,15302,106.7,2,0,0,0
1,all_other,0.1168,419.64,10.98924,23.12,774,8055.75,87084,119.0,3,0,0,0
1,credit_card,0.1308,363.02,11.374092,11.7,723,4432.66,10721,32.4,0,0,0,1
1,major_purchase,0.1852,379.17,11.856467,8.05,694,9196.58,2450,87.6,0,0,0,0
1,all_other,0.2003,205.23,9.77467,4.88,675,5990.61,305759,73.0,4,0,0,0
1,debt_consolidation,0.1911,116.7,10.121517,8.87,691,737.88,9092,69.3,2,0,0,0
1,debt_consolidation,0.2026,1305.37,10.857074,15.89,665,7680.97,49755,24.9,3,0,0,0
1,all_other,0.1287,377.77,12.630479,3.29,744,7421.22,4051,19.6,1,0,0,0
1,debt_consolidation,0.2028,300.4,11.470401,6.2,680,620.72,25164,33.1,4,0,0,0
1,small_business,0.1481,215.86,11.157408,16.48,752,6629.36,18982,34.7,2,0,0,0
1,all_other,0.1318,770.35,10.182797,8.14,695,8426.03,10935,11.3,3,1,0,0
1,credit_card,0.1654,428.78,9.636809,15.15,670,180.0,281099,24.2,2,0,0,1
1,home_improvement,0.1696,212.97,10.953698,6.98,694,2122.71,21720,76.2,2,0,0,0
0,debt_consolidation,0.1871,322.89,10.869385,14.59,612,7192.8,6041,91.8,0,0,0,0
1,all_other,0.1611,478.92,10.766637,7.27,705,4376.77,135735,20.7,3,1,0,0
1,small_business,0.1843,303.48,10.697935,0.0,704,8528.55,603,117.8,1,0,0,0
1,all_other,0.1502,671.04,10.473504,19.2,741,7202.98,1061,5.4,1,0,0,0
0,all_other,0.2014,1303.22,10.333638,7.8,638,6923.04,44715,12.6,1,0,0,0
1,small_business,0.1475,281.2,11.7776,10.88,754,7770.25,15722,0.0,3,0,0,0
1,debt_consolidation,0.1274,300.78,10.389218,7.83,741,2804.27,4563,0.0,1,0,0,0
1,small_business,0.1199,203.19,10.76155,16.36,758,4077.44,20487,80.1,4,0,0,1
1,debt_consolidation,0.155,342.95,10.906162,14.9,708,9717.57,60247,33.0,1,0,0,0
1,all_other,0.1276,93.12,11.360831,16.34,749,3976.59,2017,45.6,1,0,0,0
0,debt_consolidation,0.1787,852.11,10.410383,8.81,654,7588.23,9508,36.4,1,0,1,0
1,all_other,0.1023,139.17,11.526621,12.26,737,4357.98,11633,8.0,3,0,0,0
1,debt_consolidation,0.1386,212.17,10.576404,15.48,681,2937.22,17855,0.0,1,0,0,0
0,debt_consolidation,0.1944,427.76,10.831243,23.26,647,2385.17,30662,0.0,3,0,0,1
1,all_other,0.1425,983.94,11.93229,14.72,667,6235.65,469,36.1,1,1,0,1
1,debt_consolidation,0.1521,209.13,10.338771,5.68,710,8113.58,25794,56.2,1,0,0,1
1,all_other,0.1532,334.23,11.369752,14.45,679,6076.83,516,16.0,2,0,0,0
0,debt_consolidation,0.1317,453.71,11.542813,11.46,724,5489.87,10309,0.0,6,0,0,0
0,debt_consolidation,0.1887,250.12,11.119038,0.0,641,1983.39,2022,69.7,1,0,0,0
0,debt_consolidation,0.1929,369.99,10.858306,0.0,629,4857.18,14981,73.6,2,1,1,1
1,all_other,0.1434,123.38,12.226679,12.14,762,5306.08,31729,1.7,3,0,0,0
1,debt_consolidation,0.1186,250.59,10.921554,12.72,744,2655.4,11986,7.6,1,1,0,0
1,debt_consolidation,0.1562,905.1,11.054487,10.57,670,5940.71,3847,64.9,3,1,0,1
1,all_other,0.1784,698.36,10.724719,18.7,710,3133.21,1332,0.0,1,0,0,0
1,credit_card,0.1339,271.65,11.02216,6.15,749,3874.67,10310,2.4,1,1,0,0
1,credit_card,0.156,188.16,11.518112,3.04,726,6790.32,5702,84.7,1,0,0,0
1,debt_consolidation,0.1433,323.71,10.762064,6.9,716,8854.52,18740,27.0,1,0,0,0
0,small_business,0.1611,138.25,9.643796,8.39,752,8636.72,5492,43.6,1,2,0,0
1,all_other,0.1187,315.96,11.243278,12.2,682,4504.98,103096,8.1,1,0,0,0
1,all_other,0.1785,296.15,10.272216,7.1,711,6232.33,11786,75.7,3,0,0,0
1,debt_consolidation,0.1472,276.28,11.382545,0.0,709,6448.67,47624,40.0,2,0,0,0
1,debt_consolidation,0.1354,336.45,10.929192,0.0,700,6433.97,4922,71.8,4,1,0,0
1,all_other,0.1414,545.42,11.505297,13.45,695,5183.03,35458,26.9,3,0,0,0
1,debt_consolidation,0.1493,183.08,10.35151,4.81,713,8106.36,29682,8.9,0,0,0,0
1,credit_card,0.1532,744.61,10.603515,0.0,711,3334.65,3681,38.6,0,0,0,0
1,debt_consolidation,0.1767,865.3,10.722578,16.91,670,2015.47,996,17.5,0,1,0,0
1,debt_consolidation,0.1185,1159.99,10.025808,23.26,740,5753.69,83218,26.9,2,0,0,0
1,debt_consolidation,0.19,493.37,11.607966,11.95,673,4091.0,5586,17.3,0,0,0,0
1,debt_consolidation,0.149,1061.77,9.938492,14.45,702,9662.56,3890,5.1,2,0,0,0
1,all_other,0.1494,750.43,11.599361,14.51,699,3707.1,6765,64.4,1,0,0,0
1,debt_consolidation,0.1451,430.25,11.188883,0.0,724,7455.79,2405,55.7,1,0,0,0
0,all_other,0.2056,174.74,10.808691,18.73,629,6055.11,29972,12.7,3,0,0,0
1,debt_consolidation,0.1399,699.49,11.140521,21.16,744,1373.88,10782,93.6,2,0,0,0
1,all_other,0.1568,452.77,11.123817,25.27,684,6356.17,11894,20.4,2,0,0,0
1,major_purchase,0.1287,1177.1,10.685739,9.58,756,3243.48,67606,66.3,3,1,0,0
1,small_business,0.2034,685.66,11.111871,4.77,692,10879.77,12831,0.0,3,0,0,0
1,all_other,0.1779,825.63,11.376022,21.97,708,2900.23,136068,33.4,2,0,0,0
1,all_other,0.1304,246.0,10.353744,16.04,783,2567.27,10597,0.0,0,0,0,0
1,credit_card,0.1638,458.8,11.141179,18.64,699,180.0,983,16.7,0,0,1,0
1,major_purchase,0.181,103.01,9.327942,8.14,757,2959.75,2648,53.8,1,0,0,0
1,all_other,0.1647,570.67,9.752944,14.47,711,6690.37,3416,50.4,2,0,0,0
1,debt_consolidation,0.1523,892.18,11.274361,5.33,726,2295.9,13101,19.6,0,0,0,0
1,credit_card,0.1505,1005.3,10.675124,12.56,713,6161.85,124908,43.2,4,0,0,0
1,debt_consolidation,0.1486,295.17,10.409403,10.2,742,5520.0,14792,50.7,1,0,0,0
1,credit_card,0.1067,100.12,10.897654,28.77,684,2435.95,7588,23.4,3,0,0,0
1,debt_consolidation,0.1931,276.38,10.688469,16.39,673,4577.52,6734,61.5,4,0,0,0
1,debt_consolidation,0.1413,354.67,10.326949,0.0,686,2521.14,26179,45.9,3,0,0,1
1,home_improvement,0.1397,497.48,9.93018,12.59,714,7022.38,21264,26.2,4,1,0,0
1,credit_card,0.1315,89.22,9.729424,15.14,702,320.24,39196,94.9,1,0,0,0
1,all_other,0.129,342.05,11.380663,9.33,737,6717.87,3548,30.3,1,0,0,0
1,home_improvement,0.1266,177.41,10.672275,4.99,760,3070.25,400837,10.8,1,0,0,0
1,small_business,0.2053,1127.08,11.521425,17.16,673,5166.41,6303,70.5,0,0,0,0
1,all_other,0.1943,78.67,10.666083,5.97,682,6039.64,3958,60.0,2,0,0,0
0,educational,0.2195,848.13,11.146532,16.57,655,5227.8,73971,0.0,3,1,0,0
1,debt_consolidation,0.1233,326.46,10.853503,5.38,787,10029.39,46353,0.0,0,0,0,0
1,debt_consolidation,0.1461,89.98,10.957113,8.92,722,3830.62,3904,55.7,0,0,0,0
1,home_improvement,0.1634,1236.38,10.986752,19.2,728,1453.53,32356,21.4,2,0,0,0
0,all_other,0.1618,992.03,10.658119,15.98,659,10307.1,5532,50.7,2,0,0,0
1,small_business,0.1516,911.64,10.179931,12.82,710,5803.55,21381,30.4,1,1,0,0
1,debt_consolidation,0.14,399.02,11.39734,12.39,729,5260.57,15922,57.3,3,0,1,0
1,debt_consolidation,0.1597,240.22,11.902064,13.22,700,10483.85,642552,63.8,2,1,0,0
1,debt_consolidation,0.0961,367.3,11.942121,7.14,751,1613.74,101168,0.0,0,1,0,0
1,all_other,0.1376,546.01,10.592505,2.13,798,4679.4,60269,12.7,1,1,0,0
1,home_improvement,0.1769,269.34,10.482766,16.53,674,2176.53,37231,88.2,4,0,0,1
1,debt_consolidation,0.1894,219.76,10.591888,23.16,671,4619.62,1472,54.7,1,0,0,0
1,debt_consolidation,0.1393,527.43,10.822739,16.77,677,1316.07,14706,62.1,1,0,0,0
1,debt_consolidation,0.1151,413.63,10.897999,14.35,771,5123.25,5420,109.3,2,0,0,0
1,debt_consolidation,0.1236,698.24,10.321264,4.26,750,4943.15,10076,76.4,2,0,0,0
1,all_other,0.1541,1107.54,10.027361,18.65,705,4816.22,12551,45.4,2,0,0,0
1,credit_card,0.1548,695.2,10.960465,15.92,711,180.0,704,9.3,1,0,0,0
1,debt_consolidation,0.1872,178.28,8.77645,17.85,679,6825.96,6945,81.8,1,0,0,0
1,all_other,0.1426,371.82,10.868599,19.73,744,4331.78,13404,82.5,3,0,0,0
1,all_other,0.1474,495.32,10.353704,23.54,696,11480.9,48079,50.8,0,0,0,0
1,debt_consolidation,0.2042,720.37,11.405894,4.91,700,3737.25,3122,100.8,2,0,0,0
1,debt_consolidation,0.1402,681.82,11.569057,3.71,733,3325.42,3089,55.2,3,0,0,0
1,all_other,0.1409,359.41,11.58346,13.62,703,5320.65,2777,48.9,3,0,1,0
1,debt_consolidation,0.1222,258.55,10.718667,6.23,701,1834.11,6575,81.8,2,1,0,0
1,debt_consolidation,0.1577,776.59,10.237562,5.04,710,7984.34,1800,61.3,1,0,0,0
1,debt_consolidation,0.1562,498.23,10.433099,21.02,740,2587.42,91401,69.1,2,0,0,0
1,credit_card,0.1048,432.82,11.105443,5.64,773,2857.51,37853,0.0,1,0,0,0
1,debt_consolidation,0.1585,234.32,9.926023,12.52,732,7033.63,842470,57.4,2,0,0,0
1,home_improvement,0.1436,1202.35,11.780065,1.34,741,5589.62,4674,32.5,1,1,0,0
1,all_other,0.124,434.98,10.728316,13.03,702,5541.82,43337,30.6,3,0,0,0
1,all_other,0.1806,372.43,11.235106,20.76,683,1660.62,1569,40.1,0,0,0,0
1,credit_card,0.1393,444.61,9.84333,20.97,735,7488.28,114837,26.8,2,0,0,0
1,debt_consolidation,0.1302,336.2,10.365151,19.81,717,2481.82,7760,67.8,0,0,0,0
0,debt_consolidation,0.1993,164.76,9.767536,12.06,656,747.39,9559,11.9,0,1,0,1
1,debt_consolidation,0.1801,487.46,11.552926,20.27,698,5984.19,84179,0.0,2,0,0,0
1,credit_card,0.1343,134.23,10.832275,15.57,707,4522.8,76368,42.6,1,0,0,0
1,all_other,0.1703,419.33,11.278496,9.57,691,4462.05,2280,85.5,1,0,0,0
1,home_improvement,0.1348,121.65,10.968682,15.23,766,6732.86,9232,31.6,3,0,0,0
1,all_other,0.1464,83.5,11.21577,18.71,728,4260.74,106925,39.1,3,1,0,0
0,all_other,0.1222,559.75,10.72416,3.44,762,686.99,6071,38.4,0,2,0,0
1,debt_consolidation,0.1484,174.72,10.805837,5.28,720,4210.73,17845,119.0,1,0,0,0
1,debt_consolidation,0.1733,530.92,10.874043,11.61,713,5779.66,25871,74.2,1,0,1,1
1,home_improvement,0.1803,445.38,11.177435,4.17,674,5505.61,104226,29.5,2,0,0,0
1,debt_consolidation,0.1173,401.08,11.193592,4.07,710,4612.28,31839,40.9,2,0,0,0
1,small_business,0.128,236.93,12.644976,9.7,710,11087.61,7409,24.1,4,0,0,1
0,debt_consolidation,0.1422,342.14,11.955777,19.44,658,9209.14,473,100.9,0,0,0,0
0,all_other,0.1382,235.53,9.844957,19.31,689,2058.0,33714,2.3,7,0,0,0
1,debt_consolidation,0.1462,730.69,10.842706,14.82,698,1636.5,14411,18.5,2,0,0,0
1,credit_card,0.1396,266.44,10.682404,13.84,726,8375.07,187473,72.6,1,0,0,0
1,debt_consolidation,0.1465,317.08,11.71088,27.0,728,7723.44,27480,96.3,1,1,1,0
1,all_other,0.1651,652.31,10.737394,8.88,688,8758.83,4418,46.4,0,0,0,0
1,major_purchase,0.1468,244.3,11.213216,14.26,728,3949.59,1489,38.9,1,0,0,0
1,all_other,0.1819,113.16,9.504392,8.54,703,4659.1,8300,48.0,3,0,0,0
0,debt_consolidation,0.1665,184.66,10.006704,3.72,612,614.3,19545,49.1,3,0,0,0
1,home_improvement,0.1707,817.36,12.206299,20.78,692,5419.82,12933,107.9,2,0,0,0
1,all_other,0.144,398.34,10.960649,10.49,751,3463.17,1452,59.6,3,0,0,1
0,debt_consolidation,0.1594,471.41,10.320939,17.39,646,3108.39,127,36.3,2,0,0,0
1,all_other,0.1648,476.18,11.078151,10.9,714,7369.36,2366,58.5,0,0,0,0
1,home_improvement,0.1364,1190.11,10.287634,21.2,770,4670.2,221,74.1,0,0,0,0
1,all_other,0.1681,90.99,10.757142,5.72,681,7122.02,2274,19.5,1,0,0,0
1,credit_card,0.1075,326.27,10.043903,20.63,710,4790.22,16097,54.4,1,0,0,1
1,credit_card,0.1977,413.83,10.44888,18.77,660,6430.42,110609,47.7,1,0,0,0
1,all_other,0.1325,364.65,10.676035,0.22,772,1778.71,218,13.6,1,0,0,0
1,debt_consolidation,0.1653,678.0,11.613627,9.03,707,2592.54,2121,34.7,1,0,0,0
1,credit_card,0.0872,617.09,11.213068,19.64,712,6193.4,20589,33.0,4,0,0,0
1,debt_consolidation,0.1223,313.32,11.3195,23.9,761,9291.2,5319,32.6,1,0,0,0
1,debt_consolidation,0.116,110.7,10.914277,17.54,735,6225.82,14189,101.3,0,1,0,1
1,debt_consolidation,0.1966,1294.67,11.431938,9.86,677,5098.56,20001,47.6,3,0,1,0
1,small_business,0.16,382.87,10.397153,5.92,685,8815.76,5660,57.1,2,0,0,0
1,debt_consolidation,0.1769,418.6,10.483049,16.51,729,4514.79,75170,66.0,0,0,0,0
1,debt_consolidation,0.1858,964.51,11.178631,9.66,686,3068.6,533047,45.1,1,0,0,0
0,debt_consolidation,0.1963,307.11,10.75972,9.95,630,5077.21,1983,34.1,1,0,0,0
1,debt_consolidation,0.1795,976.03,10.921554,11.05,708,5991.9,48198,90.2,1,1,0,0
0,educational,0.1622,311.24,10.829877,18.68,654,1894.4,318865,90.4,1,0,0,0
1,all_other,0.1131,1151.0,11.694605,25.06,771,5382.72,110796,73.3,2,1,0,0
1,credit_card,0.1712,537.25,11.726387,19.69,717,749.29,3632,43.8,0,0,0,0
1,credit_card,0.1524,237.12,10.548039,12.67,676,4308.73,6470,57.2,3,0,0,0
1,debt_consolidation,0.1415,1198.77,9.85648,6.4,683,4668.45,684,23.4,0,0,0,1
0,home_improvement,0.1819,604.44,10.495987,17.21,638,4979.41,4394,49.9,2,0,0,1
1,educational,0.1572,250.12,10.382854,24.09,668,180.0,4613,12.9,2,0,0,0
1,credit_card,0.1757,146.79,11.437366,19.52,749,5311.26,22744,70.1,4,0,0,0
1,credit_card,0.1332,603.31,11.491503,14.03,795,7244.8,1776,94.7,1,0,0,0
1,all_other,0.1318,973.59,10.301045,9.23,738,8580.17,12277,14.3,0,0,1,0
1,home_improvement,0.1372,488.22,10.469752,14.98,707,8692.35,15265,97.9,4,0,0,0
1,debt_consolidation,0.1699,491.26,10.027803,20.57,694,5123.46,5191,65.2,0,0,0,0
1,credit_card,0.1959,1203.48,11.011971,14.2,674,11256.37,41829,24.4,3,0,0,1
1,debt_consolidation,0.1266,557.54,10.902601,11.89,788,3159.8,5307,54.4,0,0,0,0
1,all_other,0.14,235.87,11.411364,7.86,703,3239.07,18412,91.6,4,1,0,0
1,small_business,0.1062,231.56,11.23325,30.0,790,5105.22,1369,82.9,1,0,0,0
1,all_other,0.1245,539.47,11.302224,6.45,763,7127.96,3148,82.0,2,1,0,1
0,debt_consolidation,0.1919,571.31,9.989379,5.81,644,6668.18,50842,36.2,2,0,0,1
1,credit_card,0.1577,820.9,10.547941,13.73,685,180.0,755,19.8,3,0,0,0
1,major_purchase,0.1873,517.05,11.508827,11.21,685,2649.32,36470,46.9,2,0,0,1
1,all_other,0.1678,625.72,10.601469,19.66,707,6977.97,6477,50.5,1,0,0,0
1,small_business,0.1765,502.1,9.937185,19.89,708,2838.41,424,40.8,0,0,0,1
1,home_improvement,0.1147,708.09,11.422874,4.22,824,4738.16,5369,29.3,0,0,0,0
1,small_business,0.1616,649.63,10.577868,7.39,669,5957.76,35409,17.7,1,0,0,0
1,debt_consolidation,0.1419,312.83,11.578209,6.56,719,6269.13,438452,67.6,3,0,0,0
1,all_other,0.1247,320.57,10.918767,18.01,733,7211.7,216436,26.5,2,0,0,0
1,home_improvement,0.1636,484.86,10.760896,15.56,710,8237.8,2468,70.4,2,0,0,1
1,small_business,0.1486,409.3,11.761546,10.04,714,6641.43,39286,38.3,1,0,0,1
1,debt_consolidation,0.1755,986.04,10.13538,14.09,670,1991.35,5343,44.2,1,0,0,1
1,debt_consolidation,0.1508,440.3,11.804875,4.83,714,6526.1,4112,12.8,0,0,0,1
1,debt_consolidation,0.1593,141.84,10.539993,7.48,729,7764.38,54696,58.6,1,0,0,0
1,credit_card,0.1266,160.34,11.029046,3.63,722,6193.73,15732,39.0,3,0,0,0
1,small_business,0.17,329.87,11.03481,13.6,732,8284.32,15828,15.8,1,0,0,0
1,all_other,0.1102,593.68,10.669457,13.58,764,5653.88,747,40.4,1,0,0,0
1,debt_consolidation,0.1204,218.79,10.465111,5.81,746,4742.52,2331,22.0,3,0,1,0
0,debt_consolidation,0.1517,599.63,10.704408,15.51,713,2942.45,2589,1.3,2,2,0,0
1,small_business,0.215,242.53,10.311117,19.89,665,10145.85,24842,68.9,1,0,0,0
1,debt_consolidation,0.1494,423.38,12.126796,5.49,687,2446.73,35278,13.7,4,0,0,0
1,debt_consolidation,0.1239,488.33,10.63651,10.35,702,5048.04,175729,60.2,2,0,1,1
1,debt_consolidation,0.1325,166.14,11.636958,16.14,720,4169.27,2427,113.3,1,0,0,0
1,home_improvement,0.1563,504.62,11.556576,12.56,692,1724.5,182536,19.8,4,0,0,0
1,all_other,0.2095,1275.95,11.151387,3.13,674,7280.43,7212,60.5,1,1,0,0
1,debt_consolidation,0.1839,346.23,10.847236,9.56,665,6307.38,12412,35.2,1,0,0,0
0,debt_consolidation,0.1692,410.95,11.048207,9.33,647,5669.94,9072,54.2,2,0,0,0
1,major_purchase,0.1571,457.31,11.279024,11.42,701,3491.56,16407,0.0,2,0,0,0
0,all_other,0.2125,440.58,10.991286,11.72,654,6468.45,33375,58.9,3,1,0,1
1,all_other,0.1682,395.59,9.974283,23.41,672,4407.22,57531,50.0,2,0,0,0
1,debt_consolidation,0.1581,369.5,9.82083,11.16,695,6262.57,7398,116.9,2,0,0,0
0,debt_consolidation,0.1707,130.3,11.850483,0.75,659,8650.35,12607,0.0,0,1,0,0
1,home_improvement,0.1635,530.61,9.322825,13.23,724,180.0,2546,33.0,2,0,0,0
1,home_improvement,0.1328,174.35,11.049368,24.66,738,7565.32,32355,60.2,1,0,0,0
1,all_other,0.1828,516.67,10.786663,11.45,689,10993.67,16742,72.5,1,0,0,0
1,small_business,0.1998,663.9,11.028089,9.58,693,9362.11,3154,43.4,2,0,0,1
1,debt_consolidation,0.1592,510.7,10.23462,10.49,730,6992.47,1496,83.7,1,0,0,0
1,small_business,0.1786,212.61,11.143913,16.63,683,8118.59,14147,48.9,2,0,0,0
1,debt_consolidation,0.1414,467.12,11.05567,10.47,680,2935.99,88472,50.9,2,0,0,0
1,debt_consolidation,0.1312,317.9,12.614217,2.14,755,5660.83,138394,0.0,2,0,0,0
1,small_business,0.1422,248.15,11.009288,7.96,744,4685.05,1381,64.0,3,0,0,0
1,small_business,0.145,1204.73,11.752423,12.15,733,3892.1,48784,91.0,0,0,0,0
1,credit_card,0.1354,198.05,10.015802,16.3,745,7530.75,39183,18.3,3,0,0,0
0,credit_card,0.1992,574.09,11.552258,8.58,635,4566.26,100285,34.2,0,1,0,0
1,home_improvement,0.1205,1057.84,11.068027,10.56,761,424.21,23409,5.9,3,0,0,0
1,credit_card,0.1217,476.1,11.094541,12.91,725,6156.16,6406,60.5,3,0,0,0
1,debt_consolidation,0.1196,236.05,11.102977,7.24,748,4990.66,38464,42.3,2,1,0,0
1,all_other,0.183,269.96,11.970866,11.97,725,6792.83,177,70.5,1,0,0,0
1,credit_card,0.166,145.85,11.085614,15.82,712,4035.71,2238,44.8,3,0,0,0
1,all_other,0.1412,399.79,10.451686,4.41,700,752.96,2721,44.2,3,0,0,0
1,small_business,0.1904,439.46,10.554278,14.71,724,2624.09,3728,45.2,2,0,0,0
1,all_other,0.1565,321.07,11.428448,5.08,698,2771.68,961,51.9,1,1,0,0
1,debt_consolidation,0.1866,1081.17,11.202948,5.21,743,2490.9,4434,47.7,2,0,0,0
0,debt_consolidation,0.1881,389.58,9.996411,8.03,650,3653.34,4511,59.3,0,0,0,0
1,home_improvement,0.1767,133.0,11.243932,22.02,689,6878.11,7175,88.4,1,0,0,1
1,debt_consolidation,0.1375,1076.85,10.269771,0.77,788,1606.91,17225,75.3,1,0,0,0
1,small_business,0.2114,184.79,11.197337,9.4,686,7267.59,1477,97.9,0,1,0,1
1,debt_consolidation,0.1512,557.23,10.438612,12.42,701,1885.66,5300,13.1,0,0,0,0
1,debt_consolidation,0.1992,652.99,10.758296,20.65,676,4107.19,9448,25.1,3,0,0,1
1,home_improvement,0.1376,362.71,10.597667,26.04,723,4970.91,563,79.2,0,1,0,0
1,debt_consolidation,0.1613,762.41,11.856537,9.69,682,4310.79,9722,17.7,2,0,0,1
1,home_improvement,0.1592,417.48,11.175127,16.32,703,6614.68,16026,94.0,0,0,0,0
1,debt_consolidation,0.1599,307.92,11.699279,11.95,742,4788.99,36786,32.2,1,1,0,0
1,all_other,0.1614,92.24,12.69608,11.9,683,4667.76,1324,42.8,1,0,0,1
1,all_other,0.1754,120.43,10.958551,14.49,740,180.0,8582,36.2,0,0,0,1
1,small_business,0.1835,1271.49,11.846214,1.66,741,6061.88,79510,47.4,2,0,0,0
1,debt_consolidation,0.1387,643.43,10.503332,12.27,750,9756.64,680,95.1,2,0,0,0
1,debt_consolidation,0.1343,920.91,11.695476,15.71,715,3830.17,10820,85.2,2,1,0,0
1,credit_card,0.1233,1168.03,10.43742,6.67,827,6711.22,957,103.8,0,0,0,0
1,educational,0.096,281.55,10.918767,15.76,750,3000.46,5501,113.2,1,0,0,0
1,home_improvement,0.1653,363.07,11.257495,0.67,722,7523.5,3017,33.7,1,0,0,0
1,home_improvement,0.1543,124.33,11.353481,13.25,677,6357.38,19907,17.7,3,0,0,0
1,all_other,0.1828,335.31,10.153743,21.86,706,4143.54,6820,51.8,2,0,0,0
1,all_other,0.1039,294.36,10.401117,11.09,764,3978.85,1419,56.5,1,0,0,0
1,small_business,0.1284,289.36,11.302985,5.85,775,6673.36,125136,4.3,0,0,0,0
1,small_business,0.1545,824.2,10.705693,2.77,766,5162.3,14543,70.0,0,0,0,0
1,home_improvement,0.1544,651.47,10.077617,15.29,740,1981.57,53048,16.8,2,0,0,0
1,home_improvement,0.165,763.25,10.886704,19.0,662,1239.86,1896,35.1,2,0,0,0
1,small_business,0.1557,168.41,10.857427,12.21,729,6530.61,5831,68.6,0,0,0,0
0,debt_consolidation,0.1961,426.88,11.037918,9.4,663,3152.28,54099,60.8,6,0,0,0
0,debt_consolidation,0.2017,536.2,11.252837,0.0,653,5148.19,3295,49.2,4,0,0,1
1,educational,0.1448,1204.39,11.214047,13.46,719,6530.23,10850,54.0,2,0,0,0
1,all_other,0.1348,416.62,10.461414,7.84,730,2053.84,9850,66.0,0,0,0,0
1,debt_consolidation,0.1132,331.92,10.679395,8.24,744,2524.46,249,29.5,0,0,0,0
1,all_other,0.1524,842.23,11.495951,23.75,729,9116.59,9798,56.5,2,0,1,0
0,all_other,0.1632,333.56,10.598657,0.17,730,4029.28,5596,46.9,4,2,0,0
1,home_improvement,0.1756,565.07,10.688994,1.09,673,7607.5,8388,51.0,4,0,0,1
1,home_improvement,0.1392,525.85,10.012396,14.2,706,11328.17,3459,80.6,2,0,0,0
0,debt_consolidation,0.2173,299.21,10.912505,9.94,653,5657.98,1391,55.3,3,0,0,1
0,all_other,0.148,241.1,11.140615,9.02,634,2904.92,2976,88.3,2,0,0,0
1,debt_consolidation,0.1609,376.62,9.724949,14.48,738,5377.57,4709,32.6,1,1,0,0
1,small_business,0.1883,295.45,10.277147,14.37,681,4588.04,28885,44.3,2,0,0,1
1,debt_consolidation,0.1504,132.92,10.062746,5.88,743,5227.84,4466,2.9,2,0,0,0
1,all_other,0.1213,603.14,11.410895,8.52,752,6852.73,13041,19.1,4,0,0,0
1,all_other,0.1637,576.23,9.763466,12.94,686,7139.03,15090,36.2,1,0,0,0
1,all_other,0.1519,226.04,10.882002,13.75,732,180.0,4603,60.7,2,0,0,0
1,all_other,0.1654,215.25,11.367896,15.93,685,8034.88,51754,32.5,2,0,0,1
0,credit_card,0.1515,534.93,11.044571,8.58,640,5744.1,6002,15.4,1,1,0,1
1,all_other,0.1879,1279.25,10.661625,14.99,715,3626.1,4457,57.0,3,0,0,0
1,debt_consolidation,0.177,804.62,11.141346,19.16,692,6895.38,64074,0.0,1,0,0,0
1,debt_consolidation,0.1642,896.42,11.562554,12.92,693,2433.84,13618,0.0,1,1,0,1
1,all_other,0.1241,295.3,10.864357,11.89,785,2550.33,238,23.2,2,0,1,0
0,debt_consolidation,0.2157,555.47,9.564248,10.97,652,7707.44,155,58.5,1,0,0,0
1,credit_card,0.1343,337.99,11.630117,8.34,725,5227.56,140015,21.7,1,0,0,0
1,debt_consolidation,0.1536,229.25,11.174161,6.13,672,8979.22,12489,49.8,0,0,0,1
1,home_improvement,0.1572,439.26,10.909823,10.54,745,3344.65,8282,68.7,2,0,0,0
1,debt_consolidation,0.1602,209.54,9.721973,15.71,721,5788.35,314,60.7,2,0,0,0
1,credit_card,0.1294,218.57,10.748032,6.46,724,6028.52,8656,97.1,1,0,0,0
1,debt_consolidation,0.1939,295.19,10.395959,12.08,674,6074.72,2023,51.7,1,0,0,1
1,all_other,0.1748,309.77,10.18807,11.28,681,6611.88,6602,88.3,3,0,0,0
1,debt_consolidation,0.1222,357.01,10.846766,24.87,745,6209.03,3410,65.1,2,1,0,1
1,all_other,0.1356,87.46,10.60306,17.59,777,5107.94,6882,35.6,1,0,1,0
1,debt_consolidation,0.1546,198.71,10.64324,17.48,728,205.98,14909,19.1,0,0,0,1
1,home_improvement,0.1694,1170.1,11.381172,18.95,676,7220.43,19860,51.7,3,0,1,0
1,all_other,0.1577,380.94,11.085899,8.83,723,180.0,9853,9.3,3,0,0,0
1,major_purchase,0.127,543.62,10.627736,22.1,802,1975.73,12972,40.7,2,0,0,0
1,credit_card,0.1724,523.6,10.550347,13.7,714,3298.28,629,42.8,1,0,0,0
1,all_other,0.1328,343.01,10.652536,12.29,766,7317.98,9564,81.2,2,1,0,1
1,home_improvement,0.1631,208.17,10.779059,4.22,682,4504.44,15231,26.4,4,0,0,1
1,debt_consolidation,0.1616,262.28,11.286271,9.83,708,9747.38,9635,59.8,0,0,1,1
0,all_other,0.1689,1245.93,10.294038,0.42,734,1593.01,117875,18.8,5,2,0,0
1,debt_consolidation,0.1617,265.38,11.819648,10.89,725,2310.87,7167,72.1,3,1,0,0
1,credit_card,0.1624,1234.65,11.286711,8.62,681,180.0,1314,90.9,0,0,0,0
1,debt_consolidation,0.171,292.0,9.259864,9.85,679,2193.06,10930,22.9,0,0,0,0
1,all_other,0.1721,312.8,10.982063,3.04,748,3478.43,4364,51.2,3,0,1,1
1,credit_card,0.1506,400.35,11.564849,17.45,755,8722.34,692,119.0,2,0,0,1
1,all_other,0.1333,327.34,11.167111,16.69,767,7674.45,6719,25.6,0,0,0,0
1,debt_consolidation,0.1477,195.93,10.678472,24.26,779,5656.13,115998,4.8,2,0,0,0
1,all_other,0.1428,371.61,10.892734,24.06,715,4281.89,6062,53.6,1,0,0,0
1,home_improvement,0.1679,138.74,11.038775,13.68,698,6971.81,61898,16.1,3,0,0,1
1,debt_consolidation,0.1705,503.64,11.399449,19.66,761,8241.89,34479,57.8,1,0,0,0
1,debt_consolidation,0.1568,448.06,10.066792,14.4,737,3443.14,482632,72.3,1,0,0,0
1,educational,0.205,681.51,10.560939,9.65,673,3691.93,22612,17.3,3,0,0,0
1,small_business,0.1868,281.92,11.929533,10.68,671,3981.34,12361,4.3,2,0,0,1
1,debt_consolidation,0.1378,624.84,10.950098,17.01,729,723.76,12620,76.7,1,0,0,0
1,all_other,0.1823,536.27,11.86202,30.0,703,8087.33,17078,97.3,0,0,0,0
1,debt_consolidation,0.1198,397.11,12.751212,20.65,709,3601.47,7217,38.2,1,0,0,0
1,major_purchase,0.1411,1198.09,10.629859,14.3,751,4336.64,4849,87.1,2,1,1,1
1,all_other,0.1635,537.3,10.199659,15.94,739,8699.96,22872,98.2,1,0,0,1
1,all_other,0.1442,271.8,10.768026,15.88,761,3711.0,3975,67.7,1,0,0,0
0,debt_consolidation,0.1467,1106.23,11.600386,11.98,637,8225.18,552,51.1,0,0,0,0
1,all_other,0.1245,522.61,11.685726,17.82,720,689.55,1344,66.7,3,1,0,1
1,debt_consolidation,0.1419,1199.45,12.315906,11.53,736,6463.61,152514,72.2,3,0,0,0
0,home_improvement,0.1915,109.66,10.907549,5.62,652,3946.33,6565,0.0,1,0,0,1
1,all_other,0.1774,319.24,11.227714,15.92,685,1111.51,37396,43.6,1,0,0,0
1,all_other,0.1702,316.61,10.495821,16.85,678,2221.23,3581,9.0,2,0,0,0
1,home_improvement,0.1701,103.99,9.400739,11.59,711,5411.0,45379,20.8,1,0,0,0
1,debt_consolidation,0.1367,417.9,10.905812,14.74,772,2660.1,20821,56.3,2,0,0,0
1,debt_consolidation,0.1187,279.54,10.22621,19.23,787,6017.51,264517,44.2,1,1,0,0
1,all_other,0.1806,97.67,11.322448,12.24,679,3196.66,89910,48.0,0,0,0,1
1,home_improvement,0.134,216.78,9.78235,9.52,730,1011.41,35493,43.2,1,0,0,0
1,debt_consolidation,0.1592,1013.75,10.479007,7.71,731,7484.52,4264,41.6,0,1,0,0
1,home_improvement,0.1322,698.42,11.093284,10.85,725,5795.99,1667,46.6,2,1,0,1
1,all_other,0.1589,233.3,11.157141,23.19,725,552.48,8739,92.3,4,0,0,0
1,all_other,0.1598,228.87,10.901062,11.23,722,6692.61,11276,65.8,0,0,0,0
1,all_other,0.1211,664.74,12.069081,15.08,774,5365.48,5686,19.8,2,1,0,0
1,debt_consolidation,0.1497,95.74,11.887373,10.36,752,3981.04,33800,34.2,1,0,0,0
1,debt_consolidation,0.2048,619.96,10.51256,9.77,670,4080.17,12382,66.9,0,0,0,0
1,credit_card,0.122,101.08,11.91174,6.53,740,8411.05,10896,39.2,0,0,0,0
0,all_other,0.1597,1213.24,12.004943,13.29,744,5857.79,125313,61.9,5,0,0,1
1,all_other,0.1722,620.17,10.85442,9.03,722,8532.9,12932,46.4,1,0,0,0
1,major_purchase,0.1324,101.71,10.957696,21.39,753,6249.45,1251,53.1,3,0,0,0
1,debt_consolidation,0.1688,298.29,10.89906,11.86,717,5647.1,56290,84.0,3,0,0,0
1,all_other,0.1472,471.6,10.53655,12.29,718,3166.77,15294,58.7,0,0,0,0
1,debt_consolidation,0.1788,98.25,10.597143,11.36,715,5454.48,7073,103.1,1,0,0,0
0,debt_consolidation,0.1358,360.45,11.734787,15.16,633,7612.5,2370,27.8,3,0,0,1
1,major_purchase,0.1861,558.67,11.196799,22.89,707,5263.05,82283,20.4,2,1,0,0
1,educational,0.1449,88.48,10.591944,5.43,685,9900.97,163483,58.5,0,0,0,0
1,debt_consolidation,0.1779,664.71,10.365142,14.52,665,7608.77,3730,40.8,3,0,0,1
1,major_purchase,0.1153,330.68,10.467553,1.78,764,2064.39,17608,50.9,0,0,0,0
1,debt_consolidation,0.1773,748.45,10.830048,21.04,729,3847.74,22079,57.4,1,0,0,0
1,educational,0.1518,322.59,11.487034,11.85,709,6743.34,672,9.6,0,0,0,0
1,home_improvement,0.1545,182.07,10.40535,2.29,689,1242.63,10199,0.0,2,0,0,1
1,debt_consolidation,0.1734,174.6,11.480039,3.8,721,4768.86,675,67.9,1,0,0,0
1,all_other,0.1534,306.22,11.050144,18.22,748,2728.38,10623,5.4,0,0,0,0
1,home_improvement,0.1632,338.47,11.017134,1.11,679,5161.76,408735,32.2,1,0,0,0
1,debt_consolidation,0.1361,782.98,11.555736,14.52,710,2748.41,1076,42.0,1,0,0,0
1,debt_consolidation,0.1185,298.14,11.444449,9.64,743,7693.54,220137,44.6,0,0,0,0
0,all_other,0.2147,139.13,10.073244,11.26,636,3787.02,187627,69.7,3,0,0,0
1,debt_consolidation,0.1652,281.15,10.268752,7.95,708,6721.61,10841,66.3,2,0,1,0
1,debt_consolidation,0.1666,133.54,10.789995,6.03,694,1326.14,24941,53.9,0,0,0,0
1,debt_consolidation,0.168,496.82,11.147143,9.24,705,4298.3,6950,63.5,0,1,0,0
1,credit_card,0.1255,549.51,11.762391,16.55,691,1861.11,5348,17.2,0,0,0,1
1,debt_consolidation,0.1472,638.57,10.969691,10.58,715,8043.44,15143,25.2,0,0,0,1
1,all_other,0.1171,292.74,11.969255,15.51,783,3124.02,3167,119.0,2,0,0,0
1,debt_consolidation,0.1809,242.59,10.498928,10.93,698,4841.85,23318,51.4,1,1,0,1
1,debt_consolidation,0.1216,254.68,10.602077,16.82,721,5939.78,11689,72.5,2,0,0,0
1,credit_card,0.1428,352.08,10.743534,15.46,786,3193.86,1983,13.7,1,0,0,0
1,debt_consolidation,0.2012,285.09,10.431491,8.87,689,2059.21,34039,68.3,1,0,0,1
1,credit_card,0.0905,1074.02,11.637237,6.02,779,5523.99,35494,39.6,0,0,0,1
0,debt_consolidation,0.1562,296.04,9.240403,19.19,710,229.32,65960,31.6,5,0,0,1
1,credit_card,0.1353,345.68,10.622823,6.99,778,8414.48,5077,98.0,0,0,0,1
0,debt_consolidation,0.1603,227.36,11.630406,16.06,739,4718.3,56744,91.7,6,0,0,0
1,home_improvement,0.1072,214.13,10.739486,12.81,722,1374.61,350356,46.2,3,0,0,0
1,debt_consolidation,0.1636,158.54,11.584461,9.4,708,4398.4,11470,54.2,0,0,1,0
1,small_business,0.1773,191.77,12.270587,15.56,686,6504.49,13225,36.0,0,0,0,0
1,debt_consolidation,0.1489,1211.4,10.979035,22.04,713,3017.34,32398,13.9,1,0,0,0
1,debt_consolidation,0.182,580.25,11.64305,16.92,744,205.0,342,49.8,0,0,0,1
1,all_other,0.1516,299.77,12.405674,13.49,710,4751.59,1229,54.2,2,0,0,0
1,debt_consolidation,0.1703,246.39,11.175275,23.79,698,6962.95,4532,77.5,2,0,0,0
1,all_other,0.158,910.48,10.900681,1.05,700,5642.61,6338,64.4,4,1,0,1
1,home_improvement,0.1436,209.34,11.480504,4.93,748,6066.95,13089,18.5,0,1,0,0
1,home_improvement,0.1458,114.41,11.652372,9.4,757,7451.81,16775,0.0,3,0,1,0
1,all_other,0.185,555.33,10.906323,22.39,685,9017.36,1216,38.0,1,0,0,0
1,educational,0.1516,198.65,10.634855,19.11,685,180.0,69120,10.0,3,1,0,0
1,all_other,0.1527,154.99,11.977611,0.76,724,1748.15,18639,44.2,0,0,0,0
1,debt_consolidation,0.1336,172.43,10.764925,9.59,768,5479.71,12036,60.3,1,0,0,0
1,home_improvement,0.1031,474.05,11.658175,3.47,754,5752.64,23978,56.8,1,0,0,0
1,debt_consolidation,0.1584,356.69,11.090349,12.32,662,1187.88,4087,34.4,0,0,0,1
1,debt_consolidation,0.1782,198.02,12.044449,18.82,700,3104.54,7468,59.3,3,0,0,0
1,debt_consolidation,0.1624,535.99,10.412082,19.33,675,9365.16,1935,88.0,1,0,0,0
1,debt_consolidation,0.2126,231.72,10.410902,14.45,700,4174.83,322,59.2,1,0,0,1
1,debt_consolidation,0.1477,120.28,11.451237,9.67,771,5585.81,7493,58.2,2,1,0,0
0,debt_consolidation,0.1892,160.33,10.240493,11.94,656,9537.08,172711,31.9,0,0,0,1
0,all_other,0.214,420.77,11.001143,17.31,648,5295.45,4403,52.4,0,0,0,0
1,credit_card,0.1853,230.17,11.87453,28.8,679,7028.44,906,91.9,3,0,0,0
1,major_purchase,0.1546,410.82,9.841252,4.42,721,6487.6,26999,46.0,1,0,0,0
1,debt_consolidation,0.1168,787.84,11.175305,23.56,734,4220.15,5085,38.5,0,0,0,0
1,debt_consolidation,0.1616,247.97,11.669165,14.28,727,4077.29,22022,83.1,1,0,0,0
1,all_other,0.1636,1236.73,10.914196,18.26,755,8014.02,31486,43.3,3,0,0,0
0,debt_consolidation,0.1742,475.94,10.364473,13.88,643,5039.86,4864,65.4,1,0,0,0
1,debt_consolidation,0.0991,311.56,10.769809,22.29,755,2537.88,21240,54.3,0,0,0,0
1,all_other,0.1399,146.85,10.418503,14.87,698,7765.79,10335,63.3,1,0,0,1
1,home_improvement,0.1785,309.18,10.972187,8.12,738,180.0,469,72.6,3,0,0,0
1,debt_consolidation,0.18,332.29,10.76121,15.71,660,9005.73,4725,85.3,0,0,0,1
1,credit_card,0.1851,677.81,10.616911,20.37,710,4593.62,2900,79.1,3,0,0,0
1,all_other,0.1522,250.65,11.21435,12.6,719,5079.95,979,90.7,2,0,0,0
1,small_business,0.1412,506.84,11.893261,0.0,754,5267.56,2820,41.1,2,0,0,0
0,debt_consolidation,0.22,430.2,11.129971,11.81,650,8386.72,32014,13.5,1,0,0,0
1,credit_card,0.148,748.07,11.749636,13.28,711,5495.43,11186,43.9,2,0,0,0
1,credit_card,0.1694,814.66,11.893083,12.29,669,5003.28,562,119.0,2,0,0,1
1,debt_consolidation,0.1566,483.38,10.572149,9.18,729,2679.17,1849,45.7,2,0,0,0
1,all_other,0.1366,635.54,11.097664,21.73,740,3275.92,11207,0.0,2,0,0,0
1,credit_card,0.1494,831.83,10.670782,0.0,759,6665.17,10886,119.0,0,0,0,0
1,debt_consolidation,0.1738,571.06,10.02588,13.25,690,5616.7,6551,54.4,2,0,0,0
1,all_other,0.1499,460.49,11.147014,13.35,745,9277.79,36513,24.5,2,0,0,0
1,all_other,0.1202,483.94,10.288189,27.05,762,3022.91,19740,14.9,4,0,0,0
0,credit_card,0.1506,1172.63,11.225425,12.5,648,2175.31,4384,53.0,2,0,0,0
1,debt_consolidation,0.1289,398.15,9.980914,15.67,733,5809.46,3713,70.8,0,0,0,0
1,all_other,0.1248,609.34,11.034306,13.46,746,4846.46,7923,68.6,3,0,0,1
1,debt_consolidation,0.1663,241.65,9.971853,13.25,700,2063.7,390,75.1,0,0,0,1
1,all_other,0.1603,1100.07,11.341058,24.76,664,3762.45,17455,5.7,0,0,0,0
1,credit_card,0.1104,490.81,10.690038,4.93,746,6821.92,1465,14.9,1,1,0,0
1,all_other,0.1537,299.3,10.631226,8.0,664,1759.4,75754,48.7,1,0,0,1
1,all_other,0.1668,369.64,11.617168,17.8,703,2216.1,707,81.9,1,0,0,0
1,debt_consolidation,0.1705,334.92,10.733842,14.37,708,3239.36,19759,36.4,1,1,0,1
1,debt_consolidation,0.1336,371.74,10.99762,10.65,737,3290.73,452,0.0,2,0,0,0
1,credit_card,0.1587,444.56,10.808844,12.11,686,7042.62,3893,73.6,0,0,0,0
1,debt_consolidation,0.1799,344.51,11.239509,18.91,684,3671.97,20596,0.0,3,0,0,0
1,credit_card,0.1574,126.06,11.566196,15.95,714,9138.5,47468,34.4,3,0,0,1
1,credit_card,0.1625,1234.82,11.439738,7.68,748,2452.44,43793,71.7,2,0,0,0
1,small_business,0.1286,443.18,10.645332,14.24,797,5972.11,32848,70.8,3,0,0,0
0,debt_consolidation,0.1649,468.16,11.667519,12.26,653,4959.69,39229,0.8,0,0,0,0
1,all_other,0.1722,378.24,10.371026,15.85,722,5068.02,44910,75.1,0,0,0,0
1,debt_consolidation,0.1681,734.4,10.477086,10.38,669,180.0,4422,88.7,2,0,0,0
1,small_business,0.1376,385.35,10.852042,4.26,749,2316.44,5877,68.0,0,0,0,0
0,credit_card,0.19,322.52,11.568548,17.24,674,4641.45,31933,41.9,0,2,0,0
1,all_other,0.1966,340.36,10.216208,16.39,684,180.0,62274,62.5,1,0,0,0
1,credit_card,0.1695,935.7,11.473805,22.37,688,180.0,8345,27.6,2,0,0,0
0,debt_consolidation,0.1372,429.02,10.896604,3.52,707,1973.25,4487,80.2,5,0,0,0
1,all_other,0.1812,386.47,10.665423,12.11,722,5903.3,4253,93.0,3,0,0,0
1,home_improvement,0.1553,281.64,11.599662,11.01,728,6253.07,2795,36.6,1,0,0,0
1,debt_consolidation,0.1603,307.39,10.440371,9.87,710,2001.06,22263,71.6,0,1,0,0
0,major_purchase,0.1708,831.83,12.324262,1.97,659,4556.62,64348,78.5,3,0,0,1
1,small_business,0.1809,208.47,10.822249,5.24,738,6119.24,22805,42.3,0,0,0,0
1,educational,0.1346,592.84,11.021403,14.47,708,8372.7,10194,0.0,1,0,0,0
1,home_improvement,0.112,588.94,11.871172,9.15,754,8275.43,225746,53.2,1,0,0,0
1,debt_consolidation,0.2059,476.56,11.037317,6.9,683,7338.21,10616,0.0,1,0,0,0
0,all_other,0.1661,339.58,11.65521,22.47,649,3711.8,97840,95.8,3,0,0,0
1,debt_consolidation,0.1755,139.26,9.738573,28.98,709,4936.8,1888,66.4,2,0,0,0
1,credit_card,0.1614,613.35,10.660016,12.21,759,5238.18,15275,41.4,1,0,0,0
1,debt_consolidation,0.1574,125.45,11.172008,2.23,716,4518.54,2246,76.4,3,0,0,0
1,small_business,0.1569,430.31,11.589666,15.34,702,1618.62,2481,14.6,1,0,0,0
1,debt_consolidation,0.1833,412.0,11.399515,0.0,677,8662.73,2974,81.9,4,0,0,0
1,debt_consolidation,0.1536,652.42,11.34238,3.28,777,6141.97,12061,55.3,1,0,1,0
1,debt_consolidation,0.1803,211.33,11.577245,15.45,671,7235.04,5206,55.8,2,0,0,1
1,credit_card,0.1536,196.66,11.219762,3.05,682,6711.23,398,36.3,0,0,0,0
1,debt_consolidation,0.1521,552.89,9.622658,10.56,732,3976.42,5445,39.6,1,0,0,0
0,debt_consolidation,0.1602,341.31,11.809744,2.36,639,1312.35,4018,64.3,0,0,0,0
1,debt_consolidation,0.1148,87.86,10.419024,12.99,758,6936.92,666,21.5,1,0,0,0
1,debt_consolidation,0.1399,372.16,11.121311,20.35,734,6776.04,22569,11.4,3,0,0,0
1,major_purchase,0.1418,1199.28,11.040413,8.37,744,5784.18,31706,78.7,0,0,0,0
1,all_other,0.1224,535.24,10.95887,12.47,731,10441.09,29340,62.7,1,0,0,0
1,debt_consolidation,0.1636,168.55,10.255315,6.97,704,3644.34,166899,19.4,0,0,0,0
1,debt_consolidation,0.1843,552.65,9.747397,7.45,670,4273.35,1817,50.3,3,0,0,0
1,debt_consolidation,0.1539,758.58,10.318549,6.86,705,5576.68,1890,48.5,1,0,0,0
1,debt_consolidation,0.1294,110.08,11.434005,18.02,673,3816.94,10352,26.2,1,0,1,0
1,debt_consolidation,0.1499,310.02,10.047561,2.85,728,4473.1,9041,53.4,1,0,0,0
1,debt_consolidation,0.1782,979.62,10.393029,10.31,741,7641.36,13544,46.2,1,0,0,0
1,debt_consolidation,0.1399,128.6,11.185008,15.43,766,3441.28,41670,73.2,1,0,0,0
1,debt_consolidation,0.1499,311.65,10.303271,18.88,724,3611.62,7264,59.2,0,0,0,0
1,credit_card,0.1327,318.24,10.598741,15.64,745,6503.92,57100,31.4,3,1,0,0
1,debt_consolidation,0.1724,292.52,10.979911,12.1,699,1760.59,3184,30.7,3,1,0,0
1,credit_card,0.1682,1019.08,11.102412,8.67,692,4855.2,4860,59.7,1,0,0,0
1,all_other,0.1619,907.17,10.291192,18.98,728,4724.12,1849,0.0,1,0,0,0
1,small_business,0.1557,309.3,11.015975,6.62,695,6626.64,47,14.3,1,0,1,0
1,debt_consolidation,0.1538,187.05,11.173301,6.72,720,7068.24,665,41.7,3,0,0,0
1,home_improvement,0.1647,943.63,10.153348,21.93,670,4660.36,45794,43.2,2,0,0,0
1,small_business,0.1936,693.14,11.061054,15.09,676,4845.21,63836,75.7,1,0,0,0
1,educational,0.1062,351.97,10.492884,15.33,734,4972.04,1413,6.0,3,0,0,0
1,home_improvement,0.1327,585.14,11.005588,16.73,744,4290.11,48549,34.1,1,0,0,1
1,debt_consolidation,0.1834,625.14,11.371078,11.95,673,8289.96,225,46.8,2,0,0,0
1,major_purchase,0.1587,208.11,10.822482,2.68,735,6314.42,2100,37.6,3,1,0,0
1,home_improvement,0.1643,255.27,11.487183,14.33,690,8225.56,5176,25.4,2,0,0,1
1,debt_consolidation,0.1122,360.66,11.412397,12.47,711,2868.05,59039,28.6,0,0,0,0
1,debt_consolidation,0.1444,97.19,11.483776,6.67,764,8188.01,196867,54.3,2,0,0,0
1,major_purchase,0.1736,308.34,11.175897,5.09,741,5358.8,5213,39.1,0,0,0,0
1,debt_consolidation,0.1256,210.32,11.601468,12.28,740,6770.47,9804,36.1,1,0,0,0
1,credit_card,0.1145,406.38,11.164908,3.23,783,287.47,57823,12.8,3,0,0,0
1,debt_consolidation,0.1842,180.82,9.912971,11.61,683,9125.9,398912,113.3,1,0,0,1
1,credit_card,0.1892,540.93,10.446837,10.78,673,6161.21,73182,51.2,3,0,0,0
1,debt_consolidation,0.19,468.53,10.801133,11.78,683,9719.38,1578,92.7,1,0,0,0
1,credit_card,0.1807,368.58,10.876794,15.38,700,7839.55,44419,38.9,0,0,0,0
0,all_other,0.1653,538.04,11.148221,16.89,621,180.0,3891,50.5,2,0,0,1
1,small_business,0.1649,586.16,10.437759,7.69,702,8863.96,102906,61.7,2,0,0,1
1,debt_consolidation,0.1779,333.8,12.155312,18.6,689,5527.22,30115,43.5,0,0,0,0
1,debt_consolidation,0.1407,383.6,10.8675,11.09,740,6664.79,2129,50.5,1,0,1,0
1,debt_consolidation,0.1574,238.26,10.92531,24.7,723,6414.79,64103,53.9,0,0,0,0
1,debt_consolidation,0.1636,238.39,10.520843,8.56,687,4813.21,25497,40.7,2,0,0,0
1,educational,0.1373,1125.92,10.31794,1.48,732,4048.85,20691,44.1,0,0,0,0
1,debt_consolidation,0.1389,323.97,10.852955,18.35,737,6824.1,11476,77.0,2,1,0,0
1,debt_consolidation,0.1465,374.21,10.946806,15.54,681,2979.48,4732,18.9,0,0,0,0
1,home_improvement,0.15,359.22,10.876989,20.89,691,5130.63,29368,97.6,2,1,0,0
0,debt_consolidation,0.1928,522.04,11.939645,14.74,625,8564.62,370472,64.0,2,0,0,0
1,debt_consolidation,0.1734,267.74,10.852951,28.75,669,2011.3,231685,38.7,2,0,0,1
1,credit_card,0.1799,288.99,10.877583,11.3,682,4562.72,8143,73.4,0,0,1,0
1,debt_consolidation,0.1488,729.38,11.42733,19.82,713,7980.26,378,71.5,0,0,0,0
1,home_improvement,0.2056,144.62,10.82565,8.97,674,3014.75,4554,56.7,1,1,0,0
1,all_other,0.1895,456.67,11.258997,15.99,690,289.72,13818,44.2,1,0,0,0
1,debt_consolidation,0.167,218.6,10.149783,17.28,663,180.0,17264,0.1,2,1,0,0
1,all_other,0.1567,93.8,10.154602,18.34,717,3884.57,46052,27.1,1,1,0,0
1,small_business,0.188,377.75,11.004456,17.96,726,9270.48,34956,49.4,1,0,0,0
1,debt_consolidation,0.1363,165.74,10.788713,0.0,725,3153.14,35792,61.6,1,0,0,0
1,credit_card,0.1409,147.19,10.436495,12.13,710,4340.08,3970,49.6,1,0,0,0
0,all_other,0.2084,1315.75,11.00433,8.63,651,5192.71,4737,59.5,4,0,0,1
1,all_other,0.1805,578.33,11.057551,9.99,686,7825.29,1938,40.4,1,1,0,1
1,credit_card,0.1841,591.29,10.496963,10.64,695,7202.54,16579,66.1,3,1,0,1
1,debt_consolidation,0.169,375.18,10.613535,19.34,695,4676.48,43664,110.4,1,0,0,0
1,all_other,0.1495,164.25,11.062136,14.0,713,6558.66,60503,52.4,3,0,0,0
1,debt_consolidation,0.1048,316.53,10.307142,9.1,764,7712.41,198,44.0,4,1,1,0
1,credit_card,0.1447,293.49,10.56154,2.47,741,946.32,23221,47.4,0,0,0,0
1,all_other,0.1976,105.35,11.2557,23.18,672,4118.0,2065,71.2,0,0,0,1
1,debt_consolidation,0.1691,1246.28,10.91546,8.13,736,2058.31,28123,46.5,1,1,1,0
1,debt_consolidation,0.1665,364.52,10.638906,11.7,734,3243.5,2043,70.7,3,0,0,0
1,major_purchase,0.1856,222.47,10.379128,27.36,679,6685.22,35427,74.3,2,0,0,0
1,debt_consolidation,0.1857,434.46,10.311941,8.32,742,2059.3,3882,99.5,1,0,0,0
1,debt_consolidation,0.1276,139.92,10.849629,10.7,704,10833.58,4016,61.1,1,0,0,1
0,debt_consolidation,0.1848,206.47,12.165746,14.2,656,6707.56,39562,50.8,1,0,0,0
1,all_other,0.1295,1079.63,11.27513,1.52,727,3598.47,4525,57.9,3,0,0,0
1,debt_consolidation,0.1833,276.1,10.116953,0.72,718,4731.24,50720,47.8,1,0,0,0
1,home_improvement,0.1489,373.8,11.361402,9.28,701,1839.41,35849,53.2,0,0,0,0
1,credit_card,0.1765,423.09,10.467079,9.52,709,1373.64,9154,87.8,1,1,0,0
1,debt_consolidation,0.1591,340.0,10.927037,13.53,683,4096.44,5294,34.3,0,0,0,0
1,all_other,0.154,261.53,10.570795,5.85,733,8331.33,84285,9.9,0,0,0,0
1,debt_consolidation,0.1546,1221.19,12.16388,15.59,708,1542.83,41273,51.8,0,0,0,0
1,debt_consolidation,0.1529,226.64,10.238194,0.0,716,8142.56,151446,53.4,1,0,0,0
1,all_other,0.1563,204.62,11.121303,12.11,724,4595.77,673,76.6,2,0,0,0
1,debt_consolidation,0.1941,568.45,10.511952,15.09,666,5656.64,6887,43.4,0,1,0,1
1,small_business,0.184,161.76,11.380685,14.87,676,5242.59,5279,34.7,1,0,0,0
0,all_other,0.2115,843.99,11.109007,11.48,626,6996.14,24822,30.0,1,0,0,1
1,debt_consolidation,0.1672,337.44,11.695277,8.04,731,7804.18,2396,29.6,2,0,0,0
1,educational,0.1683,425.82,11.368052,11.28,664,4523.61,3002,23.4,0,0,0,0
1,all_other,0.1914,494.04,10.506944,21.11,715,6334.61,11679,12.9,2,0,0,0
1,debt_consolidation,0.1645,305.12,12.708884,8.46,724,8311.89,544,0.0,1,0,0,0
1,all_other,0.1369,706.55,11.26881,19.35,733,7095.21,438,71.4,1,0,1,0
1,major_purchase,0.1889,630.89,10.594096,20.45,664,4027.08,9097,53.3,2,0,0,0
1,all_other,0.1776,565.76,11.05538,0.62,708,4572.29,764200,108.4,0,0,0,1
1,all_other,0.1393,129.39,11.314809,11.72,773,2593.71,13117,4.7,0,0,1,0
1,all_other,0.1307,289.02,11.291605,5.85,775,9604.36,5988,104.1,1,0,0,0
1,debt_consolidation,0.0698,312.33,11.232577,2.24,748,5826.19,21812,42.9,1,0,0,0
1,debt_consolidation,0.1307,1180.47,11.519554,18.07,723,1551.46,27595,1.2,1,0,0,0
1,all_other,0.1866,148.31,11.459584,15.87,672,2960.46,8910,0.0,4,0,0,0
1,small_business,0.139,238.81,10.412985,14.42,737,4676.08,3708,31.7,0,0,0,0
1,credit_card,0.1689,830.18,12.215913,5.11,704,8415.17,889,73.5,0,0,1,1
1,debt_consolidation,0.1641,200.47,12.131022,14.05,731,4582.5,46211,55.0,1,0,0,0
1,debt_consolidation,0.1644,244.17,11.418589,3.56,686,6569.88,5151,36.5,1,0,0,1
1,debt_consolidation,0.1238,1168.86,10.953605,13.13,703,3273.47,23360,80.0,0,0,0,0
0,debt_consolidation,0.1385,481.9,10.96409,8.04,716,6670.88,59316,50.6,3,2,0,0
1,credit_card,0.1655,706.52,10.732504,19.85,719,8313.02,6694,1.3,1,0,0,0
1,debt_consolidation,0.1725,648.94,10.811426,10.09,729,7034.25,1049,84.5,1,0,0,0
1,home_improvement,0.1242,396.71,9.596062,14.2,688,180.0,7613,16.9,2,0,0,0
0,all_other,0.1805,421.87,11.863461,14.21,659,4678.57,8529,16.2,2,1,0,0
1,credit_card,0.0986,655.18,11.648247,12.08,772,2415.72,24153,40.7,0,1,0,0
1,small_business,0.13,203.71,9.907221,13.33,805,6738.12,4381,56.8,1,0,0,0
1,credit_card,0.1451,1204.9,11.472893,14.7,727,5235.61,4037,28.4,3,0,0,0
1,small_business,0.22,287.43,10.925294,6.41,660,9339.17,5902,0.0,2,0,0,0
1,home_improvement,0.1582,785.02,10.808582,15.38,681,4229.1,19832,29.5,3,0,1,1
0,all_other,0.1683,554.37,11.230633,18.56,729,5242.07,46163,75.8,1,2,0,0
1,debt_consolidation,0.1531,259.62,9.8669,15.34,761,4752.03,457409,46.9,1,0,1,0
1,debt_consolidation,0.1727,549.13,10.923138,10.16,664,6856.79,239484,79.4,1,0,0,0
1,small_business,0.1755,429.65,10.978484,13.8,705,2631.01,8833,62.1,3,0,0,0
1,debt_consolidation,0.1528,110.61,10.979074,10.09,717,2559.72,3463,31.1,3,1,0,0
1,major_purchase,0.1262,344.95,10.095831,11.78,743,3651.76,4034,26.2,1,0,0,0
1,debt_consolidation,0.1451,157.11,11.202619,4.4,697,6521.91,1339,52.6,0,0,0,0
0,credit_card,0.1743,559.65,11.576487,22.12,651,7657.78,13345,52.7,6,0,0,0
1,debt_consolidation,0.1223,330.12,11.178472,25.95,734,4827.44,2243,50.4,2,0,0,1
1,major_purchase,0.1265,677.74,10.790195,7.74,753,6538.87,1861,53.0,2,0,0,0
1,debt_consolidation,0.1533,233.9,12.570315,18.02,707,6329.9,2068,43.0,1,0,0,0
1,debt_consolidation,0.1524,153.58,10.366009,22.66,725,4916.2,45322,43.6,1,1,0,1
1,small_business,0.1879,188.21,11.401805,5.99,692,4856.77,9584,23.3,0,1,0,0
1,debt_consolidation,0.1664,1241.58,11.078397,0.0,678,6966.33,1236,16.3,0,0,0,0
1,debt_consolidation,0.123,1167.52,12.157511,23.07,749,9849.04,44797,68.6,1,0,0,0
1,small_business,0.1727,1252.55,11.165917,12.53,725,7530.05,73567,18.3,1,0,0,1
1,home_improvement,0.1632,131.43,11.296705,9.02,729,8067.17,5242,0.0,3,1,0,0
1,debt_consolidation,0.1205,138.67,11.238487,12.93,767,10157.77,3122,36.9,0,0,0,0
1,all_other,0.1542,180.97,10.284423,10.05,670,3314.81,2709,55.0,1,0,0,0
1,debt_consolidation,0.1564,657.81,10.399983,30.0,689,6813.62,16721,42.1,1,0,0,0
1,debt_consolidation,0.1496,1212.6,10.761843,8.94,716,8700.69,47028,12.3,1,0,0,0
0,all_other,0.1883,753.58,11.514004,14.86,689,7407.99,14324,79.0,5,1,1,1
1,debt_consolidation,0.1563,436.96,11.072189,21.52,740,3562.33,1270,53.7,2,0,0,0
1,all_other,0.159,201.05,10.803892,21.48,703,3067.98,60034,80.5,2,0,0,0
1,debt_consolidation,0.211,337.86,11.767042,20.16,672,9142.62,10028,45.7,3,0,0,0
1,small_business,0.1693,414.53,9.720718,9.66,712,6099.23,7930,61.2,0,1,0,0
1,all_other,0.1815,735.05,10.13955,11.55,716,5823.93,21800,14.0,2,0,0,0
1,debt_consolidation,0.1641,272.73,9.407074,0.0,746,5108.74,58072,0.0,3,0,1,0
1,major_purchase,0.1722,518.0,11.667069,12.09,725,8835.19,1769,48.0,1,0,0,0
1,home_improvement,0.1542,462.42,10.870997,12.83,728,7495.3,1279,8.2,4,0,0,1
1,debt_consolidation,0.1528,408.37,11.519438,17.72,722,4594.9,10130,72.2,3,0,0,0
1,educational,0.1592,291.23,10.863352,24.99,703,7338.55,10323,73.9,2,0,0,0
1,debt_consolidation,0.1851,433.43,11.554142,17.51,683,5505.49,46339,56.0,3,1,0,0
1,debt_consolidation,0.1352,347.19,10.852681,19.99,721,7239.6,83163,22.6,3,0,0,0
1,debt_consolidation,0.1565,221.38,11.180046,12.48,697,8450.51,4891,46.7,1,0,0,1
1,debt_consolidation,0.1604,714.65,11.090743,21.46,774,8150.93,18497,63.1,3,0,0,0
1,credit_card,0.1454,1134.28,11.136001,12.68,761,745.64,22813,58.8,1,0,0,0
1,all_other,0.1642,435.74,11.95769,20.47,734,6344.15,26659,20.4,2,0,0,0
1,small_business,0.1402,362.09,9.939101,18.15,724,8755.24,817,0.0,1,0,1,0
1,debt_consolidation,0.1486,643.64,10.888286,15.31,707,3262.96,25203,57.9,1,0,0,0
1,debt_consolidation,0.1842,452.83,11.050772,1.97,662,10033.12,2892,46.4,1,0,0,0
1,debt_consolidation,0.1587,852.77,10.959455,20.14,702,6611.74,27312,63.6,1,0,0,0
1,debt_consolidation,0.1296,396.8,10.68729,15.21,714,7456.19,1719,46.4,4,1,0,0
1,major_purchase,0.167,585.34,10.603823,17.45,719,7453.94,12013,42.4,1,0,0,1
1,credit_card,0.1693,1246.63,11.863309,14.76,728,1698.87,6665,41.8,2,0,0,0
1,home_improvement,0.1344,900.75,10.88686,15.95,745,7548.54,330198,37.8,0,0,0,1
1,credit_card,0.1835,356.04,12.417147,21.57,684,6292.94,2605,116.6,1,0,0,0
1,debt_consolidation,0.2082,876.36,11.252248,9.33,684,3940.08,2310,40.2,2,0,1,0
1,debt_consolidation,0.1617,182.54,10.75331,15.83,765,9118.77,113820,37.6,1,1,0,0
1,all_other,0.138,323.86,11.267134,7.24,739,322.96,42443,68.0,3,0,0,0
1,home_improvement,0.1406,670.6,10.996449,16.58,695,3528.66,15995,60.1,2,0,0,0
1,debt_consolidation,0.1623,1125.68,11.74862,14.33,706,8693.56,4762,49.5,0,0,0,0
1,debt_consolidation,0.2046,241.74,10.217689,8.25,706,7582.57,1622,22.1,1,0,1,1
1,credit_card,0.1822,389.13,9.831277,13.25,711,3715.93,5124,9.0,0,0,0,0
1,debt_consolidation,0.1477,378.74,11.150198,8.68,728,3279.71,4327,45.4,0,0,0,0
1,all_other,0.1439,352.42,11.439774,9.99,806,4655.3,3319,41.4,0,1,0,0
1,debt_consolidation,0.1761,167.88,11.104402,15.05,717,6039.3,4488,32.5,0,0,0,0
1,all_other,0.1067,506.0,11.34021,14.45,735,4201.18,4166,70.1,2,0,0,0
0,debt_consolidation,0.2059,167.79,11.250516,0.0,646,5094.85,47693,73.8,3,1,0,0
1,small_business,0.1814,878.64,10.026956,15.16,692,5541.71,1099,80.4,0,0,0,1
1,credit_card,0.1174,931.08,11.101556,10.51,757,4504.44,19183,17.3,3,0,0,0
1,debt_consolidation,0.151,242.85,11.733236,9.74,725,4240.74,15714,77.1,1,0,0,0
0,home_improvement,0.2083,169.11,11.034778,4.82,612,2436.29,9214,0.0,2,1,0,0
1,home_improvement,0.1283,359.46,10.130926,12.29,736,5312.03,29782,45.4,1,0,0,0
1,credit_card,0.1207,252.72,10.726347,8.99,783,5262.4,20362,72.0,3,1,0,0
0,major_purchase,0.1835,343.11,11.269622,21.39,634,3035.78,12044,17.2,2,0,0,0
1,home_improvement,0.1457,401.82,12.025334,0.53,768,6083.26,59920,8.2,1,0,0,0
0,debt_consolidation,0.194,210.22,9.736629,5.95,612,8321.25,202,45.4,1,0,0,1
1,debt_consolidation,0.1057,1136.73,11.150352,5.48,746,5536.21,341710,94.9,2,0,0,0
1,debt_consolidation,0.147,241.03,10.361353,14.38,710,6450.9,67112,96.4,2,0,0,0
0,all_other,0.177,757.95,11.239714,20.69,621,7845.25,162610,81.1,0,0,0,1
1,major_purchase,0.1224,195.54,11.288577,16.07,727,5289.86,2546,18.1,2,0,0,0
1,all_other,0.1597,401.26,10.78778,5.05,754,7607.28,11629,47.1,2,0,0,0
1,debt_consolidation,0.1657,531.27,11.315276,9.64,724,180.0,17122,111.9,1,0,0,0
1,major_purchase,0.1267,403.34,11.625336,7.02,732,3605.41,5755,73.2,2,0,0,0
1,credit_card,0.1377,311.93,10.829611,16.1,694,2620.6,13917,2.1,1,0,0,0
0,debt_consolidation,0.1858,282.29,10.114332,9.5,639,8900.32,15923,70.4,1,1,0,1
1,small_business,0.1327,278.29,11.799599,2.85,736,6954.03,1536,25.7,1,0,0,0
1,debt_consolidation,0.1214,226.93,11.435504,16.63,776,2351.63,34347,38.7,3,0,0,0
1,all_other,0.138,470.64,11.273891,21.32,753,2933.69,30100,68.7,4,0,0,0
0,all_other,0.1962,1293.96,10.50851,11.37,634,1945.01,3553,36.5,3,0,0,1
0,major_purchase,0.1888,514.75,11.531116,13.43,652,6191.17,1315,32.0,2,0,1,0
0,debt_consolidation,0.1547,579.21,12.17588,2.21,678,5857.26,12925,78.3,0,2,0,0
0,debt_consolidation,0.1848,849.14,10.856001,0.0,649,4315.95,2833,68.9,2,0,0,1
1,credit_card,0.1806,288.62,10.987641,0.0,712,3180.58,16817,56.7,1,1,0,0
1,small_business,0.1222,103.06,10.280234,12.29,725,5294.08,3074,108.2,1,0,0,1
0,debt_consolidation,0.1867,399.94,10.491079,10.48,656,11814.13,120102,53.3,0,0,0,0
1,debt_consolidation,0.1188,659.82,10.274513,16.37,740,4412.4,3641,56.4,1,0,0,0
1,major_purchase,0.1736,1254.13,11.009802,11.24,733,8230.83,2617,38.0,0,0,0,0
1,credit_card,0.1817,199.58,10.722125,19.42,689,4622.5,11366,19.0,2,0,0,0
1,debt_consolidation,0.1748,847.77,11.157408,18.62,703,7792.45,847,6.0,0,0,1,0
0,debt_consolidation,0.1721,469.52,10.38594,10.38,636,6876.23,2737,72.1,0,0,0,1
1,all_other,0.167,295.81,10.827791,5.68,697,5285.52,773,34.2,3,0,0,1
1,credit_card,0.1634,185.8,10.348343,0.0,710,6964.79,15362,119.0,4,0,1,0
1,all_other,0.1058,236.51,11.044419,22.49,716,8362.93,48257,21.4,0,0,0,0
1,credit_card,0.1525,568.39,9.934282,6.1,724,5535.28,5500,25.1,2,0,0,0
1,debt_consolidation,0.1641,910.28,11.022463,2.27,719,4913.47,81383,56.7,1,0,0,0
1,home_improvement,0.1321,54.9,10.759975,13.5,700,7029.0,2806,17.3,1,0,0,0
1,debt_consolidation,0.163,552.81,11.040388,2.34,721,9442.98,5186,3.8,3,0,0,0
1,small_business,0.1558,255.87,9.922117,13.49,748,1889.59,45787,66.8,2,0,0,1
1,debt_consolidation,0.1853,284.63,11.329377,10.28,706,2197.45,34398,0.0,1,0,0,0
1,debt_consolidation,0.1422,501.95,10.747767,18.97,722,8902.26,22701,52.9,3,0,1,0
1,debt_consolidation,0.1626,1234.99,11.062439,18.37,703,4012.06,64596,53.5,1,0,0,0
1,debt_consolidation,0.174,237.26,9.789255,20.21,685,8477.02,10073,74.1,2,0,0,0
1,debt_consolidation,0.0907,325.64,10.171933,14.02,730,3681.22,17761,61.1,2,0,0,0
1,credit_card,0.1583,127.34,10.692006,6.68,689,4194.06,3678,119.0,2,0,0,0
1,small_business,0.1659,527.05,11.769055,5.45,725,7965.37,238390,36.2,1,0,0,0
1,all_other,0.1083,220.38,11.251636,8.94,711,7199.97,5323,8.6,0,0,0,0
1,all_other,0.1748,1183.22,11.009224,26.36,698,2529.87,7779,119.0,2,0,0,0
1,debt_consolidation,0.163,496.96,10.366172,10.88,698,6857.22,15296,50.0,3,0,0,0
1,home_improvement,0.1661,318.1,10.255178,13.71,691,3695.03,31807,21.7,2,0,0,0
0,debt_consolidation,0.1987,334.42,11.09876,23.08,647,6454.89,31288,1.2,1,0,0,0
1,debt_consolidation,0.1409,483.19,11.35742,14.36,725,5518.29,143,37.9,1,0,0,0
1,debt_consolidation,0.1527,617.43,11.057474,7.43,719,4938.25,184837,24.4,1,0,0,0
1,debt_consolidation,0.1588,169.39,11.97283,17.64,742,3823.97,143737,24.7,1,0,0,1
1,all_other,0.166,349.48,10.513698,9.64,690,1189.82,81130,0.0,2,0,0,0
1,debt_consolidation,0.0866,345.45,11.039416,14.59,782,3789.82,13828,36.3,2,0,0,0
1,debt_consolidation,0.1632,447.98,9.897163,16.13,696,7103.87,80525,59.5,3,0,0,0
1,home_improvement,0.172,975.5,11.058738,9.19,677,6508.22,16636,17.9,0,0,0,0
1,debt_consolidation,0.191,148.02,11.826318,13.89,672,3286.03,16307,34.4,4,0,1,0
0,all_other,0.1787,770.73,10.29468,23.64,644,8135.12,33426,32.9,1,0,0,1
1,debt_consolidation,0.1102,462.28,11.4437,8.28,768,6290.21,26094,49.6,1,0,0,0
1,small_business,0.128,259.37,11.809034,21.69,762,6931.28,56298,95.6,1,0,0,0
1,credit_card,0.1744,689.94,10.509275,8.53,733,2799.15,350,53.1,0,0,0,0
1,debt_consolidation,0.177,301.16,11.214833,25.03,676,9911.26,9490,13.5,0,0,0,0
1,small_business,0.1677,109.31,11.893575,6.7,779,6606.7,1551,43.4,1,0,0,0
1,all_other,0.1925,36.78,11.07059,9.88,697,9254.06,48510,57.4,0,0,0,0
1,debt_consolidation,0.1455,160.8,11.409896,23.01,700,3840.7,2541,11.5,3,1,0,0
1,credit_card,0.1148,246.36,9.847891,23.31,765,845.94,6956,20.4,1,0,0,0
1,credit_card,0.1421,422.84,11.294253,18.25,735,3059.17,48923,19.9,3,0,0,0
1,debt_consolidation,0.1304,560.17,11.245515,5.14,794,8026.24,88723,41.6,3,0,0,0
1,debt_consolidation,0.1238,304.92,10.121011,13.17,719,2599.41,44920,36.1,1,0,0,0
1,debt_consolidation,0.1717,145.67,10.34176,12.61,695,9155.23,36492,0.0,1,0,0,0
1,all_other,0.1743,300.58,11.298441,6.69,687,3615.35,1637,30.1,4,0,0,0
0,major_purchase,0.1649,332.34,10.745346,17.41,640,6396.58,2149,46.0,3,0,0,1
1,all_other,0.139,1194.52,11.608282,7.24,699,6013.57,1281,78.1,0,0,0,0
1,educational,0.1454,556.28,11.119543,3.69,753,4651.52,2019,8.6,1,1,0,0
1,debt_consolidation,0.187,125.23,10.964438,1.42,733,4666.64,14088,20.3,2,0,0,0
1,home_improvement,0.1496,303.96,10.826026,24.41,711,2962.99,54658,14.0,0,0,0,0
1,major_purchase,0.1796,643.53,11.108536,9.08,672,10324.03,54345,0.0,1,0,0,0
1,credit_card,0.1397,379.21,11.419789,9.22,719,6718.95,565,0.0,1,0,0,0
1,debt_consolidation,0.1435,120.56,11.255649,5.49,748,1362.98,10320,59.8,2,0,0,0
1,debt_consolidation,0.1362,659.37,10.671965,22.04,726,2031.67,7056,50.4,4,0,0,0
1,debt_consolidation,0.148,487.64,11.686057,3.08,716,6750.46,268,58.9,1,0,0,0
1,all_other,0.2184,373.44,11.331193,4.29,680,5395.14,41266,54.6,2,0,0,0
1,educational,0.1432,213.56,11.164993,10.38,743,882.43,39466,34.1,2,1,1,0
0,debt_consolidation,0.1687,791.23,10.985935,12.45,612,11768.69,4137,28.2,2,0,0,0
1,debt_consolidation,0.162,108.32,11.23503,17.14,725,180.0,6666,77.6,2,0,0,0
1,debt_consolidation,0.1344,124.94,9.812676,7.94,808,4262.85,13805,65.5,1,0,0,0
0,all_other,0.1951,241.4,11.077199,23.26,653,5465.84,21207,43.2,2,0,0,1
1,all_other,0.1564,472.75,11.930512,7.99,701,3713.52,3874,17.9,3,0,0,0
1,debt_consolidation,0.1376,143.39,11.064192,5.64,710,7551.53,2767,49.6,1,0,0,0
1,credit_card,0.1461,257.54,10.980921,4.98,692,6700.35,1925,52.5,0,0,0,0
1,debt_consolidation,0.1346,292.12,10.566511,7.26,749,5772.84,118454,28.7,0,0,0,0
1,all_other,0.1405,475.68,11.230564,4.54,728,5238.75,76981,53.9,1,0,0,0
1,all_other,0.142,308.86,10.811005,17.78,716,6761.32,1905,63.7,1,0,0,1
1,debt_consolidation,0.1667,320.64,11.728673,5.69,740,4894.42,2609,59.6,3,0,0,0
1,all_other,0.1739,239.23,10.403192,11.68,711,1640.07,2004,74.7,1,0,0,0
1,credit_card,0.1286,788.3,10.654094,5.5,827,7837.18,1016,71.7,2,0,0,0
1,all_other,0.1374,591.07,10.563464,4.5,716,9793.68,248125,76.9,0,0,0,0
1,home_improvement,0.1343,573.84,12.049093,20.24,717,5629.77,3378,31.4,0,0,1,0
0,all_other,0.1867,231.52,10.814243,23.66,645,5681.45,36875,69.6,1,1,0,0
1,debt_consolidation,0.1736,273.77,10.595673,21.36,689,5330.04,6363,60.9,1,0,0,0
1,major_purchase,0.1375,519.96,9.654737,2.45,754,2124.63,7699,70.5,1,0,0,0
0,major_purchase,0.1858,264.22,10.374063,3.41,659,4061.34,6889,50.5,2,0,0,1
0,debt_consolidation,0.22,218.39,11.25201,26.25,628,7411.42,19693,61.1,2,1,0,1
1,major_purchase,0.1511,464.81,11.249564,10.85,711,6057.5,8138,17.4,0,0,0,1
1,credit_card,0.1486,151.49,10.532766,3.11,762,9714.62,36050,60.6,4,0,0,0
1,debt_consolidation,0.1654,334.64,10.56665,20.07,712,7292.58,69479,82.3,3,1,0,1
1,all_other,0.1637,721.87,12.064521,13.06,697,4408.4,4054,94.9,2,0,0,0
0,debt_consolidation,0.2031,451.92,12.574792,16.53,639,7113.63,15165,43.4,5,0,0,0
1,all_other,0.1329,177.81,11.631361,0.0,727,4937.81,801,98.8,2,0,0,0
1,major_purchase,0.1253,509.63,11.881161,10.35,735,1316.72,4744,42.2,0,0,0,0
0,debt_consolidation,0.1952,265.15,12.010569,19.15,642,8048.61,11262,67.2,2,1,1,0
1,all_other,0.1038,641.47,12.280889,8.18,753,6704.28,7955,48.8,0,0,0,0
1,debt_consolidation,0.1531,543.9,10.745824,21.12,739,12789.48,9189,83.8,2,1,0,0
1,all_other,0.114,282.47,10.394257,3.51,753,4096.03,25000,52.9,4,0,0,0
1,home_improvement,0.1764,232.77,12.048429,11.82,732,7272.64,34913,29.6,1,0,0,1
1,debt_consolidation,0.1367,205.33,10.341781,23.95,735,3587.22,364,77.1,1,1,0,0
1,all_other,0.176,1258.32,10.302556,4.66,730,3270.63,14659,32.6,0,0,0,1
1,debt_consolidation,0.1368,74.84,10.316563,14.47,743,11267.62,6610,56.1,0,0,0,0
0,credit_card,0.1819,115.63,10.849848,16.64,641,282.25,5060,0.0,1,1,0,0
0,credit_card,0.1989,878.14,9.719531,13.23,653,5339.39,102083,71.0,4,0,0,0
1,credit_card,0.1744,729.85,10.055803,10.87,682,9780.22,658,0.0,3,1,0,0
1,debt_consolidation,0.1568,492.66,10.550373,6.55,705,1563.29,10046,32.5,1,0,0,0
1,all_other,0.1411,92.85,10.200486,13.96,725,4147.73,109362,7.4,2,0,1,0
0,credit_card,0.1426,547.13,11.578071,11.89,722,7688.51,12273,14.5,6,0,0,0
1,credit_card,0.1842,200.35,10.934055,2.69,752,2411.26,2393,46.0,2,0,0,0
1,all_other,0.1026,330.6,11.281983,20.19,754,6240.57,7737,27.5,1,0,0,0
1,small_business,0.1617,512.48,11.215193,6.32,677,3440.38,186055,68.4,3,0,0,0
1,debt_consolidation,0.1754,560.15,10.803868,2.87,719,8762.77,71331,39.9,1,0,0,0
1,debt_consolidation,0.1923,255.06,11.53276,8.49,678,8673.58,4775,51.9,2,0,0,0
1,educational,0.1406,919.77,11.20581,6.44,703,4216.93,127492,23.3,2,0,0,0
1,debt_consolidation,0.1155,637.64,10.735776,10.82,722,180.0,30321,68.7,0,1,0,1
0,small_business,0.22,213.31,9.902815,4.03,612,6705.71,187,52.3,2,0,0,1
1,all_other,0.0936,249.92,11.247602,15.69,802,7973.33,9230,62.3,1,0,0,0
1,major_purchase,0.1362,218.62,10.160605,22.13,732,6727.01,202871,69.0,1,0,1,0
1,all_other,0.1682,372.31,11.161973,13.33,687,6409.35,8512,72.1,0,0,0,0
1,home_improvement,0.1016,549.52,10.978122,2.63,783,6076.86,124622,59.0,3,0,0,1
1,credit_card,0.1802,108.29,10.100175,6.3,697,4560.07,1102,52.0,1,0,0,0
1,all_other,0.1541,95.09,11.087622,14.13,715,3499.68,1347,79.0,1,1,0,0
1,debt_consolidation,0.1468,210.82,11.046705,0.0,691,5499.16,66978,51.7,2,0,0,0
1,debt_consolidation,0.1117,925.33,11.048918,4.09,773,4799.29,42761,35.0,2,0,0,0
1,debt_consolidation,0.1836,469.31,11.019668,1.23,706,7094.89,10490,73.6,1,0,0,0
1,major_purchase,0.1476,1139.81,10.532043,13.4,716,3236.11,43923,77.3,0,0,0,0
1,debt_consolidation,0.1475,338.81,11.290882,27.52,756,4283.37,4238,45.5,2,0,0,0
1,credit_card,0.1458,209.06,10.51053,3.9,732,5555.12,1804,65.0,2,1,0,0
1,all_other,0.1217,112.64,10.2745,18.23,708,3438.6,20307,60.2,1,0,0,1
1,debt_consolidation,0.1519,212.78,11.341527,8.71,752,1850.73,6911,49.6,2,0,0,0
1,educational,0.1342,240.19,11.501223,3.49,806,6934.69,21305,4.4,1,0,0,1
1,debt_consolidation,0.1873,73.15,11.299781,23.39,722,2056.44,15219,15.1,1,0,0,0
1,all_other,0.1161,200.51,10.803611,27.5,714,5786.8,6398,36.3,1,0,0,0
1,all_other,0.09,191.87,9.746926,15.44,716,6650.28,222960,48.2,1,0,0,0
1,debt_consolidation,0.1462,382.92,11.833831,15.1,760,8870.25,2079,12.9,0,0,0,0
1,debt_consolidation,0.1543,370.39,9.737391,13.03,687,11081.19,13973,0.0,1,0,0,0
1,credit_card,0.1322,462.54,11.287497,11.58,699,8609.34,9422,44.0,0,0,0,0
0,debt_consolidation,0.1842,127.73,12.217244,14.95,652,3546.83,17886,47.2,1,0,0,0
1,home_improvement,0.1672,175.5,11.021175,17.27,665,4568.79,11786,72.1,2,0,0,1
1,all_other,0.1394,714.17,11.107652,24.08,690,6066.93,61547,103.1,2,0,0,0
1,debt_consolidation,0.1551,318.57,11.161386,8.99,708,5156.61,18038,7.6,3,1,0,0
1,debt_consolidation,0.1371,673.54,11.050882,13.48,777,5694.68,3862,56.9,3,0,0,0
1,debt_consolidation,0.1504,343.68,12.363874,11.99,730,8425.27,2116,116.0,1,1,0,0
1,home_improvement,0.1753,447.86,10.415669,19.67,675,5630.5,3194,8.8,3,0,0,0
1,all_other,0.1774,570.47,10.339077,29.16,682,7591.48,2977,18.7,1,0,0,0
1,debt_consolidation,0.0987,238.62,10.730224,19.9,762,2475.92,32395,75.2,2,0,0,1
1,all_other,0.1355,232.86,11.991907,18.11,753,6504.34,9584,52.5,1,0,0,1
1,all_other,0.1602,238.98,10.578105,18.86,711,1113.96,20594,55.0,2,0,0,0
1,all_other,0.156,362.08,11.192482,21.35,693,8092.14,1207,65.0,3,0,0,0
1,debt_consolidation,0.12,543.03,11.583315,29.26,753,4827.76,6598,68.5,2,1,0,0
1,debt_consolidation,0.1581,288.52,11.40518,0.97,672,1838.98,23695,59.3,2,1,0,0
1,debt_consolidation,0.1433,843.08,11.551025,16.74,725,4591.15,57757,62.8,1,0,0,0
1,credit_card,0.1355,1188.58,11.794972,0.0,796,6474.0,1016,12.3,1,0,0,0
1,credit_card,0.1828,214.63,11.118021,19.16,718,2187.75,134415,75.5,1,0,0,0
1,debt_consolidation,0.1954,928.12,10.6512,16.4,681,3087.33,109708,92.4,2,1,0,0
1,debt_consolidation,0.1175,357.49,11.019804,8.83,726,4295.15,55735,79.2,0,0,0,0
1,credit_card,0.1452,491.63,10.723177,0.0,692,7368.47,82840,61.5,1,0,0,0
0,debt_consolidation,0.1929,366.53,12.468147,12.5,657,252.96,5971,101.7,2,0,0,1
1,all_other,0.1698,915.23,10.605079,14.14,737,6430.8,3053,52.4,3,0,1,0
1,all_other,0.1177,461.78,11.224716,12.16,752,4648.64,12530,75.8,3,0,0,0
1,debt_consolidation,0.165,303.59,10.014472,8.31,698,7963.92,17706,96.1,3,0,0,0
1,all_other,0.1396,278.96,11.011019,6.41,696,6287.66,4023,36.4,3,0,0,0
1,debt_consolidation,0.1781,170.11,10.754867,12.24,673,8682.58,28080,85.0,2,0,0,1
1,all_other,0.1457,252.59,11.342168,7.07,704,6311.39,104328,14.2,1,0,0,0
1,debt_consolidation,0.169,914.98,11.358069,18.18,689,2255.0,45827,21.9,2,0,0,0
1,debt_consolidation,0.1488,807.86,11.794369,12.06,672,6356.55,11797,18.5,4,0,0,0
1,all_other,0.0908,222.48,11.745917,0.7,782,6514.12,220,0.0,4,0,0,0
1,debt_consolidation,0.2098,191.02,10.889554,13.82,728,3536.85,937,26.2,0,0,0,0
1,all_other,0.1474,735.5,10.353924,15.46,732,3912.44,9410,49.4,1,0,0,0
1,credit_card,0.1833,536.44,10.425465,23.76,744,180.0,30557,38.1,1,0,0,0
1,major_purchase,0.173,98.2,11.11467,19.0,739,7094.91,1124,10.0,3,0,0,0
1,debt_consolidation,0.1304,1179.96,11.02625,6.4,694,4896.11,12752,0.0,3,0,0,0
1,debt_consolidation,0.1586,386.94,11.087335,22.44,720,3813.34,34138,25.2,2,0,0,0
1,debt_consolidation,0.1345,1186.89,10.603583,3.04,700,2719.36,9860,22.4,0,0,0,0
1,small_business,0.1573,432.77,11.806715,12.79,727,3989.68,4048,101.9,1,0,1,0
1,debt_consolidation,0.1124,173.43,10.031663,17.8,723,6322.74,1020,46.4,4,0,0,0
1,debt_consolidation,0.1312,422.89,10.569816,22.66,695,5676.37,37650,97.9,0,1,0,0
0,credit_card,0.1618,138.01,10.272965,25.63,659,4387.48,3839,26.2,1,1,0,0
1,debt_consolidation,0.1423,343.41,10.802526,21.4,716,2157.2,152375,77.5,2,0,0,0
1,all_other,0.1603,179.62,11.690406,11.66,702,4357.99,14520,54.1,0,0,0,0
0,all_other,0.1676,336.85,10.75447,16.6,638,3121.52,19748,23.5,0,0,0,0
1,all_other,0.1503,451.25,10.991901,14.15,729,4652.17,41450,54.5,4,0,0,1
1,credit_card,0.162,474.25,11.335188,7.7,747,6746.73,6106,41.0,3,0,0,0
1,debt_consolidation,0.1182,130.42,10.725457,11.8,806,3840.98,23198,38.2,4,1,0,0
1,all_other,0.1613,245.31,11.163403,25.0,695,9365.5,3894,0.0,2,0,0,0
1,all_other,0.1717,98.08,11.082961,17.06,690,3754.12,3038,104.1,2,0,0,0
1,debt_consolidation,0.1461,582.35,10.240206,26.81,668,889.72,2545,62.7,4,0,0,0
1,small_business,0.1863,459.75,10.646768,5.13,718,4616.48,5000,14.7,2,1,0,0
1,credit_card,0.1283,161.54,11.146297,9.97,718,3660.76,294658,58.3,1,0,0,0
1,major_purchase,0.2009,1088.91,11.712137,15.47,679,13701.81,2576,36.9,2,1,0,0
1,credit_card,0.1745,543.99,11.711569,17.72,703,4010.65,29204,87.6,1,0,0,0
0,debt_consolidation,0.2008,378.04,12.208247,11.79,635,1344.55,7607,38.5,1,0,0,0
1,all_other,0.1522,273.08,11.226129,18.12,745,5162.94,1776,45.7,1,0,0,0
1,debt_consolidation,0.1689,249.2,10.677878,18.07,681,4651.94,38805,28.9,0,1,0,0
1,debt_consolidation,0.1406,215.34,10.890989,3.02,709,2145.86,4888,61.0,0,0,0,0
0,all_other,0.1614,876.39,10.860603,17.8,656,5958.95,5356,46.5,3,0,0,0
1,debt_consolidation,0.2008,493.14,10.681193,20.01,688,6475.38,61876,83.2,0,1,0,0
1,debt_consolidation,0.1629,185.28,11.163603,14.64,699,5262.76,7191,55.9,0,1,0,0
1,home_improvement,0.1336,918.29,11.191988,0.0,710,4393.0,15650,117.9,0,0,0,0
1,debt_consolidation,0.1581,360.01,10.214008,10.69,728,4139.26,10463,42.9,2,0,0,0
1,all_other,0.138,195.91,11.593784,15.62,765,3501.61,9412,24.0,1,0,1,0
1,home_improvement,0.1367,1190.61,9.80955,6.63,738,1856.58,1324,26.0,2,0,0,0
1,all_other,0.1213,169.12,10.794286,18.94,747,8772.45,43161,26.1,2,0,0,0
1,debt_consolidation,0.1459,211.56,11.631082,17.63,765,11153.97,15602,23.4,1,0,0,0
1,all_other,0.1649,387.26,11.300509,13.53,732,2492.63,40217,91.1,1,0,0,1
1,credit_card,0.1628,483.74,10.712246,12.72,709,3553.45,13154,39.6,0,0,0,0
1,small_business,0.1552,225.5,12.130982,13.93,748,2355.88,59267,55.8,3,0,0,0
1,debt_consolidation,0.1218,77.5,10.661555,12.57,751,7286.65,13941,10.1,1,1,0,0
1,debt_consolidation,0.1542,390.2,9.70881,3.73,735,2522.22,98275,47.1,1,0,0,0
0,all_other,0.168,187.0,11.206171,9.63,655,6806.07,2569,0.0,1,0,0,0
1,debt_consolidation,0.1449,292.78,9.845107,13.1,678,6129.78,3087,57.4,0,0,0,0
1,home_improvement,0.1829,225.17,10.422816,22.39,700,4676.95,190868,31.8,2,0,0,0
1,credit_card,0.1218,170.59,11.309878,17.38,740,8459.7,41080,93.6,0,0,0,0
1,credit_card,0.1184,300.79,10.648877,22.76,709,4185.48,216408,71.2,2,0,0,0
1,educational,0.1627,247.99,11.284172,2.91,753,5065.75,29164,70.5,0,0,0,0
1,all_other,0.0985,195.6,10.223559,10.14,760,2018.12,7010,21.8,4,0,0,0
1,small_business,0.1424,737.42,11.453673,26.91,756,180.0,217010,57.7,2,0,0,0
1,all_other,0.1133,179.31,9.898523,7.47,756,7710.18,596,104.0,3,0,0,0
1,debt_consolidation,0.159,321.8,11.734365,7.34,671,3514.23,39333,25.2,3,1,0,0
1,home_improvement,0.1923,391.8,10.640033,10.72,728,7951.15,188,22.9,2,0,0,1
1,credit_card,0.1642,118.45,11.864007,26.52,687,4179.23,121782,48.8,3,1,0,0
0,educational,0.1914,183.71,10.417288,7.97,647,4787.87,2113,54.5,4,0,0,0
1,debt_consolidation,0.1767,382.88,12.104107,16.45,699,5575.12,6701,66.8,3,0,1,0
1,debt_consolidation,0.1205,344.48,10.345827,15.31,760,3711.48,2328,63.0,2,0,0,0
1,home_improvement,0.1693,224.39,9.835691,0.0,728,1021.76,28210,54.0,2,1,0,1
0,debt_consolidation,0.1288,361.27,10.956293,12.49,787,2881.65,8138,26.8,6,0,0,0
1,all_other,0.1678,468.9,11.682733,8.78,717,2684.92,99846,105.0,2,0,0,0
1,all_other,0.0996,531.92,11.412381,17.28,803,4976.17,3811,91.3,2,0,0,0
1,debt_consolidation,0.1616,614.51,11.639412,24.6,717,7852.49,1654,61.2,1,0,0,0
1,debt_consolidation,0.1553,890.53,11.424417,10.22,711,3245.94,5149,84.0,0,0,0,0
1,home_improvement,0.2005,438.61,10.429637,10.22,661,4811.05,150344,46.6,1,0,0,0
1,debt_consolidation,0.1262,138.64,11.397514,29.97,752,5657.01,58038,12.8,0,0,0,0
1,credit_card,0.2051,332.8,10.986629,7.69,691,3074.57,69617,74.1,3,1,0,0
1,credit_card,0.1739,161.28,10.497064,3.33,685,6023.36,4529,11.4,1,0,0,0
1,all_other,0.1313,667.11,11.039406,22.11,759,7811.21,1324,108.2,1,0,0,0
0,debt_consolidation,0.1313,965.46,10.895641,12.25,754,6043.87,106357,15.6,5,0,0,0
1,debt_consolidation,0.1364,370.33,11.793755,14.55,753,4934.43,1207,89.3,0,0,1,0
1,home_improvement,0.1496,854.95,10.615925,28.0,696,2957.61,11045,102.8,1,0,0,0
1,debt_consolidation,0.1701,838.83,10.587413,2.92,708,4763.33,3774,9.3,2,0,0,0
1,debt_consolidation,0.1566,473.36,10.50383,11.25,708,3177.87,12340,6.5,2,0,0,0
1,major_purchase,0.1813,572.76,12.087078,4.07,740,3593.36,710,63.4,0,1,0,0
1,debt_consolidation,0.1207,706.51,10.537961,14.91,769,4754.74,42664,93.5,3,0,0,0
1,debt_consolidation,0.1472,142.14,11.721071,8.78,724,4539.6,98008,69.3,4,0,0,1
1,educational,0.1135,428.09,10.300854,4.51,785,7642.75,58194,24.9,0,0,0,0
1,debt_consolidation,0.178,581.19,11.239041,17.65,744,3590.15,1844,93.8,1,0,0,0
1,debt_consolidation,0.131,135.21,11.090131,12.67,701,6031.62,21912,114.0,0,1,0,1
1,all_other,0.1438,1202.69,11.682355,3.96,741,3898.55,8316,21.5,1,0,0,0
1,home_improvement,0.1329,795.1,11.593911,4.39,775,2782.54,10927,60.2,0,0,0,0
1,small_business,0.1141,778.39,10.979953,14.03,786,6576.59,155593,67.4,0,0,1,0
1,credit_card,0.1885,532.71,10.602384,1.07,755,6107.24,5452,41.1,1,0,0,0
1,educational,0.1368,191.57,11.921227,14.17,711,3559.69,32432,23.2,2,0,0,0
1,debt_consolidation,0.1602,158.29,10.541462,21.84,702,180.0,670,18.3,4,0,0,0
1,all_other,0.1797,368.75,9.546688,17.2,732,7861.52,12273,0.0,1,0,0,0
1,debt_consolidation,0.1196,591.36,9.796275,8.3,774,7002.98,48510,74.2,0,1,0,0
1,small_business,0.1666,567.4,9.944813,14.49,726,7945.58,8601,34.3,3,0,0,1
1,major_purchase,0.1414,1198.6,11.293374,3.96,727,8079.54,29252,97.3,3,1,0,0
1,debt_consolidation,0.1539,306.74,12.280825,13.54,712,5096.82,2990,64.9,0,0,0,0
1,home_improvement,0.1829,308.58,9.685624,10.34,698,4018.96,5188,46.7,0,0,0,0
0,all_other,0.1502,381.35,10.452642,5.43,704,581.11,8818,91.2,5,0,0,1
1,debt_consolidation,0.1006,157.25,10.984306,16.9,715,5398.95,4592,46.9,3,0,0,0
1,all_other,0.126,1048.54,11.872759,0.0,775,3936.64,46047,32.7,1,0,0,0
1,educational,0.1612,323.35,10.449358,4.42,701,3102.9,62882,70.3,3,0,0,0
1,debt_consolidation,0.1589,458.42,11.290388,5.25,712,1663.08,30831,32.8,0,1,0,1
1,debt_consolidation,0.1671,686.8,10.777446,9.12,677,2484.21,190,53.6,1,0,0,0
1,educational,0.1265,216.53,12.520369,21.57,737,1695.22,6575,59.0,0,0,0,0
1,all_other,0.1276,445.99,11.01817,17.8,762,7542.34,42081,50.1,2,1,0,0
1,all_other,0.1633,384.26,11.14697,13.33,772,7849.11,8419,59.4,2,0,0,0
1,credit_card,0.1515,752.1,10.981397,13.0,718,3204.31,7659,59.4,0,0,0,0
1,all_other,0.1591,386.33,10.677041,12.52,732,8121.58,48840,53.5,2,0,0,0
1,debt_consolidation,0.1379,50.45,11.509421,22.07,704,5316.82,53020,32.8,1,0,0,0
0,debt_consolidation,0.1411,194.66,10.222993,0.07,730,8730.63,28500,18.0,6,0,0,0
1,home_improvement,0.1305,129.08,9.708803,17.92,722,6551.23,1011,26.5,2,0,0,0
1,all_other,0.1809,1266.91,10.838381,9.09,712,6640.42,1826,28.4,1,1,0,1
1,credit_card,0.1225,981.44,11.427494,16.07,715,5672.52,20522,67.0,0,0,0,0
1,small_business,0.1707,86.64,10.575726,16.1,727,3255.69,392,97.9,2,0,0,0
1,debt_consolidation,0.1677,191.61,11.043759,17.66,699,1759.22,150793,47.7,1,0,0,0
1,small_business,0.1805,150.09,10.185375,23.53,701,5572.16,13600,83.5,1,0,0,1
1,credit_card,0.0798,398.71,11.578225,3.14,775,4821.63,3546,27.5,0,0,0,1
1,major_purchase,0.0691,172.74,11.327665,19.54,813,11558.65,4673,43.6,1,0,1,0
1,debt_consolidation,0.1789,327.87,10.942034,12.16,664,6929.21,75451,42.9,1,0,0,0
1,debt_consolidation,0.159,146.44,11.032925,9.42,662,2948.74,1458,65.0,1,0,0,0
1,credit_card,0.1592,519.14,10.079919,26.63,674,4849.04,504,29.9,1,0,0,1
0,major_purchase,0.1492,116.91,10.107175,17.44,706,4139.11,2232,69.3,5,0,0,0
1,educational,0.1195,1161.67,10.855585,9.72,744,4961.69,17546,57.9,0,0,0,0
1,all_other,0.1215,1043.59,11.243378,19.21,732,1781.34,141953,52.5,1,0,0,0
1,all_other,0.1527,1217.92,11.274271,12.28,717,7328.77,76696,31.2,0,0,0,1
1,debt_consolidation,0.1088,546.5,10.708611,9.61,730,4071.98,5441,0.0,0,0,0,0
1,credit_card,0.1575,1139.62,11.384681,8.42,684,6695.79,17205,34.7,3,0,0,0
1,home_improvement,0.1466,704.95,11.796683,14.7,701,3550.96,19086,69.4,0,0,0,0
1,home_improvement,0.1559,189.27,10.875913,8.36,709,4066.22,15594,0.0,1,0,0,0
0,debt_consolidation,0.22,321.9,11.118895,13.67,650,6543.21,468,1.9,2,0,0,0
1,educational,0.1561,514.62,10.803209,18.72,666,180.0,6621,39.1,2,1,0,0
1,debt_consolidation,0.1834,890.03,10.852953,13.36,667,7528.21,38726,23.0,1,0,0,0
1,all_other,0.1473,375.99,11.033434,26.24,739,8734.59,216446,119.0,3,0,0,0
1,all_other,0.163,569.35,11.968991,12.69,719,8685.91,20668,54.3,1,0,0,0
1,all_other,0.1413,296.72,11.488319,21.91,733,3307.64,62860,35.6,1,1,0,0
0,credit_card,0.2162,311.37,11.433363,19.34,640,5814.34,44913,80.3,1,0,0,0
0,all_other,0.1948,144.08,10.653217,23.12,654,3944.39,5956,45.4,1,0,0,1
1,debt_consolidation,0.1587,523.29,10.382113,26.21,735,1344.56,1291,44.7,2,0,0,1
0,debt_consolidation,0.1717,276.97,11.167617,0.45,612,5281.8,66883,100.2,1,0,0,0
1,all_other,0.1367,151.37,11.688685,14.43,757,1418.43,211911,0.0,2,0,0,0
0,credit_card,0.1768,259.95,11.981277,11.83,641,6558.64,5566,19.2,1,0,0,0
1,all_other,0.1243,446.35,9.433891,13.37,742,7106.95,73606,62.6,3,0,0,0
1,debt_consolidation,0.1587,612.72,12.422297,9.86,676,8288.09,13914,19.5,2,0,0,0
1,debt_consolidation,0.1368,327.06,11.184362,8.85,750,6341.08,1203,19.1,0,1,0,0
1,home_improvement,0.1124,759.0,11.484448,5.01,827,4025.85,11789,71.2,4,0,0,0
0,all_other,0.2142,1176.31,9.868634,13.27,624,4587.67,4406,27.6,2,0,0,0
1,all_other,0.1629,315.9,10.785487,19.04,736,5367.01,22214,57.9,1,0,0,0
0,all_other,0.1928,795.76,11.431937,9.19,641,8717.15,20723,39.8,2,0,0,0
1,debt_consolidation,0.1498,237.59,10.213404,10.33,726,8743.5,3897,57.3,0,0,0,0
1,debt_consolidation,0.153,153.23,9.16813,7.78,702,4849.73,1349,44.4,4,0,0,0
1,debt_consolidation,0.1487,195.35,11.134658,5.74,715,7517.21,5255,71.5,0,0,0,0
1,credit_card,0.156,208.77,10.899633,10.97,675,3769.93,130570,74.8,1,1,0,0
1,debt_consolidation,0.1338,272.75,11.809216,14.97,740,6150.66,1672,26.9,1,0,0,0
0,debt_consolidation,0.1877,1278.89,10.83245,21.28,655,4186.39,34870,0.3,1,0,1,1
1,educational,0.1656,268.65,10.877102,4.37,757,5669.84,28500,43.1,1,1,0,0
1,debt_consolidation,0.1601,295.51,11.355583,12.39,694,3005.28,4524,30.2,3,0,0,0
0,all_other,0.1636,430.37,11.560447,20.73,657,1509.01,2839,26.4,0,0,0,0
1,debt_consolidation,0.1478,149.96,10.497663,4.47,771,1944.35,28291,0.0,2,0,0,0
1,debt_consolidation,0.1172,400.75,11.506144,21.34,707,6517.69,10459,35.2,1,0,0,0
1,debt_consolidation,0.1444,595.71,10.611742,9.57,782,2274.35,4888,48.2,0,0,0,0
1,small_business,0.1215,1027.82,10.940078,17.51,756,4207.06,23262,29.9,1,0,0,1
1,all_other,0.1825,995.41,11.33917,11.1,680,7286.0,147508,45.6,4,0,0,0
1,credit_card,0.1477,487.31,11.445533,15.77,707,7860.88,79496,65.9,0,0,0,0
1,major_purchase,0.1601,328.93,11.124172,23.7,715,2611.48,13435,88.1,2,1,0,0
1,debt_consolidation,0.1715,348.03,10.270861,11.76,768,180.0,49,91.5,1,0,0,0
1,credit_card,0.1315,491.26,9.789145,19.48,727,3051.07,7465,28.2,0,0,0,0
1,debt_consolidation,0.1327,358.09,10.815347,14.49,717,5561.33,2195,25.3,1,0,0,0
1,all_other,0.1611,361.44,11.522484,7.18,702,6737.91,7898,6.9,0,0,0,0
1,home_improvement,0.1873,207.66,11.204315,11.6,708,2110.6,6256,70.7,2,0,0,0
1,debt_consolidation,0.137,595.27,11.07764,11.16,760,643.29,6599,52.3,1,0,0,0
1,educational,0.1568,471.54,10.925714,2.86,710,2790.52,61225,88.2,4,0,0,1
1,all_other,0.166,228.4,11.118552,15.77,695,3762.06,7598,52.3,2,0,0,0
1,debt_consolidation,0.1453,1068.11,10.323604,17.14,689,10279.05,7087,30.8,1,0,0,0
1,debt_consolidation,0.1689,450.57,11.405923,18.21,689,5334.58,23448,45.6,3,1,0,0
0,all_other,0.1719,144.29,11.446247,22.47,657,6681.59,2014,40.7,0,0,0,0
1,all_other,0.1954,782.65,10.713288,19.18,681,7810.35,6372,26.1,1,0,0,0
1,debt_consolidation,0.1462,235.51,11.196575,8.44,767,3936.14,1221,49.5,1,0,0,0
1,all_other,0.133,277.82,9.882905,9.91,702,5311.15,29623,21.6,0,0,0,0
1,debt_consolidation,0.1381,327.1,11.039829,18.39,737,5692.49,15843,87.3,1,0,0,0
0,educational,0.2088,752.84,10.848794,15.29,616,6575.77,299499,0.0,2,0,0,0
0,debt_consolidation,0.1264,352.13,11.698132,12.48,732,4738.54,801,81.9,5,0,0,0
1,all_other,0.137,573.87,10.808828,6.56,704,7669.92,51645,32.4,2,0,0,0
1,home_improvement,0.1548,126.88,11.459885,8.94,692,7818.74,661,0.0,1,1,0,0
1,credit_card,0.1596,177.54,10.691385,16.62,717,4351.42,2223,0.0,3,0,0,0
1,small_business,0.2002,415.81,9.535479,0.0,691,6957.7,353,45.1,1,0,0,0
0,major_purchase,0.197,243.68,10.792423,0.0,629,6033.03,12215,34.8,1,0,0,0
1,debt_consolidation,0.1894,347.22,11.050022,17.38,745,11714.5,16921,58.8,1,0,0,0
1,debt_consolidation,0.1383,628.62,11.022011,8.92,719,7300.48,6532,34.7,2,0,0,0
1,credit_card,0.1761,224.16,11.03123,15.83,698,6025.62,332,63.8,0,0,0,0
1,debt_consolidation,0.1504,226.74,10.621063,23.48,673,3636.78,4666,47.3,1,0,0,0
0,credit_card,0.2133,446.99,10.732526,5.61,654,2473.81,13450,65.9,1,0,0,1
1,debt_consolidation,0.179,89.14,10.24293,1.08,719,6379.37,2532,72.1,2,0,0,0
1,small_business,0.1577,775.99,9.712071,10.69,771,789.3,10455,61.7,2,0,0,1
1,credit_card,0.1176,396.58,10.86506,7.87,718,9119.82,61645,38.4,1,0,0,0
0,all_other,0.1938,430.18,10.475426,12.43,657,180.0,4367,88.2,1,0,0,0
1,all_other,0.1355,254.65,11.5887,16.31,719,2487.08,1921,45.0,0,1,0,0
1,educational,0.1659,628.09,9.59899,14.85,708,7560.04,9610,25.9,2,0,0,0
1,credit_card,0.112,320.76,11.107521,12.92,743,4971.47,199764,34.7,1,0,0,0
1,home_improvement,0.1509,895.65,12.224107,19.9,733,5517.57,24542,58.2,1,0,0,0
0,home_improvement,0.1929,121.53,10.818464,17.23,612,3341.29,978,75.9,0,0,0,0
1,debt_consolidation,0.1309,385.73,10.928324,11.35,731,4741.0,95749,66.3,0,0,0,0
1,debt_consolidation,0.1849,410.12,11.190072,16.98,672,6770.53,5639,66.4,1,0,0,1
0,debt_consolidation,0.1792,491.16,11.237757,1.94,656,2979.35,7525,36.3,0,0,0,0
1,credit_card,0.155,1020.04,10.680811,19.94,703,4404.85,1391,78.5,1,0,0,0
1,all_other,0.1634,148.74,10.314939,12.75,726,5073.24,13868,47.2,2,0,1,0
0,debt_consolidation,0.22,157.38,11.32816,4.32,648,4383.01,480,31.2,2,0,0,0
1,educational,0.1493,295.85,9.766083,9.73,737,6937.12,1803,0.0,3,0,0,0
1,debt_consolidation,0.1067,94.75,11.437659,19.76,739,6208.6,28932,64.6,1,0,0,0
1,credit_card,0.1238,1168.86,10.691003,7.3,712,4798.44,13396,30.0,3,0,0,0
1,all_other,0.1721,751.74,10.931882,15.43,677,794.99,3275,15.5,4,0,0,0
1,all_other,0.1931,578.35,10.609379,18.66,673,8014.58,8019,9.9,2,0,0,0
1,debt_consolidation,0.141,647.59,11.802838,12.77,749,2750.63,33374,73.0,2,0,0,0
0,credit_card,0.1918,978.5,11.081897,6.63,653,9500.13,20184,52.0,4,1,0,0
1,credit_card,0.1367,241.98,10.73374,12.16,750,2947.9,31553,61.9,3,0,0,1
1,debt_consolidation,0.1778,306.2,10.716559,2.88,704,5695.35,1635,40.7,3,0,0,0
1,all_other,0.17,495.55,10.839624,9.23,706,6649.82,3526,48.1,2,0,0,1
0,all_other,0.1648,272.01,12.392134,4.96,645,4568.47,241983,45.7,4,0,0,1
1,debt_consolidation,0.1676,203.05,10.126576,12.28,704,5839.88,5798,13.3,1,0,0,1
1,all_other,0.1147,248.87,11.590558,3.84,733,4353.68,5243,70.6,3,0,0,0
0,all_other,0.1878,522.17,11.276544,13.18,659,9782.96,13311,22.1,1,0,0,0
1,small_business,0.1567,724.48,11.869285,20.42,729,5565.51,15566,31.3,2,0,0,0
0,credit_card,0.1578,157.5,11.313731,20.85,713,4768.99,2217,57.7,1,2,0,0
1,debt_consolidation,0.1732,342.99,10.932051,4.01,686,5670.56,204,77.0,1,1,0,0
1,home_improvement,0.1471,363.6,11.552217,8.0,742,7890.57,6538,29.0,2,0,0,0
0,debt_consolidation,0.22,157.8,11.070159,18.48,626,6036.06,10605,69.1,0,0,0,0
1,major_purchase,0.1507,519.65,11.390523,17.46,723,5518.54,645,56.5,1,1,0,0
1,all_other,0.1318,342.81,11.801214,8.36,772,1473.38,16759,40.6,0,0,0,0
1,debt_consolidation,0.1577,198.71,10.986437,9.24,765,7948.37,18711,44.5,0,0,0,0
1,credit_card,0.1871,284.91,10.671125,13.17,725,5935.69,51858,44.2,0,0,0,1
1,debt_consolidation,0.1605,559.73,10.537275,0.0,699,3946.55,1889,53.6,1,0,0,0
1,small_business,0.1715,774.85,11.20483,16.22,686,5876.79,19689,80.4,2,0,0,0
1,major_purchase,0.152,482.27,10.394317,20.07,698,8537.22,26441,55.5,0,1,0,1
1,credit_card,0.1555,1222.73,10.716619,9.92,731,6847.64,116354,39.1,3,0,0,0
1,all_other,0.1658,846.38,10.339783,2.81,679,9981.38,42741,33.9,3,0,0,0
1,all_other,0.1079,525.16,11.240087,22.35,739,7245.88,59272,51.1,1,0,0,0
1,all_other,0.1419,229.2,10.471185,14.11,791,236.53,13957,33.2,2,0,0,0
1,debt_consolidation,0.1731,864.55,10.145093,17.49,708,8212.35,5309,0.0,1,0,0,0
0,major_purchase,0.2018,237.94,10.252427,3.48,659,701.97,83417,80.2,4,0,0,1
0,debt_consolidation,0.2057,691.0,10.581636,3.51,659,8437.35,1435,43.3,1,0,0,1
1,debt_consolidation,0.1462,68.16,10.637017,15.46,740,7272.77,125604,41.8,1,0,0,0
1,debt_consolidation,0.162,272.93,11.083386,19.69,708,9259.91,38823,86.1,1,0,0,0
1,educational,0.1612,144.8,10.83141,4.81,743,6167.22,6387,32.1,2,0,0,0
1,major_purchase,0.1406,306.22,11.15589,11.9,690,5775.54,860,59.4,2,0,0,1
1,debt_consolidation,0.1345,126.29,11.204874,1.65,742,8156.63,9774,46.9,2,1,0,0
1,debt_consolidation,0.1574,390.88,11.381705,7.76,704,2117.99,3959,57.0,2,1,0,0
1,home_improvement,0.1869,553.63,9.766227,10.83,682,5160.78,869,29.7,0,1,0,1
1,all_other,0.1519,241.19,10.242394,15.97,695,4484.98,4383,73.2,2,0,0,1
1,educational,0.1619,308.19,11.268481,0.0,665,3986.3,46392,98.5,3,0,0,0
1,small_business,0.1281,428.58,11.058962,21.71,786,3633.26,10766,19.8,0,1,0,0
1,credit_card,0.1671,375.8,11.525929,11.42,706,5455.13,7434,69.0,2,0,0,0
1,debt_consolidation,0.1437,965.47,9.988149,21.53,734,6855.76,890,50.5,2,0,0,0
1,credit_card,0.1359,230.03,10.640156,17.42,690,8778.26,8169,57.7,4,0,0,0
1,educational,0.1488,551.34,10.749208,18.48,670,4348.01,135661,60.5,2,1,0,0
1,debt_consolidation,0.1627,463.13,11.031604,26.54,701,4141.19,11617,10.7,2,1,0,0
1,small_business,0.1554,125.65,10.951885,7.21,752,180.0,6134,24.1,3,1,0,0
1,debt_consolidation,0.1655,411.94,11.216137,13.53,690,8721.28,36185,39.9,2,1,0,0
1,educational,0.1613,362.52,10.860061,5.76,677,1664.94,82840,82.5,3,1,0,0
1,credit_card,0.169,275.89,11.767125,11.89,716,6261.06,99583,38.2,0,0,0,0
1,debt_consolidation,0.1547,1221.36,11.961638,17.57,729,5791.43,18978,60.6,2,0,0,0
1,all_other,0.1347,912.12,10.248083,20.38,772,7535.89,791,48.6,2,0,0,0
1,debt_consolidation,0.1575,224.69,10.957518,9.96,723,2861.05,53490,49.0,3,1,0,0
1,debt_consolidation,0.177,614.34,11.416777,4.29,734,6495.36,5837,51.4,3,0,0,0
1,major_purchase,0.1233,614.42,11.28705,13.11,737,9131.22,4711,23.4,2,0,0,0
1,debt_consolidation,0.1673,430.27,10.681215,6.72,666,5641.28,2302,42.5,3,0,0,0
1,major_purchase,0.1658,179.74,11.085468,8.61,673,2869.57,26049,35.1,0,0,0,0
1,debt_consolidation,0.1995,208.56,9.96409,17.23,669,1392.04,50577,45.3,4,0,0,0
0,credit_card,0.1714,565.4,10.918323,15.95,659,8782.35,3758,27.3,2,0,0,0
1,educational,0.1266,522.95,10.039215,18.36,740,3962.03,30592,99.7,2,0,0,0
1,credit_card,0.1488,309.99,11.239867,10.27,721,4458.69,63503,0.0,0,0,0,0
1,small_business,0.1716,981.76,10.249266,19.56,713,11381.26,19647,0.0,0,0,0,0
0,educational,0.22,1188.24,11.02945,12.7,612,7367.34,10948,59.4,0,0,0,1
1,all_other,0.1132,1014.91,11.124709,10.64,788,7924.14,8571,70.9,0,0,0,0
1,home_improvement,0.1575,1084.28,10.976277,5.02,676,9164.01,3828,93.6,1,0,0,0
1,debt_consolidation,0.1026,350.37,10.544509,0.0,788,1160.07,36968,39.4,1,0,0,0
0,all_other,0.1738,154.0,10.801675,1.81,655,8896.81,67721,47.1,1,0,0,1
1,debt_consolidation,0.22,333.33,11.650454,14.09,679,9237.22,13501,61.5,0,0,0,0
0,home_improvement,0.2013,375.77,10.670989,6.34,626,3944.62,5369,87.6,2,0,0,1
1,credit_card,0.1616,248.02,10.943072,1.25,724,6940.01,24025,9.0,3,0,0,0
1,all_other,0.1748,300.72,10.590359,9.71,668,7478.84,2579,52.6,0,0,0,1
1,major_purchase,0.1771,175.41,11.552461,14.53,669,3290.42,81793,65.6,2,0,0,1
0,debt_consolidation,0.195,665.69,10.977477,15.46,658,7346.3,67927,37.3,3,1,0,0
1,major_purchase,0.1537,1191.56,10.463976,12.4,740,3471.91,24225,59.6,2,0,0,0
1,debt_consolidation,0.1507,1214.49,10.934346,12.18,737,11540.12,5513,29.2,2,0,0,0
1,debt_consolidation,0.1252,435.48,10.782971,8.88,779,5464.16,8051,82.4,3,0,0,0
1,all_other,0.1606,341.31,11.779475,16.97,684,6477.72,676,0.0,2,0,0,1
1,debt_consolidation,0.1608,375.15,10.902741,11.38,718,991.06,3211,39.5,1,0,1,0
1,credit_card,0.1796,1024.81,10.086523,12.07,661,6050.0,35445,63.5,4,0,0,1
1,credit_card,0.2044,1047.96,11.234166,19.76,697,8109.97,3174,38.6,0,0,0,0
1,home_improvement,0.1859,336.89,12.019513,18.06,690,2823.51,498453,71.8,1,0,0,0
1,debt_consolidation,0.1343,861.02,11.660128,11.32,728,3754.38,4943,49.0,3,0,0,0
1,debt_consolidation,0.115,403.9,10.25721,10.34,749,3282.82,2479,55.7,0,0,0,0
1,debt_consolidation,0.1308,220.49,10.766076,10.29,748,2174.46,18758,63.4,4,0,0,0
1,all_other,0.1486,339.6,10.911283,0.0,678,1821.62,20152,45.5,2,0,0,1
1,debt_consolidation,0.1296,1178.61,10.918685,20.17,748,7633.13,97186,0.0,2,0,0,0
1,debt_consolidation,0.1374,617.27,11.162387,7.87,708,1895.78,7259,97.8,2,0,0,0
0,home_improvement,0.1548,267.74,10.720098,18.5,698,600.88,2640,86.7,5,0,0,0
1,major_purchase,0.1617,742.92,10.371469,12.89,683,3729.63,4303,68.0,0,0,0,0
1,home_improvement,0.1683,641.26,11.510598,22.2,689,5185.44,75001,36.5,2,0,0,0
1,debt_consolidation,0.1221,293.32,10.244625,16.25,776,6510.83,151100,60.0,2,0,0,1
1,all_other,0.1325,219.31,10.440709,18.89,722,2841.52,4212,0.0,2,0,0,0
1,debt_consolidation,0.177,180.9,10.240834,8.51,717,3589.39,8605,1.7,1,0,0,0
1,debt_consolidation,0.1685,123.1,11.30345,3.73,700,6412.3,99985,116.9,0,0,0,1
1,all_other,0.1032,224.3,10.994947,13.62,803,7321.27,35475,11.0,1,0,0,0
1,major_purchase,0.1157,318.83,11.468937,0.0,760,8168.73,4266,38.2,1,0,0,0
1,all_other,0.1387,901.52,10.451032,9.37,683,6258.83,1637,51.2,2,0,0,0
1,debt_consolidation,0.1296,655.88,10.165662,4.39,700,915.66,3705,57.0,0,0,0,0
1,all_other,0.1804,454.0,10.65922,6.81,702,2872.05,40819,47.0,3,0,0,0
1,major_purchase,0.172,105.34,10.818677,16.71,716,8194.9,962,36.3,0,0,0,0
1,debt_consolidation,0.1564,470.45,11.057549,16.26,683,9486.97,14503,44.1,4,0,0,1
1,home_improvement,0.1756,124.22,9.903741,11.48,727,4840.77,5836,80.0,1,0,0,0
1,debt_consolidation,0.1435,692.3,11.222026,14.81,765,4620.81,3247,65.5,2,0,0,0
1,debt_consolidation,0.1825,745.82,10.384514,8.87,660,2557.6,4807,66.8,0,0,0,1
1,small_business,0.2075,425.58,10.535076,29.34,667,8610.8,42487,0.0,2,0,0,0
1,debt_consolidation,0.1764,697.0,11.645963,14.68,692,2414.16,24561,62.3,0,0,0,0
1,credit_card,0.1666,789.39,9.59825,8.53,693,9964.3,54876,50.7,0,1,0,0
1,debt_consolidation,0.1169,390.51,11.126726,18.64,786,4855.86,2851,28.6,0,0,0,0
1,all_other,0.1367,336.2,11.124424,21.16,748,2910.2,714,100.4,1,0,0,0
1,all_other,0.1075,140.76,10.430541,7.26,746,602.23,14056,4.4,3,0,0,1
1,small_business,0.1594,299.67,10.657327,2.81,700,4383.86,10252,46.0,3,1,0,1
1,home_improvement,0.1969,201.48,11.674839,4.18,699,4744.38,4779,81.3,3,0,0,0
0,credit_card,0.1641,191.17,12.127383,7.98,655,4263.03,441,51.5,1,0,0,0
1,debt_consolidation,0.1054,212.96,11.579483,12.23,740,5072.61,41558,0.0,0,0,0,0
1,debt_consolidation,0.1654,98.16,12.080382,1.36,729,8524.03,93,88.8,1,0,0,0
1,all_other,0.1388,740.74,10.508288,9.71,759,6607.07,32669,0.0,1,0,0,0
1,all_other,0.1656,451.79,9.966149,11.17,702,5546.98,30374,12.3,0,0,0,1
1,debt_consolidation,0.155,860.62,10.897901,14.84,705,7914.21,27485,75.0,0,0,0,0
1,major_purchase,0.1714,684.98,11.420964,16.82,716,2769.3,9409,19.1,1,0,1,0
1,debt_consolidation,0.1712,553.88,9.798602,15.37,744,6843.41,275,39.6,2,0,0,0
0,debt_consolidation,0.1707,680.62,10.364861,24.97,654,6795.88,800,18.7,1,1,0,0
1,small_business,0.171,434.0,10.432609,20.15,738,8809.24,2744,49.1,2,1,0,0
1,all_other,0.1787,984.1,11.147504,14.13,709,1633.44,201072,81.7,0,0,0,0
1,credit_card,0.1623,270.01,11.068848,5.9,670,2894.56,48134,1.2,1,0,0,0
0,debt_consolidation,0.22,411.88,10.457152,7.94,631,3034.61,7802,54.0,4,0,0,0
1,debt_consolidation,0.1805,325.46,11.039685,2.74,705,6255.47,3910,0.0,2,0,0,1
1,all_other,0.1063,1139.73,10.231669,13.66,765,5619.97,12897,107.9,2,1,1,0
1,debt_consolidation,0.159,246.75,10.669881,14.89,774,6479.39,40419,20.3,1,0,0,0
1,credit_card,0.1258,902.33,10.158479,18.76,724,180.0,16875,63.3,1,0,0,0
1,debt_consolidation,0.1084,137.57,10.838355,14.44,785,8740.49,1127,55.5,1,0,0,0
1,debt_consolidation,0.1705,418.62,10.441702,19.87,708,5647.52,103661,50.9,2,0,0,0
1,debt_consolidation,0.1605,338.88,11.351129,20.01,746,6441.41,22534,34.3,1,0,0,0
1,debt_consolidation,0.1655,189.65,10.914026,5.51,693,5985.8,4643,7.3,1,0,0,0
1,debt_consolidation,0.1523,238.92,10.791687,9.03,690,3490.45,18348,89.7,0,0,0,0
1,credit_card,0.1624,548.72,12.008556,12.52,684,6355.06,72814,19.6,1,0,0,0
0,all_other,0.1834,313.93,11.163806,7.73,632,5250.57,19335,43.6,1,0,0,0
1,debt_consolidation,0.1507,193.13,10.705426,10.92,759,5217.37,21145,36.9,0,1,0,0
1,all_other,0.1586,719.49,10.573921,14.68,686,6292.98,121367,75.5,3,1,0,0
1,debt_consolidation,0.1564,376.97,10.209485,11.75,680,4803.7,3850,113.0,1,1,0,0
1,all_other,0.1466,475.81,10.889811,12.6,665,1658.28,2261,27.2,1,0,0,0
1,small_business,0.1626,829.6,11.117644,6.1,702,4606.25,5160,51.0,0,0,0,1
1,credit_card,0.1234,1077.26,9.762231,16.09,777,9122.55,42108,78.2,1,0,0,0
1,credit_card,0.0973,70.96,10.09797,15.59,790,3676.45,50664,85.6,1,0,0,0
0,debt_consolidation,0.1494,351.4,10.615177,7.34,647,5295.21,14163,42.5,3,1,0,1
1,debt_consolidation,0.1813,122.48,10.26011,3.68,697,7145.88,2821,43.6,3,0,0,1
1,credit_card,0.1534,1219.12,10.956387,21.09,671,10358.29,188761,84.2,0,0,0,0
1,all_other,0.1126,399.45,11.041113,24.66,748,4420.64,1706,0.0,1,1,0,0
1,all_other,0.1823,783.99,10.855393,14.22,721,1992.03,5256,73.4,0,1,0,0
1,educational,0.1837,256.25,11.265606,10.1,686,6741.3,3545,23.8,2,0,0,0
1,debt_consolidation,0.1751,306.24,10.573204,19.82,713,3029.33,59751,51.3,1,0,0,0
1,home_improvement,0.1741,846.7,10.901998,15.85,692,5798.29,8239,48.8,1,0,0,0
1,all_other,0.1547,547.4,10.317979,11.15,771,6575.07,152123,29.4,2,0,0,0
1,debt_consolidation,0.1641,1237.59,11.103618,19.28,731,3861.58,39388,56.0,1,0,0,0
1,debt_consolidation,0.1378,207.81,10.976304,7.01,735,4379.84,2467,36.6,3,0,0,1
0,all_other,0.1787,338.85,10.198894,7.83,612,7108.05,6588,76.3,3,0,0,0
1,debt_consolidation,0.1316,529.03,10.835414,15.11,707,7791.54,4655,24.8,2,0,0,0
1,credit_card,0.1176,576.95,10.906929,13.39,789,5170.54,100132,16.7,2,0,0,0
1,credit_card,0.1114,481.22,11.101417,17.0,760,5481.51,42353,50.2,1,0,0,0
0,all_other,0.1714,154.75,11.124052,20.83,640,2250.16,864,44.9,1,1,0,0
1,all_other,0.1583,198.31,10.490077,1.89,698,5355.19,25339,90.8,0,1,0,0
1,all_other,0.2046,519.57,11.395823,12.87,664,4080.88,9892,46.3,2,0,0,0
1,all_other,0.0964,119.19,11.249064,25.72,775,5256.63,1422,47.0,2,1,0,0
1,small_business,0.1674,208.98,10.488006,8.48,719,8605.54,2913,11.9,0,0,0,0
1,debt_consolidation,0.1439,385.86,10.232955,7.67,681,2244.6,7742,52.6,2,0,0,0
1,educational,0.1443,218.47,10.534627,0.0,711,7998.37,317,13.9,2,0,0,0
0,debt_consolidation,0.2186,489.52,10.032295,13.3,612,5546.88,15586,41.6,0,0,0,1
0,debt_consolidation,0.1574,359.85,11.056884,16.61,669,4992.64,12531,20.4,5,0,0,0
1,credit_card,0.1502,218.45,11.651972,16.59,711,2888.17,7283,61.9,1,0,0,0
1,debt_consolidation,0.1443,220.25,11.797143,5.44,742,5758.82,11588,43.8,1,0,0,0
0,debt_consolidation,0.2032,998.73,10.265502,12.54,636,10488.68,7620,80.4,1,0,0,1
1,debt_consolidation,0.1512,496.99,11.409951,14.13,696,180.0,1811,17.9,2,0,0,0
1,credit_card,0.164,459.81,10.981546,12.96,748,180.0,3925,48.1,4,0,0,0
0,all_other,0.1717,406.2,9.468476,5.05,655,4618.04,3155,50.6,0,0,0,0
1,debt_consolidation,0.1615,204.17,10.727238,13.13,719,5877.52,29962,42.5,1,0,1,0
1,all_other,0.1508,255.71,10.659353,6.98,713,7408.82,1989,78.2,1,0,0,1
1,debt_consolidation,0.1415,69.79,11.668599,0.0,775,6190.27,4518,44.7,0,0,0,0
1,educational,0.2005,260.53,10.398718,17.3,701,970.04,11413,16.4,1,0,0,0
1,debt_consolidation,0.1535,246.94,11.273469,13.57,703,6600.28,955,58.3,1,0,0,0
1,all_other,0.1412,549.79,10.864676,16.68,742,4628.63,5276,98.6,1,0,0,0
1,all_other,0.1698,255.6,10.048057,8.91,660,7273.28,11347,26.9,1,0,0,0
1,all_other,0.1478,655.24,10.593167,16.92,702,3267.29,14002,44.6,0,0,0,0
1,major_purchase,0.1496,315.96,11.864295,19.65,693,1230.41,18784,52.5,1,0,0,0
1,debt_consolidation,0.1578,425.37,10.824244,24.7,705,3932.4,3174,73.9,1,0,0,0
1,credit_card,0.126,358.53,11.482579,18.22,742,6287.59,1867,68.4,1,0,0,0
1,all_other,0.1315,602.78,11.449143,15.26,731,6017.39,5080,50.2,1,0,0,0
1,credit_card,0.1052,827.32,10.656559,3.08,682,5102.23,14655,34.5,1,0,0,0
1,debt_consolidation,0.1813,198.52,10.147112,11.86,715,3531.09,6749,33.0,2,1,0,0
1,debt_consolidation,0.1631,1235.86,10.227391,2.78,767,4730.09,1799,60.6,0,0,0,0
1,debt_consolidation,0.1833,218.07,11.815517,6.95,678,8764.39,371709,26.0,2,1,0,0
1,debt_consolidation,0.1357,326.59,11.02256,26.09,716,11440.36,3034,6.7,0,0,0,0
1,major_purchase,0.1338,255.89,9.872369,5.54,703,6123.95,1287,40.2,1,0,0,0
1,home_improvement,0.1255,1052.11,11.438716,0.0,708,7622.92,3542,31.8,1,0,0,1
0,debt_consolidation,0.1966,192.54,9.840021,18.21,648,3241.56,43535,35.7,1,0,0,1
1,all_other,0.1569,632.7,10.426064,7.96,764,8443.18,27205,62.3,1,1,0,0
1,credit_card,0.1723,83.38,10.97959,17.9,681,4187.0,189991,49.6,1,0,0,0
1,debt_consolidation,0.1555,675.48,12.467456,4.53,749,1893.05,2168,40.1,0,1,0,0
1,all_other,0.1756,343.77,11.427761,9.66,686,7940.7,6743,12.4,1,0,0,0
1,credit_card,0.1513,292.27,10.635742,20.85,686,5284.11,55317,35.2,3,1,0,0
1,debt_consolidation,0.1554,235.43,10.947272,3.48,756,8544.44,2040,0.0,1,0,0,0
1,all_other,0.1577,365.85,11.491023,11.43,748,7125.92,69925,24.4,1,1,0,0
1,debt_consolidation,0.1325,288.49,11.797337,14.61,718,1825.87,11562,23.5,2,0,2,0
0,debt_consolidation,0.159,135.24,10.77894,7.64,739,5521.51,3048,47.2,2,2,0,0
1,credit_card,0.1579,221.34,10.796644,14.27,699,2818.0,702,48.6,0,0,0,0
1,credit_card,0.1507,663.72,10.42367,12.71,710,8219.47,25227,39.6,0,0,1,0
1,educational,0.175,296.24,11.335747,16.29,685,5275.51,116091,13.9,0,0,0,0
0,debt_consolidation,0.1478,217.34,11.555843,25.31,744,3414.34,18846,0.0,5,0,0,0
1,credit_card,0.1854,411.59,9.747402,30.0,684,180.0,20631,86.0,0,0,0,0
1,major_purchase,0.1137,506.83,10.687948,15.8,766,7975.49,16677,22.4,0,0,0,0
1,all_other,0.1726,616.95,10.189798,11.84,698,4203.37,47844,38.6,1,0,0,1
1,educational,0.1323,468.42,11.022053,15.64,711,4405.48,77841,33.0,3,0,0,0
1,educational,0.1393,870.52,10.174853,11.0,739,6269.53,108,72.0,0,0,0,0
1,home_improvement,0.1532,394.23,10.124714,1.65,711,2848.9,6556,55.4,0,0,0,0
1,educational,0.1803,335.34,11.615347,12.28,699,1264.61,4067,26.2,0,0,0,0
1,all_other,0.1565,705.26,10.828988,20.07,709,5542.54,14794,61.9,1,0,0,0
0,all_other,0.1354,226.17,10.893457,2.49,744,2732.4,5801,7.8,3,2,0,0
1,major_purchase,0.1957,304.52,11.193328,5.81,685,4867.96,22301,44.1,0,1,0,0
1,home_improvement,0.1496,124.25,11.5222,8.58,705,2896.54,18662,0.0,2,0,0,0
1,debt_consolidation,0.1465,1207.3,10.674658,15.17,710,1661.91,510,56.1,3,1,0,0
0,debt_consolidation,0.1035,1135.11,10.688248,29.0,743,956.54,336,34.7,5,0,0,0
1,debt_consolidation,0.1534,337.06,10.690839,7.02,706,5312.51,36684,40.4,2,0,0,1
1,small_business,0.1211,620.94,11.58972,13.23,779,7801.26,2894,82.0,1,0,0,0
1,debt_consolidation,0.1536,621.88,10.888438,12.64,704,7504.93,171082,25.2,4,0,0,0
1,debt_consolidation,0.1647,441.97,10.75243,10.52,701,5122.14,42778,26.5,3,0,0,0
1,all_other,0.1369,871.52,11.168447,12.27,704,8621.9,626,3.8,1,0,0,0
1,debt_consolidation,0.1619,159.07,12.047065,9.39,660,3720.88,3054,48.4,1,0,0,0
1,educational,0.1415,329.16,10.975313,30.0,671,7107.06,16050,45.0,0,0,0,1
1,all_other,0.1547,88.57,10.765637,17.77,690,3829.74,5356,68.1,2,0,1,0
1,debt_consolidation,0.1177,178.43,12.115229,9.45,753,3245.24,8290,46.0,1,0,1,0
1,debt_consolidation,0.1992,130.13,11.741179,20.77,709,7084.06,1858,56.7,2,0,0,0
1,home_improvement,0.1941,111.38,11.652743,14.37,692,6141.58,19011,62.1,2,1,0,0
1,all_other,0.1616,272.47,10.624581,13.0,757,6633.9,11287,57.5,0,0,0,0
1,all_other,0.1035,457.97,10.564105,11.34,769,1338.72,36647,43.2,3,0,0,0
1,debt_consolidation,0.1308,231.6,9.811166,10.87,758,7632.51,10124,62.6,1,0,0,0
1,small_business,0.1612,263.01,11.518599,4.18,678,6752.91,4000,65.7,4,0,1,1
1,credit_card,0.2013,243.48,10.976968,1.05,691,4052.94,13619,76.1,0,1,0,0
1,credit_card,0.1415,413.32,9.831458,15.16,779,6517.42,19548,113.1,2,1,0,0
1,all_other,0.1308,241.66,11.663127,11.27,719,7800.47,10972,18.0,1,0,0,0
1,educational,0.1678,192.18,10.724216,18.65,700,3220.18,78048,62.0,4,0,0,1
1,credit_card,0.1141,691.84,10.799411,6.46,737,3236.56,1925,46.5,1,0,0,0
1,all_other,0.1361,201.87,10.007089,5.02,748,4338.75,46806,52.8,0,0,0,0
1,educational,0.1623,158.38,11.230241,17.96,688,180.0,1555,69.0,0,0,0,0
1,small_business,0.1821,665.7,11.23608,10.56,718,5885.25,31094,53.4,0,0,1,0
1,credit_card,0.1599,118.31,10.900728,18.5,745,7337.08,408,16.1,2,0,0,0
1,credit_card,0.1761,929.94,10.674875,12.83,666,6485.16,6779,31.9,0,1,1,0
1,all_other,0.1514,185.26,12.532145,25.55,710,6258.12,50311,63.6,3,1,0,0
1,all_other,0.1101,378.82,10.195946,17.81,668,7618.72,5635,24.5,3,0,1,0
1,debt_consolidation,0.2038,203.68,10.489923,15.43,673,4809.41,9260,15.0,1,0,0,1
1,all_other,0.1522,383.81,11.362037,18.12,689,1130.86,16668,38.2,1,0,0,0
1,debt_consolidation,0.1498,263.22,10.311192,10.72,728,5383.58,260,5.1,0,1,0,0
1,debt_consolidation,0.2065,206.17,10.266194,1.26,698,8313.49,17175,24.9,1,0,0,0
1,major_purchase,0.1433,122.24,11.620226,15.09,685,5963.08,2314,103.2,2,0,0,1
1,debt_consolidation,0.1554,261.66,11.299167,26.0,712,4130.2,47862,31.1,0,0,0,0
1,home_improvement,0.1856,555.73,11.225324,0.0,666,7020.38,8965,58.1,2,0,0,1
1,debt_consolidation,0.1705,625.67,11.040913,15.84,726,6025.31,16143,23.1,1,0,0,0
1,debt_consolidation,0.1366,224.97,10.507786,2.01,753,4520.53,1549,65.2,2,0,0,0
1,debt_consolidation,0.1808,239.78,10.775871,12.44,707,5357.69,37058,39.4,3,0,0,0
1,all_other,0.1512,336.18,10.881764,13.15,702,4266.55,9785,69.9,2,1,0,1
1,all_other,0.1605,385.19,11.446192,17.75,724,6597.09,913,37.6,3,0,0,0
0,debt_consolidation,0.1988,404.9,11.189773,14.05,633,2810.26,4480,33.4,4,0,0,1
1,credit_card,0.1451,277.92,10.364015,22.08,730,5884.88,29519,42.6,2,0,0,0
1,all_other,0.1097,277.13,11.411621,20.65,827,7233.16,12489,47.1,0,1,0,0
1,debt_consolidation,0.1407,306.04,9.906111,11.24,705,5654.8,31320,53.6,1,0,0,0
1,debt_consolidation,0.1522,70.14,10.734543,20.15,705,5683.17,5618,26.9,1,0,0,0
1,debt_consolidation,0.1176,272.56,10.23335,10.44,738,5235.04,69666,20.9,2,0,0,0
1,debt_consolidation,0.1187,626.94,10.407167,9.25,773,6396.5,95696,6.0,1,0,0,0
1,debt_consolidation,0.162,1022.65,12.105218,4.29,747,4161.81,606,30.0,1,0,1,0
0,credit_card,0.2012,927.71,10.032889,21.65,628,4733.66,25736,0.0,2,0,0,0
1,credit_card,0.1526,405.33,10.430292,10.53,731,2807.5,112939,9.9,2,0,1,0
1,small_business,0.0948,152.4,11.241345,0.0,808,4385.22,21560,40.0,2,0,0,0
1,credit_card,0.1515,258.97,10.643298,16.34,734,180.0,9383,63.9,3,0,0,0
1,all_other,0.1744,230.19,11.02489,9.61,666,5131.33,1203,37.2,1,0,0,0
1,debt_consolidation,0.1617,143.76,11.802025,10.54,721,6600.02,6103,104.8,3,0,0,1
1,debt_consolidation,0.2056,211.83,11.329323,10.99,661,4892.51,4439,55.8,1,1,0,0
1,all_other,0.1266,220.19,10.644104,10.28,757,7363.02,41045,52.9,0,0,0,0
1,debt_consolidation,0.1658,146.04,10.848431,30.0,674,8398.44,49380,14.2,1,0,1,0
1,debt_consolidation,0.1729,752.24,11.25367,24.07,713,5019.82,7688,63.9,3,0,0,1
1,educational,0.1587,587.92,11.317344,17.42,677,2568.76,2195,63.7,1,0,0,0
1,debt_consolidation,0.1671,375.25,10.942659,14.27,689,7788.66,333,19.5,1,0,0,0
1,debt_consolidation,0.0908,454.89,11.149971,20.39,766,7283.05,25727,48.1,0,0,0,0
1,major_purchase,0.1479,468.32,11.150565,14.28,714,6182.37,22455,91.4,1,0,0,0
1,debt_consolidation,0.1915,240.43,10.873742,18.23,689,3748.85,355,54.6,3,0,0,0
1,debt_consolidation,0.1824,1269.55,10.560805,16.45,666,6004.84,23066,71.6,1,0,0,0
0,debt_consolidation,0.2058,239.24,11.382983,13.49,639,4281.41,40508,37.2,2,1,0,0
1,debt_consolidation,0.1966,125.88,11.107995,19.09,662,3225.76,123,0.0,1,0,0,0
1,educational,0.1811,443.38,9.660602,9.7,714,5957.89,1999,61.0,2,1,0,0
1,credit_card,0.1323,548.85,10.42624,13.0,747,2627.08,537381,42.4,1,0,0,0
1,all_other,0.1842,321.98,10.63679,5.84,689,6949.69,11343,54.0,3,0,0,0
1,debt_consolidation,0.1739,937.1,10.80731,6.64,770,5763.9,397892,48.4,1,1,0,0
1,debt_consolidation,0.1675,440.99,11.664406,0.0,683,4781.3,14898,24.2,2,0,0,0
1,all_other,0.1336,208.57,12.883419,15.75,701,4956.02,61063,48.8,2,0,1,0
1,debt_consolidation,0.1625,254.67,9.430119,17.65,669,2377.08,6440,28.6,2,0,0,0
1,debt_consolidation,0.1482,419.68,11.115688,20.09,748,2527.09,3618,17.1,4,0,0,0
1,credit_card,0.0867,366.22,10.972448,4.99,790,9392.09,819,69.7,0,0,0,0
0,small_business,0.1858,932.09,10.819901,15.64,643,4682.74,25128,22.5,1,0,0,1
1,small_business,0.1702,699.74,11.261193,12.6,697,1500.06,2724,42.7,0,0,0,0
1,home_improvement,0.1365,124.15,11.021371,17.69,758,7356.31,2291,21.2,1,1,0,0
0,all_other,0.2166,369.49,10.709525,8.11,655,2499.16,878,88.9,1,0,1,0
1,home_improvement,0.1598,161.06,10.947838,10.28,732,6501.53,11288,61.2,3,0,0,0
1,major_purchase,0.1129,998.26,11.269506,1.88,756,8745.46,36291,18.2,1,0,0,0
1,debt_consolidation,0.22,211.32,11.211497,7.65,713,4517.25,7346,47.2,0,0,0,1
1,all_other,0.1461,434.38,11.045066,12.62,731,7954.37,6392,47.7,3,1,0,0
1,debt_consolidation,0.0921,214.07,10.574097,13.8,777,6894.59,124710,50.1,0,0,0,0
1,educational,0.1018,88.58,12.649677,0.97,784,8993.21,817,29.1,0,0,1,0
1,major_purchase,0.1362,154.42,11.149303,9.07,708,6514.61,195817,27.5,2,0,0,1
1,home_improvement,0.1379,313.01,11.395103,13.71,690,3738.36,1250,89.9,4,0,0,1
1,debt_consolidation,0.1819,590.29,10.620241,22.32,675,180.0,8969,21.0,2,1,0,0
0,major_purchase,0.0859,501.39,11.04564,6.77,747,3079.85,19619,16.7,6,0,0,0
0,debt_consolidation,0.1989,159.9,11.040781,15.98,658,3804.43,52186,0.0,0,0,0,0
1,debt_consolidation,0.1767,490.15,9.763711,8.73,700,7541.66,843,39.6,0,0,0,0
1,all_other,0.145,731.99,10.492837,9.52,714,8095.41,14203,9.6,0,0,0,1
1,home_improvement,0.1828,568.36,10.481563,6.54,691,2319.93,4076,110.7,1,0,0,0
1,small_business,0.1441,291.91,10.563721,5.39,721,8117.3,53536,7.5,3,1,0,0
1,debt_consolidation,0.0954,362.58,10.277398,9.32,807,3126.5,3997,24.7,0,0,1,0
1,debt_consolidation,0.1691,433.34,10.956752,19.83,705,2976.59,491,110.0,2,0,0,0
1,all_other,0.1594,1021.63,11.782389,7.39,693,1601.01,19593,78.3,3,0,0,0
1,debt_consolidation,0.1258,1172.22,11.009598,6.32,749,5904.4,10382,0.0,3,0,0,0
1,small_business,0.1646,607.86,10.209425,14.04,719,3595.78,186902,47.3,3,0,0,0
1,debt_consolidation,0.1575,397.8,10.301149,12.64,765,8342.55,50886,53.9,1,0,0,0
1,debt_consolidation,0.1788,386.28,10.699999,12.13,716,2789.69,2677,18.4,0,0,1,0
1,debt_consolidation,0.1685,409.45,10.06648,14.35,701,6890.52,51790,64.8,1,0,0,0
0,credit_card,0.1794,456.2,11.115719,5.63,642,2029.18,12757,5.7,1,0,0,0
0,small_business,0.2092,286.8,11.75539,6.4,648,7639.7,34194,0.0,3,0,0,1
0,debt_consolidation,0.1702,1248.19,10.578698,19.41,640,5352.8,3249,74.4,4,0,1,1
1,debt_consolidation,0.173,224.95,10.976442,11.59,724,5792.41,5959,63.4,2,0,0,0
0,major_purchase,0.1983,1004.38,10.668334,16.72,658,4163.96,30940,100.2,1,0,0,0
1,all_other,0.1729,84.07,10.545927,21.05,758,4022.34,35156,43.7,2,1,0,0
1,debt_consolidation,0.1394,308.03,11.045641,18.44,711,6301.93,375,92.0,2,0,0,0
1,debt_consolidation,0.1414,295.49,10.525384,3.15,701,9581.27,27609,30.5,2,0,0,0
1,educational,0.1813,464.93,10.436876,11.8,678,2435.85,2830,80.0,1,0,0,0
1,credit_card,0.1396,289.52,9.942232,19.78,734,4208.41,15918,100.8,2,0,0,0
1,debt_consolidation,0.1898,1057.59,10.969399,16.21,679,3528.5,775,20.2,0,0,0,1
1,debt_consolidation,0.1989,342.56,11.580876,13.87,673,1280.61,44939,0.0,1,0,0,0
1,debt_consolidation,0.1697,189.64,11.361458,1.29,755,1249.14,32242,53.1,1,0,0,0
1,debt_consolidation,0.1512,193.16,11.840116,8.35,723,3228.71,2920,52.4,2,0,0,0
1,debt_consolidation,0.1776,283.04,10.518546,13.08,701,4070.17,20803,42.1,1,1,0,0
1,debt_consolidation,0.1348,616.13,11.448994,2.76,734,8600.23,10312,74.8,2,1,0,0
1,debt_consolidation,0.1602,725.03,10.257394,18.08,710,7533.28,28790,14.1,0,0,0,0
1,debt_consolidation,0.1481,162.99,11.362648,11.79,725,3008.96,1195,43.2,1,0,0,0
1,all_other,0.1677,222.02,11.932954,0.0,679,6992.1,1572,24.3,2,0,0,0
1,all_other,0.1568,181.58,11.234013,8.69,789,3061.64,3392,94.0,3,0,0,0
1,home_improvement,0.139,305.69,11.943705,10.62,688,4840.44,10076,69.2,4,0,0,1
1,debt_consolidation,0.1293,721.95,10.564773,11.7,769,5869.46,148869,26.2,2,0,0,0
1,small_business,0.1751,442.83,10.848119,22.4,703,10335.01,14411,48.1,2,0,0,0
1,small_business,0.1698,573.0,10.371433,16.59,741,5732.02,49643,41.7,3,1,0,1
1,major_purchase,0.1214,614.04,10.951222,3.18,738,1364.99,2691,8.5,2,0,0,0
1,debt_consolidation,0.1301,244.44,11.094501,2.32,754,6920.49,4377,92.8,4,0,0,0
1,debt_consolidation,0.1584,156.52,10.945881,10.76,678,7902.98,3709,34.3,1,0,0,0
1,all_other,0.0924,231.38,10.640775,13.47,751,7281.47,7965,119.0,0,0,0,0
1,debt_consolidation,0.1476,671.52,10.630663,19.45,780,2574.44,31779,47.8,2,0,1,0
1,debt_consolidation,0.131,562.84,11.140554,24.54,700,5370.82,6393,83.0,3,0,0,1
1,debt_consolidation,0.1234,385.86,10.832835,24.91,711,5015.2,6738,47.7,3,0,0,0
1,all_other,0.1839,772.48,10.2274,9.55,690,9483.79,27702,55.8,0,0,0,1
1,home_improvement,0.1551,422.9,9.772656,19.05,697,6601.85,4863,34.8,0,0,0,1
1,debt_consolidation,0.1206,288.24,10.566752,15.54,775,9351.79,3169,0.0,1,1,0,0
1,major_purchase,0.1674,129.58,10.086816,5.07,672,3286.62,6395,95.3,1,0,0,1
1,home_improvement,0.1936,981.12,10.420302,0.0,674,4518.19,202800,29.2,3,0,0,0
1,debt_consolidation,0.1174,338.4,10.671784,13.59,771,3716.08,44754,89.4,1,0,0,0
1,debt_consolidation,0.157,279.18,10.84088,2.28,734,7506.76,227827,107.6,1,0,0,1
1,debt_consolidation,0.0966,326.84,10.523736,6.72,791,7908.96,1361,27.9,1,0,0,0
1,major_purchase,0.1702,1113.73,12.266633,7.87,693,6037.0,20417,22.4,1,0,0,0
1,credit_card,0.1717,783.13,10.160727,14.11,715,5296.93,6028,30.1,0,0,0,0
1,credit_card,0.1953,313.91,11.66762,21.44,685,6104.54,6633,0.0,2,1,0,1
1,credit_card,0.1227,506.71,10.830834,12.69,715,1603.64,930,57.0,1,1,0,0
0,debt_consolidation,0.1801,933.64,10.528909,8.88,643,4031.94,87581,84.5,0,0,0,0
1,major_purchase,0.1762,501.65,11.288421,0.0,736,4232.89,816,19.5,2,0,0,0
1,major_purchase,0.1689,423.71,10.653745,15.76,722,5026.01,45401,60.6,1,0,0,0
1,credit_card,0.1528,88.12,10.437752,12.8,708,3429.98,5822,40.4,1,0,0,0
1,all_other,0.1627,923.24,12.021784,8.81,695,2936.73,2546,40.6,0,0,0,1
1,debt_consolidation,0.1771,191.74,9.591379,20.65,676,1065.01,2372,46.4,0,0,0,1
1,debt_consolidation,0.1358,100.32,10.780627,4.38,738,6140.2,11851,56.6,0,1,0,0
1,debt_consolidation,0.1871,112.93,11.045944,7.87,665,1630.7,6087,28.5,0,0,0,0
0,all_other,0.1572,210.52,11.788894,10.91,729,7558.66,11017,47.3,1,2,0,0
1,home_improvement,0.0981,494.58,10.686957,8.72,789,5869.84,456,29.5,0,0,0,0
1,major_purchase,0.1209,819.72,12.553219,16.4,766,7276.08,402,50.7,0,0,0,0
0,debt_consolidation,0.1725,497.06,11.393063,15.8,653,2830.59,594,20.3,0,0,0,0
1,debt_consolidation,0.1598,1230.15,9.485951,19.85,690,9719.47,39487,73.3,0,0,0,0
1,debt_consolidation,0.1541,287.6,10.043254,16.07,726,10609.25,110989,36.8,2,1,0,0
1,educational,0.1609,327.3,11.07453,11.8,707,5135.12,7174,10.7,2,0,0,1
0,home_improvement,0.1654,104.89,10.232242,10.26,657,6043.55,35973,40.7,3,0,0,0
1,all_other,0.176,262.79,11.264178,15.74,725,5028.01,19047,44.8,1,0,0,0
0,all_other,0.156,91.56,10.653225,11.29,710,7578.31,70982,32.8,7,0,0,0
1,all_other,0.1523,148.71,10.200424,12.93,783,7041.66,75236,0.2,2,1,0,0
1,debt_consolidation,0.1892,622.54,10.3416,16.12,700,621.57,1513,43.2,0,0,0,1
1,debt_consolidation,0.1149,110.71,11.449667,13.56,754,2993.41,14886,51.7,2,1,1,0
1,debt_consolidation,0.1677,127.88,9.695998,14.73,662,6041.88,43074,59.2,1,0,0,1
1,debt_consolidation,0.1651,113.15,11.567618,7.14,671,6994.3,43351,76.4,2,0,0,0
1,all_other,0.15,652.91,11.585467,21.91,737,5433.41,37307,61.5,1,0,0,0
1,debt_consolidation,0.152,1197.56,10.727842,4.96,751,818.23,10379,56.5,0,0,0,0
1,credit_card,0.175,372.68,10.07329,15.63,674,6451.45,32285,63.5,0,1,0,0
1,all_other,0.1444,727.84,11.269077,9.25,711,9622.11,1127,30.5,2,0,0,0
0,all_other,0.2128,183.13,10.633321,20.07,657,180.0,1219,74.1,2,1,0,0
1,major_purchase,0.1503,897.25,10.005778,18.7,703,7408.23,122236,44.8,0,0,0,0
1,debt_consolidation,0.1563,231.8,12.094576,12.59,742,9640.24,62409,41.5,0,0,0,0
1,all_other,0.1628,616.03,10.390508,23.33,693,7418.88,137624,10.8,1,0,0,0
1,debt_consolidation,0.1586,376.55,10.031988,11.31,701,4858.22,8552,59.8,3,0,0,0
1,credit_card,0.1887,104.53,11.103881,18.68,667,7302.19,2289,56.8,1,0,0,0
1,all_other,0.198,218.16,10.888613,7.59,685,4843.46,8110,68.6,4,0,0,0
1,debt_consolidation,0.1318,416.51,11.836575,15.39,777,6415.07,242995,6.8,0,0,0,0
1,debt_consolidation,0.1448,103.12,10.697883,6.17,713,5268.31,2859,67.8,2,0,0,0
1,credit_card,0.2026,502.06,10.704327,12.73,672,5338.24,8287,41.8,0,0,0,1
1,credit_card,0.1712,144.94,11.134489,12.25,698,3155.32,76753,21.0,2,0,0,0
0,credit_card,0.1868,582.8,11.051706,18.66,649,3901.7,12441,33.6,3,1,1,0
1,all_other,0.194,155.54,11.070323,7.97,671,9121.77,5881,23.3,1,1,0,1
1,all_other,0.1389,509.02,11.09589,30.0,762,3510.46,36639,56.5,1,0,0,0
1,all_other,0.2073,727.19,11.030416,3.06,705,180.0,5099,34.4,1,0,0,0
1,debt_consolidation,0.1235,324.6,10.675945,14.21,782,13848.48,23475,44.6,1,0,0,0
1,all_other,0.1807,374.23,11.437933,14.59,706,3968.61,230,33.4,1,0,0,0
1,all_other,0.1652,1095.8,10.710463,16.31,709,4388.69,664,43.3,1,0,0,1
1,home_improvement,0.1539,220.35,11.420654,9.04,734,4054.82,7526,14.0,1,0,1,0
0,all_other,0.1928,276.91,11.776535,14.27,612,5099.83,92483,0.0,3,0,0,1
1,all_other,0.1452,589.72,10.5167,8.71,718,3162.17,8415,119.0,0,0,0,0
1,educational,0.1667,521.69,12.396735,25.52,708,8783.6,10063,48.1,1,0,0,0
1,small_business,0.1283,310.18,10.495306,8.22,766,4561.04,16312,119.0,1,0,0,1
1,debt_consolidation,0.1277,156.92,10.499713,11.58,747,2446.13,5661,44.8,1,0,0,0
1,small_business,0.1906,793.29,11.259394,8.02,667,180.0,833,46.1,2,0,0,1
1,debt_consolidation,0.1596,161.54,11.199353,7.08,757,7797.19,32922,38.4,1,0,0,0
1,small_business,0.177,1260.07,10.973807,2.93,700,3958.26,16736,63.2,0,0,0,0
1,debt_consolidation,0.1725,169.47,11.429133,17.24,676,5999.24,18928,49.8,1,0,0,0
1,all_other,0.1316,170.41,11.084104,7.96,717,2737.49,1839,7.9,1,1,0,0
1,educational,0.1934,511.69,12.190103,7.1,702,5294.5,125797,16.2,1,0,0,0
1,debt_consolidation,0.1519,558.39,10.897532,5.95,768,4991.8,5501,11.6,4,0,0,0
1,home_improvement,0.1744,198.43,10.408759,14.7,723,7362.19,107875,49.9,0,0,0,0
1,all_other,0.1232,1167.86,10.593457,12.75,718,5473.87,374,51.2,2,0,0,0
1,debt_consolidation,0.1476,475.99,11.217508,12.78,744,2252.71,5529,49.9,0,0,0,0
1,major_purchase,0.1182,304.63,11.226431,7.35,752,11066.06,125072,25.9,1,0,0,0
1,all_other,0.1578,502.29,11.05595,15.6,740,6146.41,8710,11.5,1,0,0,0
1,small_business,0.153,888.64,10.411803,8.03,764,2697.8,215,79.6,1,0,0,1
1,small_business,0.1709,1204.46,11.606275,13.08,733,5532.78,2355,52.5,2,0,0,0
1,debt_consolidation,0.1389,427.2,12.111564,11.64,716,6037.71,17129,63.4,0,0,0,0
1,debt_consolidation,0.114,147.63,10.947827,0.95,757,6270.24,108768,74.3,1,0,0,0
1,debt_consolidation,0.1444,155.88,12.034469,26.6,707,5968.22,6903,0.0,2,0,0,0
1,all_other,0.1616,143.15,11.458416,16.57,711,5673.37,63110,48.3,2,0,0,0
1,debt_consolidation,0.1218,232.31,12.283399,13.84,775,7354.23,20576,78.9,0,0,0,0
0,debt_consolidation,0.1331,380.1,11.218313,14.93,772,6879.67,5659,10.7,5,0,0,0
1,home_improvement,0.1354,431.4,11.013328,26.76,710,6926.15,38532,13.7,2,0,0,0
1,debt_consolidation,0.1634,850.23,11.443865,20.44,693,618.61,50856,13.1,1,0,0,0
1,credit_card,0.1586,89.91,10.665513,15.01,766,724.24,6906,2.1,0,1,1,0
1,all_other,0.149,375.79,11.178342,7.71,740,3077.02,3460,63.1,1,0,0,1
1,debt_consolidation,0.1584,529.74,11.741737,8.8,722,4438.9,823,51.8,1,0,0,0
1,debt_consolidation,0.1694,54.58,11.429901,0.16,698,3160.14,21342,10.1,1,0,0,0
1,debt_consolidation,0.1398,513.38,10.911116,10.06,723,2520.49,4350,0.0,3,0,0,0
1,all_other,0.189,1281.19,11.052254,17.17,709,5657.19,25228,21.3,1,0,0,1
1,debt_consolidation,0.1743,674.13,11.392183,16.97,685,2878.0,17473,77.3,4,0,0,0
1,home_improvement,0.1572,475.16,11.371912,16.85,715,180.0,19215,11.9,0,0,0,0
1,home_improvement,0.1651,319.8,11.387539,9.04,720,1664.43,8410,0.0,2,0,0,0
1,debt_consolidation,0.181,466.07,11.137057,16.4,696,3535.63,1421,41.1,1,1,0,0
1,small_business,0.1307,1081.99,10.427028,18.29,744,4414.34,23306,9.6,3,1,0,0
1,major_purchase,0.135,291.19,10.524257,0.0,759,7306.73,41805,93.6,2,0,0,0
1,debt_consolidation,0.184,916.94,11.211312,14.7,747,6146.36,451420,48.6,2,0,0,0
1,major_purchase,0.1935,557.54,11.43719,26.96,700,180.0,4229,33.1,1,0,0,0
1,debt_consolidation,0.1407,1168.44,11.358181,10.59,739,8691.44,2047,33.5,2,0,0,0
1,credit_card,0.1691,834.76,10.518118,0.0,713,4561.7,1689,26.8,0,0,0,0
1,debt_consolidation,0.1705,445.61,10.837788,6.99,663,5232.91,10097,29.6,2,0,0,0
1,home_improvement,0.1513,414.62,10.21369,0.08,736,5363.07,39514,114.0,3,0,0,0
1,home_improvement,0.144,301.93,10.081229,8.22,716,2928.3,45496,71.8,0,0,0,0
1,educational,0.1018,701.17,10.979702,4.15,809,6468.55,134619,37.6,1,0,0,0
1,educational,0.1193,240.1,11.758475,19.02,765,189.25,20266,50.1,0,0,0,0
1,debt_consolidation,0.1774,426.67,10.99088,17.97,737,8410.26,1605,22.1,1,0,0,0
1,credit_card,0.1422,327.52,12.093963,14.97,719,5528.82,16054,72.9,1,0,0,0
1,debt_consolidation,0.176,153.79,10.829897,21.06,716,5968.09,380,0.0,1,1,0,1
1,debt_consolidation,0.1644,451.48,10.949042,8.7,672,6376.55,6285,26.1,2,1,0,0
0,debt_consolidation,0.1747,134.95,10.325486,13.11,644,3956.38,5545,11.5,4,0,0,1
1,major_purchase,0.1785,288.35,10.718181,27.74,677,8237.89,22838,68.2,2,0,0,1
1,credit_card,0.1308,588.58,10.204138,16.64,708,3246.96,22109,41.6,0,0,0,0
0,debt_consolidation,0.2052,460.78,9.987344,16.62,630,2558.54,3351,0.0,4,0,0,1
1,educational,0.1626,429.57,10.214512,7.3,689,5432.53,3514,38.0,2,0,0,0
1,home_improvement,0.1489,206.67,10.982018,9.73,701,1615.55,12126,40.5,1,1,0,0
1,debt_consolidation,0.1442,783.67,10.480609,5.68,702,3644.26,23442,83.6,1,0,0,0
1,all_other,0.2066,220.59,10.625078,24.2,685,5711.93,35492,48.7,1,0,0,0
1,credit_card,0.1611,631.48,11.180021,1.85,697,6897.63,5028,39.2,0,1,0,0
1,credit_card,0.1247,907.94,9.985233,18.91,776,4966.45,10111,42.0,0,0,0,0
1,all_other,0.1621,132.11,10.979432,16.61,735,2799.33,2066,0.0,0,0,0,0
0,all_other,0.1485,284.67,11.447326,1.54,689,4216.99,2109,16.5,5,0,0,0
1,debt_consolidation,0.1799,278.93,11.500081,20.48,707,3389.85,496,0.0,1,0,1,0
1,all_other,0.1556,462.62,11.245106,10.81,709,4815.87,3975,98.8,1,0,0,0
1,debt_consolidation,0.1413,193.5,10.898169,3.49,681,3509.36,84640,26.2,2,0,0,0
1,debt_consolidation,0.1583,169.68,10.549519,15.11,681,2616.73,105566,59.0,2,0,0,0
1,debt_consolidation,0.1169,348.36,10.879761,6.92,748,2305.47,27115,10.5,1,0,0,0
1,all_other,0.1647,261.35,11.938613,11.19,694,464.16,54664,28.7,1,0,0,1
0,all_other,0.1589,346.66,11.09657,9.11,668,7763.18,39975,30.4,4,2,1,1
1,all_other,0.1387,697.05,10.864802,6.53,708,6849.48,14437,55.2,1,0,0,1
1,debt_consolidation,0.1599,123.93,11.273853,4.4,714,1988.71,222,35.5,0,0,0,0
0,educational,0.1905,370.51,10.960332,18.1,635,6686.91,410441,20.9,2,1,0,1
1,debt_consolidation,0.181,261.83,11.067734,14.84,708,5165.95,7851,0.0,2,0,0,1
1,debt_consolidation,0.1643,393.34,10.779503,14.4,743,1830.06,7788,104.4,1,0,0,0
1,debt_consolidation,0.1495,251.23,10.676888,10.09,727,2433.75,113234,24.5,1,0,0,0
1,credit_card,0.1276,160.77,11.53756,12.95,795,4687.38,14124,28.3,0,0,0,0
1,all_other,0.1061,468.86,9.740287,7.52,758,6912.95,614778,22.8,0,0,0,0
1,all_other,0.1451,1204.9,11.221947,7.4,765,6545.34,2894,80.3,2,1,0,0
1,small_business,0.1314,344.18,10.639181,24.4,816,3713.3,57424,20.4,4,0,0,0
1,credit_card,0.1619,231.93,9.76782,18.7,739,6208.2,7387,25.5,0,0,0,0
1,all_other,0.1471,226.66,10.335488,8.73,716,4653.31,12844,45.6,1,0,0,0
1,all_other,0.1333,712.35,10.908012,2.28,747,3222.7,2673,74.9,3,0,0,0
1,major_purchase,0.1595,207.99,10.991902,0.86,689,7461.35,3993,39.2,0,0,0,1
1,major_purchase,0.1828,985.95,11.381403,8.22,714,5449.38,86212,41.1,2,0,0,0
1,credit_card,0.1728,124.49,11.422891,13.34,685,6337.1,25052,36.3,1,0,0,1
1,credit_card,0.1192,415.18,9.986504,13.42,725,2315.68,21532,26.0,1,0,0,0
1,small_business,0.195,642.3,11.160277,13.62,685,3760.85,803,93.3,1,0,0,1
1,educational,0.1583,654.19,11.374412,14.91,684,7110.37,840,16.2,1,0,0,0
1,debt_consolidation,0.1704,633.48,11.063543,5.44,726,4358.27,2499,51.3,2,0,0,0
1,educational,0.1689,469.07,11.236489,23.0,705,4502.77,5804,23.4,2,0,0,0
0,credit_card,0.2136,928.58,9.751162,11.24,637,2407.22,9280,57.0,1,0,0,0
0,all_other,0.2014,203.53,10.325969,14.63,655,5552.16,18145,38.1,3,0,0,0
1,all_other,0.1944,256.98,11.763289,8.07,666,2362.11,56147,46.8,1,1,0,0
1,debt_consolidation,0.1939,304.01,10.759378,14.75,676,5974.44,114964,42.3,0,0,0,0
1,home_improvement,0.165,1093.94,12.286093,26.93,726,2577.85,14928,7.7,2,0,0,0
1,credit_card,0.1384,516.92,10.150162,5.77,718,4536.5,2826,37.9,0,0,0,0
1,debt_consolidation,0.115,581.36,11.883901,4.9,750,8997.56,35145,0.0,2,0,0,0
1,all_other,0.1262,323.36,10.55747,6.63,739,5974.45,14688,46.1,1,0,0,0
1,debt_consolidation,0.1521,673.65,11.456086,10.3,751,4193.86,23081,25.0,2,0,0,0
1,all_other,0.1011,119.28,10.749817,9.0,733,7202.06,75331,33.2,0,1,1,0
1,all_other,0.152,285.59,11.000564,5.42,718,3251.25,5883,40.5,1,0,0,0
1,all_other,0.1317,317.29,11.293281,12.26,752,2594.46,112404,43.9,1,0,0,0
1,debt_consolidation,0.1646,277.69,10.555855,23.37,745,4148.25,1119,0.0,0,0,0,0
1,debt_consolidation,0.1473,301.65,11.418675,11.57,724,7806.69,35086,28.7,2,0,0,0
1,debt_consolidation,0.1269,538.04,10.767817,11.93,758,7666.22,3861,47.3,0,0,0,0
0,all_other,0.22,493.58,11.03861,14.97,621,3818.34,15668,85.4,2,0,0,1
1,major_purchase,0.159,885.58,9.316445,17.07,699,4350.15,18511,114.8,1,1,0,1
1,credit_card,0.1562,88.8,10.724225,22.08,698,6110.79,6240,97.5,1,0,0,0
1,credit_card,0.1263,1039.03,11.700761,14.26,754,11130.43,3920,18.5,3,0,0,0
1,debt_consolidation,0.1346,235.41,11.353753,12.58,770,4466.02,2809,55.8,2,0,1,0
0,debt_consolidation,0.174,985.19,11.470793,5.76,655,8516.33,17312,72.6,2,0,0,1
1,small_business,0.14,279.09,10.962524,17.71,764,5683.68,30178,59.7,2,0,1,0
1,all_other,0.2052,530.26,11.952527,6.77,665,7193.16,201384,39.4,2,0,0,0
1,debt_consolidation,0.1762,185.11,11.105948,6.56,667,7593.92,7264,49.3,0,0,0,1
1,all_other,0.151,162.08,10.527339,13.93,701,5499.94,938,52.7,1,0,0,0
1,credit_card,0.1414,562.62,11.451636,23.24,698,4989.16,23293,23.9,0,0,0,0
0,debt_consolidation,0.1864,61.81,11.492785,17.61,651,4542.02,677,49.6,0,0,0,0
1,debt_consolidation,0.1335,158.21,11.314051,12.34,735,5936.58,141883,6.2,2,0,0,1
1,all_other,0.1368,636.47,10.68421,5.83,736,8029.56,36783,111.3,1,0,0,0
1,debt_consolidation,0.1209,272.18,11.101698,23.1,750,8366.82,2179,32.2,0,0,1,0
1,all_other,0.167,209.42,11.779928,12.21,694,8086.41,866,59.3,1,1,0,0
1,home_improvement,0.1307,1071.19,11.221305,10.6,708,3895.14,2755,50.3,1,0,0,0
1,educational,0.1646,1238.46,10.028565,16.43,709,3639.56,25586,47.4,2,0,0,0
1,debt_consolidation,0.1162,361.42,10.546454,9.51,774,2989.79,3195,61.6,2,1,0,0
0,debt_consolidation,0.2143,1011.02,10.518088,7.4,612,5445.07,35933,76.5,4,0,0,1
1,all_other,0.1818,1146.43,10.469863,8.07,674,7392.27,49063,47.0,1,0,0,0
1,debt_consolidation,0.158,379.11,9.642117,8.05,710,3647.43,4383,67.8,1,0,0,0
1,small_business,0.2063,286.47,12.083252,4.82,669,4602.54,44969,58.2,0,1,0,0
1,credit_card,0.1915,427.52,10.395465,4.05,700,6676.66,75567,7.1,1,0,0,0
1,debt_consolidation,0.1835,143.55,10.439592,19.31,705,4257.1,27043,45.4,0,0,0,0
1,credit_card,0.1409,557.05,9.745558,17.22,685,4584.1,26172,38.3,0,0,0,0
1,debt_consolidation,0.1429,298.07,11.458522,6.92,712,7845.86,4448,62.5,2,0,0,0
1,all_other,0.1354,386.37,10.874572,18.73,734,5119.24,281848,65.0,0,0,1,0
1,major_purchase,0.1727,403.12,10.715943,14.73,701,3259.35,2274,48.4,0,0,0,0
1,debt_consolidation,0.1531,210.42,10.748219,10.37,693,5300.87,5387,56.1,3,0,0,0
1,debt_consolidation,0.1474,368.42,11.288561,4.14,704,6143.35,49104,49.5,1,0,0,0
1,small_business,0.1562,147.7,10.637187,14.96,710,11321.33,5992,28.4,0,0,0,0
0,all_other,0.1916,286.68,9.71677,25.47,644,8857.7,6767,81.1,1,0,1,1
1,debt_consolidation,0.1605,176.52,10.142163,12.7,728,13040.9,1239,62.4,2,0,0,1
1,debt_consolidation,0.1393,202.18,10.110482,19.49,693,2396.64,5162,100.8,2,1,0,0
1,all_other,0.124,75.24,11.097944,11.14,758,8538.07,520831,40.2,3,0,0,0
1,all_other,0.1081,264.43,11.497312,18.96,732,8942.28,6152,28.9,2,0,0,0
1,debt_consolidation,0.0883,487.4,11.824141,11.56,754,5136.21,84662,0.0,1,0,0,0
1,debt_consolidation,0.1827,449.52,9.932714,0.0,672,4078.96,4921,112.8,0,0,0,0
1,debt_consolidation,0.1685,831.06,11.308365,7.62,696,6903.18,1988,61.3,3,0,0,0
1,all_other,0.1805,203.12,10.554807,13.51,663,4245.33,3143,68.9,3,0,0,1
1,small_business,0.2148,296.69,12.713309,20.07,683,2200.18,34907,95.9,1,0,1,0
1,all_other,0.1008,671.46,11.773968,11.54,758,1516.92,333,50.6,1,0,0,0
1,all_other,0.0886,326.7,11.968156,12.81,767,1318.1,167279,26.0,1,0,0,0
1,home_improvement,0.1532,433.55,11.419488,8.55,666,5642.75,23470,72.8,1,0,0,0
1,debt_consolidation,0.1212,1164.51,11.162952,23.37,693,6738.15,6014,39.9,0,0,0,0
1,debt_consolidation,0.145,315.12,10.684424,22.95,707,2623.43,3073,0.0,1,0,0,0
1,debt_consolidation,0.1577,273.13,10.564414,7.93,732,6269.12,4747,90.6,0,0,0,0
0,debt_consolidation,0.192,200.64,10.441936,2.14,643,6251.51,68942,14.8,1,0,0,1
0,educational,0.2039,333.77,11.306721,0.13,649,5926.85,876,25.1,6,0,0,1
1,debt_consolidation,0.1548,780.55,11.881846,16.76,729,6759.77,10015,69.2,2,0,0,0
0,small_business,0.1961,604.09,10.712347,13.53,636,5598.87,66599,0.0,1,1,0,0
1,debt_consolidation,0.153,1037.97,10.489367,7.21,693,8392.19,428,49.2,1,0,0,1
1,all_other,0.1619,496.37,10.025063,14.48,716,6619.41,4003,53.8,2,1,0,0
1,debt_consolidation,0.1181,75.48,11.079262,4.11,726,1923.58,971,77.5,1,0,0,0
1,debt_consolidation,0.0946,543.91,11.679853,18.08,705,9660.1,1391,64.0,0,0,0,0
1,debt_consolidation,0.17,419.49,11.71039,9.96,696,2658.04,15467,67.6,1,0,0,0
1,credit_card,0.1462,377.59,11.770848,5.14,742,5019.5,30907,72.5,2,0,0,0
1,all_other,0.1823,930.7,11.183398,10.07,721,11440.31,5677,89.0,4,0,0,0
1,home_improvement,0.1811,326.84,10.985015,9.83,685,6284.28,993,33.1,1,1,0,1
1,small_business,0.1766,590.54,11.712174,15.12,711,3003.65,2738,17.6,1,0,0,0
1,all_other,0.1429,176.66,10.252863,20.65,725,5901.92,20642,19.1,2,1,0,0
1,educational,0.1104,123.79,10.661085,20.29,775,6365.88,10332,64.6,2,0,0,0
1,debt_consolidation,0.1368,244.72,11.973617,13.7,740,5562.9,1655,38.1,1,0,0,0
1,debt_consolidation,0.1543,306.27,10.274491,11.31,756,3793.07,5011,29.0,2,0,0,0
1,all_other,0.1755,576.72,10.908981,8.68,687,1860.43,38091,77.6,4,0,0,1
1,all_other,0.1836,184.34,11.315112,0.4,690,2148.37,15084,63.0,1,1,0,0
1,all_other,0.1621,1107.53,10.980446,12.47,701,3111.68,2054,92.0,1,0,0,0
1,all_other,0.1402,190.22,11.631145,6.73,705,8297.3,16458,54.5,1,1,0,0
1,small_business,0.2112,388.07,11.860664,21.01,672,2012.66,4451,62.5,2,0,0,0
1,debt_consolidation,0.1557,385.35,11.222595,11.22,758,5449.37,3891,34.8,1,0,0,0
1,home_improvement,0.1443,463.77,11.777938,17.75,744,8555.84,13511,0.0,2,0,0,0
1,all_other,0.1724,536.45,10.363508,9.27,698,6686.91,1888,31.1,1,0,1,0
1,all_other,0.1551,1222.05,10.833901,7.94,734,8613.47,5407,25.4,0,0,0,0
1,debt_consolidation,0.1429,246.19,12.397167,16.77,718,3594.14,58408,7.5,1,0,0,0
1,debt_consolidation,0.1385,464.33,12.115188,14.52,737,6630.36,568849,51.8,3,0,1,0
0,debt_consolidation,0.1607,363.06,10.151067,14.82,659,7937.27,705,73.4,2,0,0,1
1,credit_card,0.1533,758.0,10.922215,11.95,704,7412.93,2684,33.3,3,0,0,0
1,all_other,0.1774,539.47,11.013006,18.05,708,7284.77,66732,58.2,1,0,0,0
1,debt_consolidation,0.1619,449.7,11.184081,17.05,734,2073.42,1467,30.2,0,0,0,0
1,credit_card,0.1779,138.57,11.707166,0.0,686,6727.66,8915,42.4,1,0,0,0
0,credit_card,0.2178,303.28,12.051887,10.82,615,6279.39,193953,29.4,1,0,0,1
1,major_purchase,0.167,196.03,10.952824,19.6,669,4684.18,3413,55.6,1,0,0,0
1,all_other,0.1333,270.76,11.614411,5.57,708,3547.71,7316,63.8,3,0,0,0
1,credit_card,0.1519,213.27,11.3254,0.92,712,6186.11,1394,96.6,2,0,0,0
1,all_other,0.1255,254.78,10.91711,11.64,774,2591.66,32796,30.3,1,0,1,0
1,credit_card,0.1595,288.21,9.894124,16.19,732,3981.75,625,40.7,2,1,0,0
1,all_other,0.1648,293.92,11.551269,9.42,713,7415.35,3619,79.6,0,0,0,0
1,debt_consolidation,0.1766,320.31,11.299168,21.52,709,7665.01,1372,37.1,1,0,0,0
1,educational,0.0967,183.43,11.167649,25.32,752,6265.23,6542,61.6,3,0,0,0
1,credit_card,0.1498,389.02,10.331428,0.0,688,3910.52,212980,32.3,3,0,0,0
1,all_other,0.1563,203.48,12.125074,9.95,705,2281.18,20286,58.4,1,0,0,0
0,all_other,0.1839,261.44,11.023008,0.0,669,3111.4,16025,64.3,6,0,1,1
0,credit_card,0.1735,378.35,10.233761,17.16,764,8274.02,17553,84.8,5,0,0,0
1,debt_consolidation,0.1296,60.45,10.135585,7.91,725,5546.35,10542,24.8,1,0,0,0
1,debt_consolidation,0.1539,1219.98,11.343258,9.32,683,4805.19,85327,61.2,2,0,0,0
1,debt_consolidation,0.1492,546.86,11.361422,20.52,706,5468.66,37723,42.9,2,0,0,0
1,debt_consolidation,0.1324,462.61,10.647564,3.43,729,6771.41,1364,0.0,1,0,0,0
0,debt_consolidation,0.1426,260.4,11.212201,1.7,700,2493.52,52038,28.9,5,0,0,1
1,credit_card,0.1658,414.05,11.33724,0.0,690,3844.1,15937,25.3,2,1,0,0
1,debt_consolidation,0.1868,171.14,11.015354,21.37,685,6675.17,22649,59.4,4,0,0,1
1,home_improvement,0.1524,536.21,10.502182,19.76,723,5659.44,439,21.6,0,0,0,0
1,small_business,0.16,118.32,11.516427,10.57,696,7825.28,10951,49.6,0,0,0,0
1,debt_consolidation,0.1596,158.11,11.440955,3.8,693,6943.5,8758,47.4,2,0,0,0
0,credit_card,0.1581,233.33,11.276285,18.36,659,3129.82,3609,65.8,2,0,0,0
1,all_other,0.1742,1128.74,10.421424,30.0,713,180.0,60902,33.2,3,0,0,0
1,major_purchase,0.1885,185.02,10.11807,10.97,703,5570.7,799,4.1,2,0,0,0
1,all_other,0.1294,465.11,10.97668,4.3,698,2446.8,1200000,73.9,2,0,0,0
1,debt_consolidation,0.1569,90.36,11.497038,21.17,718,6328.99,1829,30.7,2,0,0,0
1,debt_consolidation,0.1277,373.77,11.564627,4.79,738,9036.22,23208,78.9,1,0,0,0
1,small_business,0.16,1230.5,11.286473,10.07,737,2485.88,15413,46.4,0,0,0,0
1,debt_consolidation,0.1447,534.14,10.655223,0.0,731,6676.14,70917,49.0,0,0,0,0
1,home_improvement,0.1331,86.73,10.439433,10.51,701,7235.6,158566,64.6,1,0,0,0
1,debt_consolidation,0.19,413.34,10.919711,3.78,688,5924.29,5452,65.7,1,0,0,0
1,all_other,0.1709,282.17,10.925496,21.29,670,5879.71,14492,44.8,0,0,0,0
1,all_other,0.1568,903.28,11.60545,5.86,687,180.0,5522,34.4,1,0,0,0
1,debt_consolidation,0.1578,357.4,10.637374,17.98,711,5223.85,2329,45.7,1,0,0,0
1,debt_consolidation,0.152,138.76,10.688044,11.88,680,5038.31,11552,0.0,0,0,0,0
1,debt_consolidation,0.1504,344.85,12.183545,13.47,714,7684.32,10473,75.5,1,0,0,0
1,credit_card,0.1358,228.27,11.876246,16.2,673,7459.87,11135,22.1,3,0,0,0
0,credit_card,0.1371,82.07,10.391504,12.23,647,3784.14,5971,32.1,2,0,0,0
1,debt_consolidation,0.1225,322.74,11.825939,8.13,741,310.13,18854,35.5,0,0,1,0
1,all_other,0.1534,382.18,10.245652,7.0,692,1069.98,38211,57.9,1,1,0,0
1,debt_consolidation,0.1352,484.89,10.665224,16.11,678,8581.79,1588,43.2,2,0,0,0
0,credit_card,0.1649,789.34,10.734651,0.0,668,4866.77,29349,66.3,5,0,0,1
1,home_improvement,0.138,306.26,10.882669,24.18,726,1443.41,133039,62.0,0,0,0,0
1,small_business,0.1463,131.88,11.308051,13.51,762,1754.16,1421,23.4,1,0,0,0
1,small_business,0.1899,223.19,10.994949,10.27,695,5637.0,14011,23.5,2,0,0,1
1,debt_consolidation,0.1937,397.78,11.304984,14.44,702,5362.4,22632,39.1,1,0,0,0
1,debt_consolidation,0.146,882.7,10.684877,8.5,751,9199.74,38305,67.8,1,0,1,0
0,small_business,0.1823,397.8,11.158276,11.37,641,4859.48,45909,62.5,2,0,0,1
1,debt_consolidation,0.1355,338.62,10.97817,4.79,785,6025.43,75133,65.4,1,0,0,0
1,debt_consolidation,0.1421,317.77,10.083119,15.19,803,4955.21,13596,39.5,1,0,0,0
0,debt_consolidation,0.1776,391.87,11.224636,12.06,612,7107.33,2218,76.1,0,0,1,1
1,credit_card,0.1364,1190.11,10.988594,13.89,706,9460.14,6169,57.1,4,0,0,0
1,credit_card,0.1396,352.2,10.494515,22.83,683,7421.11,110124,29.9,3,0,0,0
1,educational,0.1491,314.88,10.670846,7.05,700,9987.57,2677,39.4,2,1,0,0
1,debt_consolidation,0.1706,400.89,10.685804,11.71,694,6412.39,25089,70.6,0,0,0,0
1,debt_consolidation,0.1716,243.44,10.7806,1.21,741,1094.89,42287,90.6,1,0,0,0
1,debt_consolidation,0.1755,131.74,12.002964,16.4,706,2999.94,29125,0.0,1,0,0,0
1,home_improvement,0.1794,116.88,12.205055,12.48,675,7112.14,48391,54.7,3,0,1,1
1,debt_consolidation,0.16,231.21,9.267116,12.72,703,4456.8,10396,0.5,1,1,0,0
1,major_purchase,0.1547,872.6,11.227786,11.51,730,5064.62,9300,25.3,3,0,0,0
1,all_other,0.1852,901.59,11.51252,8.61,665,3034.66,199887,60.6,0,0,0,1
0,home_improvement,0.2103,188.76,10.798193,29.82,647,8671.07,256765,50.4,2,1,0,1
1,home_improvement,0.1213,325.83,11.496135,12.86,786,8888.56,110666,23.4,1,0,0,0
1,all_other,0.1719,428.71,11.939042,14.65,686,4487.51,26337,34.3,1,0,0,0
1,credit_card,0.15,228.27,10.093176,4.74,705,4511.94,4352,74.0,3,1,0,1
1,debt_consolidation,0.1649,967.8,11.011595,18.71,695,8248.56,13610,49.3,0,1,0,0
1,home_improvement,0.1413,638.48,12.123616,11.75,731,7675.22,8894,47.0,4,1,0,0
1,home_improvement,0.102,455.69,10.174963,15.68,777,982.62,63654,76.6,1,1,0,0
1,all_other,0.1635,405.43,10.859708,18.83,732,6758.72,20428,69.5,0,0,0,0
0,debt_consolidation,0.2118,138.32,10.656478,11.88,652,6299.5,27835,35.9,2,0,0,0
0,educational,0.179,1020.94,11.571655,7.93,657,5526.68,10371,64.8,2,0,0,1
1,major_purchase,0.1693,584.91,11.65666,0.0,695,2866.0,202,39.6,2,0,0,0
1,all_other,0.1776,524.86,11.02902,9.93,700,2920.46,89305,49.8,2,0,0,0
0,educational,0.1823,236.66,10.949648,7.89,645,180.0,9866,0.0,2,0,0,1
1,all_other,0.1457,238.9,9.88132,4.71,741,3418.95,51482,30.5,1,0,0,0
1,debt_consolidation,0.17,551.29,11.798032,22.63,669,180.0,6367,51.5,1,0,0,0
1,all_other,0.1193,785.08,10.714569,19.38,767,3707.77,146611,14.5,4,0,0,0
1,debt_consolidation,0.1353,1188.24,10.843182,0.0,779,6065.4,4648,37.4,2,0,0,0
1,all_other,0.1702,233.13,11.522676,13.66,701,2140.82,9763,0.3,1,0,1,0
1,credit_card,0.1667,347.32,11.050536,6.96,727,8389.81,11221,67.4,2,0,0,0
1,debt_consolidation,0.177,90.9,11.542344,15.13,663,9949.84,979,87.4,1,0,0,0
1,debt_consolidation,0.1211,64.98,11.29808,7.08,734,5652.3,21093,17.8,1,0,0,0
1,credit_card,0.1866,576.05,11.05431,8.88,691,6581.37,41104,1.1,0,0,1,0
1,home_improvement,0.1597,211.52,11.11937,19.24,669,1013.84,21409,62.7,1,0,1,0
1,educational,0.1458,94.71,10.245109,18.25,699,5518.52,445934,54.2,2,0,0,0
1,debt_consolidation,0.1534,168.8,10.839122,23.02,692,1547.11,2629,60.0,0,0,0,0
1,home_improvement,0.1264,466.09,11.591269,11.1,698,749.98,693,67.3,0,0,0,0
1,debt_consolidation,0.1353,485.83,10.38183,2.56,746,1894.93,1626,51.0,4,1,0,0
1,debt_consolidation,0.1818,126.02,10.493682,18.96,680,4674.11,12514,86.6,0,1,0,0
1,credit_card,0.1175,860.16,10.393429,19.0,776,4958.27,74475,89.9,1,0,0,0
1,all_other,0.2052,251.57,11.023562,16.94,660,4878.0,14462,102.5,0,0,0,1
1,home_improvement,0.154,462.23,11.785543,7.47,771,2150.6,4968,106.8,1,0,0,0
1,debt_consolidation,0.1912,412.33,11.263768,5.21,671,5325.38,120016,26.3,1,1,0,0
1,debt_consolidation,0.1172,358.92,9.602053,16.3,710,3321.55,9090,78.0,0,0,0,0
1,all_other,0.1931,208.98,11.325661,6.49,691,5381.75,1214,52.5,1,0,0,0
1,debt_consolidation,0.157,376.47,10.660325,10.47,697,4470.07,54067,0.0,3,1,0,0
1,debt_consolidation,0.176,474.85,11.240723,30.0,740,553.36,30704,62.0,2,0,0,0
1,debt_consolidation,0.1182,315.17,10.838805,27.29,767,3361.6,15997,26.3,2,0,0,0
1,debt_consolidation,0.1329,397.17,10.405122,18.07,755,6420.65,146458,47.0,0,1,0,0
1,credit_card,0.1644,836.74,10.886402,8.03,695,7156.68,9256,13.9,1,0,0,0
1,debt_consolidation,0.1341,266.54,10.660703,7.62,717,1980.39,17117,84.8,0,0,0,0
1,all_other,0.137,588.1,11.117706,17.54,680,3149.65,2296,21.0,3,1,0,0
1,all_other,0.125,315.8,10.389537,22.93,672,3941.85,3547,25.6,3,0,0,0
1,all_other,0.22,1132.3,10.24389,9.07,666,7988.81,5125,80.1,0,1,1,0
1,all_other,0.1302,137.78,11.37657,9.45,693,6232.88,33154,55.0,1,0,0,0
1,credit_card,0.1188,903.4,11.606392,13.21,719,1860.13,3708,99.0,4,0,0,0
0,small_business,0.2152,286.05,11.283835,3.02,637,6290.25,9372,72.8,0,0,0,1
1,debt_consolidation,0.1283,1176.42,10.534249,3.23,708,8231.86,7657,78.9,0,1,0,0
1,home_improvement,0.0976,476.99,10.478557,4.49,768,5601.0,10054,16.7,1,0,0,0
1,debt_consolidation,0.0791,620.72,10.513682,16.37,753,3122.48,3220,57.1,0,0,1,0
1,all_other,0.1717,349.25,11.473141,14.48,688,7180.45,7854,100.0,1,0,1,1
0,all_other,0.1583,617.81,10.42672,20.44,657,5522.47,1730,15.4,0,0,0,0
1,debt_consolidation,0.1611,620.07,11.469265,0.61,727,4435.81,10265,47.3,4,0,0,0
0,debt_consolidation,0.194,364.91,11.318511,2.13,622,7292.77,10456,44.1,1,0,0,0
1,debt_consolidation,0.1387,637.13,11.685013,15.74,752,5050.24,12285,55.0,2,1,0,0
1,debt_consolidation,0.1504,36.09,11.578523,6.58,702,5261.72,26772,69.1,1,0,0,0
0,all_other,0.1189,231.08,11.26102,7.08,780,7210.5,197741,50.9,5,0,0,0
0,debt_consolidation,0.1677,394.59,10.034104,19.59,644,3807.57,770,105.8,0,0,0,1
1,home_improvement,0.1241,519.28,11.302178,8.78,745,2169.17,6042,0.0,2,0,0,0
1,small_business,0.1508,749.59,11.000439,9.59,706,5873.13,2538,0.0,2,0,0,0
1,debt_consolidation,0.192,336.87,10.702315,10.87,697,8952.07,18010,39.8,2,0,0,0
0,debt_consolidation,0.1714,297.29,11.760957,11.29,658,180.0,33952,84.0,1,0,0,0
1,debt_consolidation,0.1003,649.89,10.837685,17.33,733,6893.48,1570,42.5,2,0,0,0
1,small_business,0.1644,866.38,10.607036,4.25,736,5146.95,18198,34.8,1,0,0,0
1,debt_consolidation,0.1092,600.37,11.615674,11.3,778,3724.65,43679,0.0,1,1,0,0
1,debt_consolidation,0.1379,334.86,10.682893,20.62,748,3444.17,21590,38.1,0,0,0,0
1,educational,0.1609,1232.05,10.576509,27.32,687,7317.4,6372,31.6,3,0,0,1
1,all_other,0.2028,431.37,10.242436,3.24,672,6759.71,32259,42.1,4,0,0,0
0,debt_consolidation,0.1716,454.78,10.429693,14.88,658,2467.25,7273,42.9,1,0,0,0
1,small_business,0.162,1209.47,10.482023,11.29,766,5821.55,46574,67.0,0,0,0,0
1,major_purchase,0.1836,1158.19,11.308839,11.92,680,8490.77,19229,34.4,3,0,0,0
1,all_other,0.1034,582.01,10.308366,7.15,766,6803.54,8093,22.3,4,0,0,0
1,debt_consolidation,0.1507,201.91,9.796718,17.82,730,890.29,1462,47.5,1,0,0,0
1,all_other,0.1349,401.59,11.11497,17.46,723,6675.0,11243,46.4,2,0,0,0
1,debt_consolidation,0.1371,534.8,10.54329,30.0,698,1941.4,1969,11.4,3,0,0,0
1,all_other,0.1206,1163.5,10.920077,3.48,735,5605.21,1921,57.9,2,0,0,0
1,debt_consolidation,0.1728,1252.73,11.712274,0.54,709,3190.81,6268,10.3,0,0,0,0
1,all_other,0.2151,272.84,10.973642,26.78,696,6066.24,9685,65.9,2,0,0,1
1,credit_card,0.1281,667.61,11.850869,12.24,736,3385.68,1618,31.7,2,0,0,0
1,educational,0.1625,218.13,10.88843,9.45,705,2444.07,8397,14.0,2,0,0,0
1,home_improvement,0.1756,360.13,11.544243,13.9,680,5847.27,7477,119.0,2,0,0,0
1,debt_consolidation,0.135,202.24,10.596069,2.98,733,5348.47,4189,50.1,2,0,0,0
1,debt_consolidation,0.185,1274.13,10.995691,15.19,708,7114.04,7254,77.7,1,0,0,0
1,all_other,0.1913,474.42,10.36089,12.05,729,3734.34,30681,44.9,0,1,0,0
1,debt_consolidation,0.1516,466.68,10.433339,20.01,693,1275.14,5882,85.1,2,0,0,0
1,debt_consolidation,0.2113,427.3,10.792953,18.51,664,6750.12,27732,68.4,0,0,0,0
1,credit_card,0.1153,469.59,10.119594,19.09,776,8677.25,9628,39.0,1,0,0,0
1,debt_consolidation,0.1099,477.22,11.02721,13.92,769,3615.46,55802,75.2,1,0,0,0
1,debt_consolidation,0.1378,230.68,10.745316,23.67,744,6275.35,40084,81.5,1,0,0,1
1,all_other,0.18,121.33,11.073094,16.58,695,4280.73,7786,34.9,1,0,0,0
1,educational,0.1588,151.59,10.128953,8.92,699,9891.36,3680,46.6,1,0,0,0
1,credit_card,0.1468,122.24,11.358057,7.02,763,3745.21,23767,107.6,1,0,0,1
1,debt_consolidation,0.1663,444.67,11.965544,7.79,697,4944.77,4725,52.7,2,0,0,0
0,all_other,0.1938,227.58,11.836785,16.66,686,180.0,891,79.3,6,1,0,1
1,small_business,0.1496,752.57,12.091383,3.41,781,8992.72,35484,71.0,3,0,0,0
1,debt_consolidation,0.1874,472.81,10.955883,13.67,708,3724.1,4107,78.7,1,1,0,0
1,all_other,0.1086,98.89,10.71508,6.85,777,8306.18,399,76.0,1,0,0,0
0,credit_card,0.1757,294.91,11.227426,3.95,657,3384.69,9679,0.0,2,0,0,0
1,credit_card,0.1469,85.42,10.784686,5.07,730,4863.19,48907,31.7,3,0,0,0
1,debt_consolidation,0.1033,159.2,9.868333,12.44,789,3106.61,4258,38.3,2,0,0,0
1,small_business,0.1503,269.14,11.429773,17.87,711,2723.41,6268,55.5,1,0,0,0
1,debt_consolidation,0.168,200.64,10.787015,7.94,700,4327.29,24291,21.5,1,0,0,0
1,debt_consolidation,0.189,1281.19,10.034915,0.0,666,4713.78,5281,43.9,1,0,0,0
1,debt_consolidation,0.1397,631.15,10.619948,30.0,751,4147.91,9263,10.6,1,0,1,0
1,all_other,0.1901,318.77,10.800887,20.31,681,1255.27,45802,0.0,2,0,0,0
1,debt_consolidation,0.1356,1008.66,10.937218,19.03,706,5769.17,32337,119.0,4,0,0,1
1,credit_card,0.1692,196.93,10.944545,23.83,663,180.0,15709,34.6,2,0,0,0
1,small_business,0.1208,288.26,11.765102,13.24,769,4215.28,760,84.0,3,0,0,0
1,debt_consolidation,0.1389,678.57,10.14399,11.67,754,1108.85,27849,73.1,2,0,0,1
1,home_improvement,0.1661,177.63,10.837192,21.95,709,7310.76,5812,34.9,2,1,0,1
1,educational,0.2025,658.87,10.393832,21.91,666,8140.3,23942,91.2,1,0,0,0
1,debt_consolidation,0.1063,437.2,11.696263,16.84,768,6539.7,966,21.1,0,0,0,1
1,credit_card,0.1696,588.26,10.587513,18.69,696,3869.39,49038,44.8,0,0,0,0
1,educational,0.2035,1306.98,10.720264,4.05,668,3206.14,2851,64.7,2,0,0,0
0,home_improvement,0.166,533.44,11.570314,10.82,643,4425.77,21800,47.9,4,0,0,1
1,all_other,0.1424,409.71,11.738113,24.36,685,4922.91,48687,42.4,2,0,0,1
0,small_business,0.1662,135.99,11.8283,18.15,655,6266.58,20439,0.0,3,0,0,0
1,credit_card,0.1792,457.64,9.927701,2.51,686,6054.63,20290,69.3,1,0,0,0
1,debt_consolidation,0.1288,262.93,11.224578,8.94,738,180.0,12597,73.5,0,0,0,0
1,debt_consolidation,0.1718,358.67,11.094771,23.23,696,6715.36,1554,33.1,1,0,0,1
1,all_other,0.1453,270.41,10.898752,15.74,724,6024.02,91190,74.1,0,0,0,0
1,debt_consolidation,0.2041,576.66,10.970607,13.86,683,3105.43,63120,54.3,0,0,0,0
1,debt_consolidation,0.1708,195.15,11.714322,14.06,712,2641.24,5930,79.0,0,0,0,1
1,debt_consolidation,0.107,413.6,11.563539,12.02,783,5214.07,45,69.7,2,0,0,0
1,home_improvement,0.1557,184.37,11.477117,8.98,697,5510.19,54760,38.4,3,0,0,0
1,credit_card,0.1649,109.93,11.056218,6.85,725,2304.95,594,107.8,4,1,0,0
0,debt_consolidation,0.1611,303.2,12.31506,19.57,651,5205.67,25627,21.2,2,0,0,0
1,debt_consolidation,0.1534,527.16,10.68562,14.24,768,5521.27,3409,0.0,4,0,0,0
1,debt_consolidation,0.159,222.91,9.944264,17.48,692,7205.12,23586,0.0,2,0,0,0
1,debt_consolidation,0.1541,419.63,10.768201,16.37,750,4782.45,2183,59.9,0,0,0,0
1,all_other,0.1542,295.84,10.96522,22.32,705,180.0,11036,0.0,3,0,0,0
1,debt_consolidation,0.1351,179.84,11.724942,15.74,733,5690.09,713,28.6,0,0,1,0
1,educational,0.1309,545.09,10.618303,18.28,735,833.32,11208,79.5,2,0,0,1
1,debt_consolidation,0.1982,257.03,11.22965,13.75,693,2935.11,10861,0.0,2,0,0,0
1,debt_consolidation,0.1315,480.07,10.028881,6.06,751,1683.08,34503,40.0,0,1,0,0
1,small_business,0.22,150.31,11.589665,11.04,681,6294.67,5088,44.8,0,0,0,1
1,debt_consolidation,0.1454,414.57,10.971675,16.67,740,2344.58,17201,2.3,2,0,0,0
1,debt_consolidation,0.1456,583.16,10.758861,17.28,695,7558.31,5799,54.3,1,0,0,0
1,debt_consolidation,0.1183,463.6,12.230308,22.61,723,2165.19,22600,41.4,2,0,0,1
1,credit_card,0.1887,747.55,11.582643,9.43,692,180.0,20451,64.8,1,0,0,1
1,debt_consolidation,0.1511,596.68,10.295696,14.16,712,4190.2,44687,45.5,0,0,0,1
1,home_improvement,0.1908,494.91,10.863271,11.71,669,1740.24,1675,32.8,2,0,0,1
1,all_other,0.1983,733.22,12.599155,23.81,719,8351.45,9449,57.5,2,0,0,0
1,small_business,0.1834,305.84,12.137078,15.2,712,3361.14,17224,83.8,0,0,0,0
1,all_other,0.1721,563.35,11.493008,15.33,689,7945.51,200976,87.0,1,0,0,0
1,credit_card,0.1813,402.24,9.803301,12.35,708,4295.23,261005,64.4,3,0,0,0
1,credit_card,0.1697,1247.32,11.742612,11.05,715,5950.46,1243,70.8,2,0,0,0
1,all_other,0.141,453.36,10.542537,2.6,687,3736.6,4090,27.9,2,0,0,0
1,credit_card,0.1848,161.87,11.737346,3.9,705,11002.87,201,39.4,0,0,1,0
1,credit_card,0.1721,466.9,10.489172,13.83,672,2187.89,367317,60.6,2,0,0,0
1,debt_consolidation,0.1467,193.92,11.228186,12.97,799,180.0,18181,54.1,2,0,0,0
1,credit_card,0.148,629.61,10.539428,13.87,750,5710.49,27695,64.7,2,0,0,0
1,debt_consolidation,0.1752,662.4,10.708399,19.1,720,2497.65,6595,88.8,2,0,0,0
1,all_other,0.1312,241.03,11.30954,13.24,755,5570.75,10871,43.6,3,1,0,0
0,debt_consolidation,0.1593,185.79,10.125472,10.2,635,4886.72,66628,4.1,1,0,0,0
0,debt_consolidation,0.2108,452.72,12.377175,11.15,613,3736.49,2051,21.2,0,0,1,0
1,debt_consolidation,0.1822,210.66,10.303395,14.28,695,4042.63,1796,53.0,1,0,0,0
0,debt_consolidation,0.1682,216.29,10.269278,9.98,658,6083.12,7442,36.2,4,0,0,0
1,debt_consolidation,0.1559,268.29,11.311332,19.94,701,4156.83,11113,11.4,3,0,0,0
1,debt_consolidation,0.108,552.76,11.718084,12.52,718,4678.1,26600,45.8,1,0,1,0
1,all_other,0.137,131.74,10.732541,14.34,745,3815.46,11288,25.6,2,0,0,0
1,debt_consolidation,0.1502,223.66,10.276404,6.97,667,9130.96,2830,64.0,2,0,0,1
1,educational,0.1595,1229.63,10.367349,19.95,725,8334.0,5948,91.1,1,0,0,1
1,home_improvement,0.1621,1234.13,10.301688,22.53,711,1378.94,14518,80.9,0,1,0,0
1,debt_consolidation,0.1504,884.84,11.11799,3.19,723,5066.36,31475,20.1,2,0,0,0
1,all_other,0.1914,414.22,10.887308,15.37,690,3023.62,54124,29.0,1,0,0,0
1,all_other,0.1369,630.05,11.189758,11.86,763,1946.91,7049,2.4,0,1,0,0
1,debt_consolidation,0.1616,294.42,11.15257,14.56,706,180.0,3526,79.5,2,0,0,0
1,all_other,0.1322,55.67,11.43283,15.72,777,4246.37,2599,51.0,2,0,0,0
1,credit_card,0.1577,257.16,10.679934,0.0,680,4438.36,70747,93.4,2,1,0,0
1,all_other,0.1631,277.17,10.479695,17.84,738,8449.75,5442,64.7,0,0,0,0
1,debt_consolidation,0.1385,380.48,11.025339,20.28,708,7678.59,3223,34.1,2,0,0,1
1,credit_card,0.1698,546.68,10.896456,21.05,698,6289.58,14292,0.0,1,0,0,0
1,debt_consolidation,0.1695,1237.71,11.084301,6.08,734,6904.75,144772,55.9,1,0,0,1
1,home_improvement,0.1403,382.41,10.495855,12.39,699,7189.28,2493,108.1,0,0,0,0
0,educational,0.1732,194.04,11.321753,8.88,612,6279.0,28170,71.7,2,0,0,1
0,debt_consolidation,0.1791,344.33,10.211192,0.0,612,8521.89,5282,43.3,3,1,0,0
1,home_improvement,0.1706,612.64,10.661365,8.32,758,1886.05,13066,71.5,1,0,0,0
1,home_improvement,0.1226,337.11,11.618715,5.12,757,3841.46,40049,68.2,2,0,0,0
1,all_other,0.0995,200.96,10.239898,14.91,782,3488.42,76542,83.8,1,0,0,0
1,debt_consolidation,0.1637,558.06,11.570648,1.34,709,3681.33,4687,22.2,2,0,0,0
1,home_improvement,0.1235,164.07,10.070449,5.84,661,4680.93,36338,59.6,0,0,0,0
1,debt_consolidation,0.144,203.26,9.963012,9.02,694,9141.44,15993,3.9,3,0,0,1
1,debt_consolidation,0.1842,532.23,10.018744,17.91,710,7298.36,20836,0.0,2,0,1,1
1,all_other,0.1539,220.05,11.001252,30.0,672,8117.81,78987,67.4,0,1,0,0
1,all_other,0.1223,284.79,11.375053,14.69,773,4865.18,3509,83.2,2,1,0,0
1,debt_consolidation,0.1235,369.22,11.718482,5.48,795,4751.99,37789,47.1,3,0,0,0
1,educational,0.1537,370.13,11.669851,7.91,728,6505.93,14059,44.4,4,0,0,0
1,debt_consolidation,0.1452,191.3,11.456246,17.14,710,6140.13,72703,57.1,1,0,0,0
1,all_other,0.1889,503.97,10.422612,3.31,661,6138.61,21081,80.5,1,0,0,0
1,credit_card,0.1583,201.82,10.417293,20.17,769,10856.0,8589,73.0,4,0,0,0
1,debt_consolidation,0.1333,1175.83,11.410553,14.49,713,6524.64,44089,56.5,1,1,0,0
1,credit_card,0.1512,286.78,11.796998,11.74,699,3092.22,4409,66.9,1,0,0,0
1,all_other,0.1457,576.76,10.301004,0.97,728,3300.22,5764,70.8,0,0,0,0
1,all_other,0.1798,660.44,11.71934,18.95,688,7164.64,3288,15.9,3,0,0,0
1,all_other,0.1539,297.4,9.758594,7.34,716,6969.45,4012,62.6,2,0,0,0
0,major_purchase,0.1781,200.42,11.167854,13.66,655,7506.83,138,9.7,0,1,0,1
1,small_business,0.1215,606.77,10.866678,11.52,751,6362.21,4831,78.2,2,0,0,0
1,debt_consolidation,0.135,137.12,10.805444,1.67,706,2459.77,9724,71.6,2,0,0,0
1,debt_consolidation,0.14,153.69,10.949075,11.01,754,8901.71,36921,48.8,0,0,0,0
1,all_other,0.1492,579.25,10.409225,4.25,702,8417.2,2506,41.6,1,0,0,0
1,major_purchase,0.1513,330.06,11.202108,8.1,705,4095.95,4911,80.4,1,0,0,0
1,home_improvement,0.1754,239.55,10.967008,15.59,664,5976.24,8249,54.9,2,0,0,0
1,debt_consolidation,0.1897,282.69,11.50054,17.45,739,5524.51,37226,54.5,3,0,0,0
1,small_business,0.1758,225.27,11.900138,12.47,677,4131.14,14588,56.7,3,0,0,1
0,debt_consolidation,0.1917,1285.97,11.007419,6.5,692,2162.04,19914,58.9,5,0,0,0
1,debt_consolidation,0.1822,809.09,10.430582,8.13,710,6496.2,44865,80.9,2,0,0,1
1,all_other,0.1697,218.9,10.235882,8.01,715,1330.03,24456,0.3,0,1,0,0
0,debt_consolidation,0.1682,312.53,11.965934,0.0,645,3571.56,4169,43.7,3,0,0,0
1,all_other,0.1627,586.18,11.887928,13.11,701,9339.56,168831,0.0,0,0,0,0
1,debt_consolidation,0.1346,187.37,11.471297,1.1,740,6100.86,522,58.6,2,0,0,0
1,home_improvement,0.2025,275.86,10.966511,13.13,696,6017.89,46041,28.4,0,0,0,0
1,major_purchase,0.1682,315.73,11.427251,2.53,701,4323.67,22116,51.1,0,0,0,0
1,debt_consolidation,0.1489,204.27,11.725724,4.28,716,1156.59,80078,24.6,1,0,0,1
1,all_other,0.1938,868.3,10.553046,17.21,705,6095.71,7532,23.3,2,0,0,0
1,credit_card,0.1664,235.33,10.948175,12.77,671,6307.26,4944,34.4,4,1,1,0
1,debt_consolidation,0.1674,358.14,10.255196,0.0,709,7045.44,1876,49.4,3,0,0,0
1,home_improvement,0.1528,413.07,10.851272,8.74,748,4078.47,1995,66.9,1,0,0,0
1,all_other,0.1808,1201.59,11.872007,14.41,670,4038.31,8373,25.6,1,1,0,0
1,debt_consolidation,0.1601,362.06,11.587914,8.33,696,6480.22,2843,51.0,3,0,0,0
0,small_business,0.2115,1321.32,11.012354,10.23,657,1915.38,3504,58.8,1,0,0,1
1,all_other,0.1271,284.73,9.287128,14.28,746,7092.68,2005,32.8,1,1,0,1
1,debt_consolidation,0.18,338.81,10.529966,12.91,706,4659.36,57198,58.0,0,0,0,0
1,debt_consolidation,0.1647,745.86,10.992468,5.75,678,5792.59,3442,9.4,1,0,0,0
1,home_improvement,0.1809,1266.91,10.798293,12.75,714,10829.25,20801,20.8,2,0,0,0
1,major_purchase,0.1975,336.63,10.949991,10.62,664,4380.22,8938,77.7,2,0,0,0
1,debt_consolidation,0.1844,945.2,11.07798,24.5,671,5408.28,19058,0.0,2,0,0,0
0,debt_consolidation,0.1788,714.45,10.604455,11.89,655,5134.91,7189,37.1,3,0,0,1
1,debt_consolidation,0.1964,237.48,10.925406,13.53,669,180.0,37791,49.0,2,0,0,0
1,credit_card,0.1439,371.18,10.83884,14.39,762,6588.66,29193,54.1,0,0,0,0
1,debt_consolidation,0.1042,345.13,10.501046,10.38,682,180.0,75737,55.2,1,0,0,0
1,all_other,0.1314,179.38,12.056266,7.63,728,6953.67,3799,40.6,3,0,0,0
1,debt_consolidation,0.1737,439.73,10.63936,15.77,678,3330.97,2822,36.0,1,0,0,0
1,all_other,0.1484,400.11,9.554932,15.83,739,3214.39,5872,22.4,1,0,0,0
1,all_other,0.1876,519.48,12.017792,26.97,671,4963.89,13115,91.9,1,1,0,0
1,all_other,0.1864,418.94,10.413772,17.72,711,1745.47,25416,69.3,1,0,0,0
1,debt_consolidation,0.1667,243.32,11.478944,17.84,712,4779.94,4013,55.5,0,0,0,0
1,all_other,0.0746,1088.07,10.514659,17.55,798,2320.3,15061,45.0,2,0,0,0
1,all_other,0.1491,440.8,11.27726,7.84,734,1836.67,8166,29.7,0,0,0,0
1,all_other,0.1906,996.83,10.90063,3.92,687,4513.91,7145,45.6,4,0,0,0
1,debt_consolidation,0.1464,512.62,11.540202,5.68,736,8118.79,10786,19.0,1,0,0,0
1,debt_consolidation,0.1235,1048.53,10.79964,17.35,791,6865.6,120758,86.7,3,1,0,1
0,all_other,0.1739,227.76,10.530255,22.41,648,3700.55,38751,21.5,1,0,0,1
1,debt_consolidation,0.1893,376.39,11.086782,17.66,678,4650.71,58600,10.7,0,0,0,0
1,all_other,0.1529,278.22,10.69668,11.45,701,3702.52,19534,119.0,0,0,0,1
1,debt_consolidation,0.175,263.13,9.753205,24.17,694,2074.43,183113,42.9,1,0,0,1
1,debt_consolidation,0.1703,470.48,10.563085,9.54,697,2442.01,45423,21.9,3,0,0,0
1,credit_card,0.1795,332.6,12.679949,4.68,660,5721.72,1118,69.2,1,1,0,0
1,debt_consolidation,0.1417,138.0,9.818963,14.35,763,3234.25,35037,8.3,1,0,0,0
0,debt_consolidation,0.1842,321.79,11.07704,21.51,656,4908.4,18798,26.9,0,0,0,0
1,home_improvement,0.185,303.91,10.781833,6.78,702,2508.32,29599,70.3,1,1,0,0
1,all_other,0.1514,703.79,12.050216,0.84,750,7039.43,992,109.2,2,0,0,0
1,major_purchase,0.1771,143.04,10.252267,12.86,709,6657.5,1052,76.7,4,0,0,1
1,debt_consolidation,0.1573,267.53,10.991795,17.92,673,8951.59,9395,68.1,0,0,0,0
0,small_business,0.1773,232.98,11.348581,0.0,659,8464.02,659,87.5,1,1,0,1
1,home_improvement,0.1612,648.87,10.82063,19.34,701,2755.9,33702,38.7,2,0,0,0
1,debt_consolidation,0.1839,271.39,10.461793,3.17,681,2910.12,13857,4.5,1,0,0,0
1,all_other,0.1629,803.02,10.91646,17.6,718,5938.42,246820,26.7,0,0,0,0
0,credit_card,0.1647,374.54,10.741207,0.0,657,2844.18,19916,86.9,3,1,0,1
1,all_other,0.1576,539.98,10.739495,2.42,741,5648.1,33196,12.6,4,0,0,1
1,debt_consolidation,0.1415,812.36,11.497735,16.87,714,4194.46,27622,42.9,2,1,1,0
1,major_purchase,0.1662,167.21,11.175799,20.99,717,7351.59,12402,48.3,2,0,0,0
1,credit_card,0.1369,313.06,11.266578,12.54,765,7423.15,13203,59.3,0,0,0,0
1,educational,0.159,515.65,11.131481,29.13,693,4294.01,9994,64.6,0,0,0,0
1,home_improvement,0.1578,440.32,11.515527,5.54,682,486.37,240,66.0,1,1,0,0
1,home_improvement,0.168,156.86,11.725598,5.46,689,7585.92,65878,119.0,1,0,0,0
1,credit_card,0.1607,626.79,10.755105,10.51,703,3532.27,66936,69.3,3,0,1,0
1,all_other,0.1363,384.51,11.429876,10.19,707,5001.31,43568,89.0,0,0,1,0
1,small_business,0.1973,443.03,10.139325,14.56,678,4718.22,12607,48.8,1,1,0,0
0,all_other,0.2137,354.72,9.555636,7.47,633,6020.3,8812,105.1,0,0,0,1
1,debt_consolidation,0.1826,42.79,12.044107,16.52,689,3504.03,1781,24.6,0,0,0,0
1,all_other,0.1559,560.11,10.726651,16.35,724,2263.34,1475,76.7,3,1,0,1
1,debt_consolidation,0.1447,567.99,11.084008,23.73,715,5438.88,4229,44.1,2,0,0,0
1,major_purchase,0.1378,277.46,10.182618,9.22,756,7126.24,15142,75.8,0,1,0,0
1,all_other,0.12,128.52,10.15448,14.93,784,4751.99,19882,63.2,1,1,0,0
1,all_other,0.1453,258.93,10.495104,16.78,739,4744.36,4798,84.5,3,0,0,0
0,debt_consolidation,0.1508,761.74,11.322168,12.55,763,2093.7,1359,61.9,5,1,0,0
1,all_other,0.1407,281.27,10.614909,11.14,739,6345.16,3765,45.8,2,0,0,0
1,debt_consolidation,0.0899,353.3,10.725168,0.0,775,6525.91,9038,76.4,1,0,0,0
1,credit_card,0.1404,296.16,10.475848,13.18,780,4791.86,899,23.4,2,0,0,0
1,all_other,0.1476,471.24,11.641131,16.71,746,2624.11,14658,0.0,1,0,0,0
1,all_other,0.1467,150.13,11.459803,12.2,737,5264.58,144258,0.0,1,0,0,0
1,debt_consolidation,0.136,322.64,10.63467,7.2,702,5474.72,3025,100.0,0,0,0,1
1,all_other,0.1402,805.53,11.347311,1.01,708,4957.55,324764,54.7,0,0,0,0
1,all_other,0.1474,198.81,10.780405,15.73,697,2352.18,3543,61.2,0,0,0,0
1,small_business,0.1484,312.11,10.724095,12.83,734,5694.16,7657,37.0,1,0,0,0
1,small_business,0.1732,818.59,10.899676,22.19,683,5466.67,23699,56.5,3,0,0,0
1,credit_card,0.1354,626.38,11.322373,2.6,703,6106.9,10157,26.8,1,0,0,0
0,debt_consolidation,0.22,573.35,10.385758,9.35,621,4719.32,726,46.7,0,1,0,1
1,debt_consolidation,0.1567,502.52,11.236461,3.48,775,8268.89,16325,0.0,1,0,0,0
1,major_purchase,0.165,502.8,12.453671,19.67,702,5055.26,12387,0.0,1,0,0,0
1,educational,0.1476,321.59,11.041704,21.15,727,8547.53,7183,9.3,3,0,1,0
1,debt_consolidation,0.1677,840.79,10.951788,25.87,765,5617.16,12267,22.6,2,0,0,0
1,credit_card,0.1834,286.21,10.878658,16.2,721,2164.22,22194,86.9,0,1,0,1
1,all_other,0.1164,180.2,11.221709,18.05,765,7149.53,2647,119.0,2,0,0,0
1,debt_consolidation,0.182,150.51,9.947654,15.61,663,4149.51,25782,80.4,1,0,0,0
1,educational,0.1113,233.0,11.967661,16.55,801,3949.74,4126,0.0,1,0,0,0
1,major_purchase,0.1321,237.94,11.528524,12.94,751,7655.24,127584,98.5,2,0,0,0
1,educational,0.149,230.12,10.536845,16.87,718,1936.48,57771,36.1,3,0,0,0
1,debt_consolidation,0.1299,161.82,10.949244,27.37,764,680.52,2220,1.8,1,0,0,0
1,all_other,0.1799,513.71,10.590018,14.11,666,4512.2,78272,102.4,0,1,0,0
1,small_business,0.1802,203.92,11.112533,12.77,699,5813.63,20992,35.4,3,0,0,0
1,credit_card,0.1599,564.45,10.967424,13.97,765,7228.89,25548,19.3,0,1,0,0
0,all_other,0.1717,647.52,11.069466,11.57,639,5422.11,8182,31.5,3,1,0,0
1,all_other,0.1658,1240.54,10.302724,14.3,731,180.0,6320,37.7,0,0,0,0
1,debt_consolidation,0.1254,266.34,10.636258,11.34,730,2632.52,7096,64.8,2,0,0,0
1,all_other,0.1269,328.11,11.629095,20.49,785,1910.82,2380,53.2,0,0,1,0
0,small_business,0.2188,247.34,10.604387,19.8,650,347.02,548,28.4,0,0,0,0
1,debt_consolidation,0.1398,164.59,9.317468,27.54,771,4634.61,3942,0.0,1,0,0,0
1,debt_consolidation,0.159,286.14,10.838115,12.44,689,6337.27,3912,24.4,3,0,0,0
1,all_other,0.1692,226.27,12.40101,14.59,693,7488.03,1913,54.3,1,0,0,0
1,all_other,0.2096,179.81,11.447815,14.3,664,6301.03,27758,25.9,1,0,0,0
1,debt_consolidation,0.1625,455.43,10.573671,13.98,669,3664.81,16164,51.3,0,0,1,0
1,debt_consolidation,0.1605,181.7,10.899133,20.4,725,7765.9,4239,47.2,1,0,0,0
1,credit_card,0.1941,599.2,11.344714,1.39,668,4534.05,6645,80.3,1,1,0,0
1,debt_consolidation,0.1355,676.2,9.858686,15.78,738,5211.15,15630,55.3,1,1,0,0
1,all_other,0.2019,222.49,10.407804,26.37,685,3404.33,3419,72.5,1,1,0,0
1,all_other,0.2181,1109.0,11.172992,22.0,664,4447.4,184,40.6,0,0,0,0
1,all_other,0.1868,528.6,11.902637,21.22,690,4007.04,74183,94.7,2,0,0,1
1,all_other,0.172,371.61,10.662013,18.41,723,1606.23,9106,33.9,0,0,0,0
1,credit_card,0.1263,105.55,11.885881,8.49,699,6652.58,16855,22.6,2,0,0,0
1,all_other,0.129,110.93,10.469863,7.43,711,5479.2,14404,85.9,0,1,0,0
1,all_other,0.1425,1128.03,8.864837,7.48,736,7047.22,1087,28.8,1,0,0,0
1,all_other,0.1243,920.71,11.383725,4.74,751,3300.07,3644,15.5,1,0,0,0
1,all_other,0.1738,1201.24,11.259643,19.13,698,6823.68,10707,14.6,0,0,0,0
1,all_other,0.117,1157.49,11.379072,22.73,670,1138.06,7953,32.6,0,0,0,0
1,all_other,0.1669,1016.41,11.355234,15.6,713,6413.59,1781,39.3,0,0,0,0
1,all_other,0.1443,444.43,11.046968,18.15,728,6749.49,18923,59.1,1,0,0,0
0,debt_consolidation,0.1703,577.3,10.772123,14.62,654,2463.76,27196,69.4,2,0,0,1
1,credit_card,0.2093,255.0,10.79538,16.52,676,7851.87,5949,47.9,1,0,0,1
1,debt_consolidation,0.1619,455.66,10.649155,0.0,683,8956.21,54393,74.5,3,0,0,0
1,small_business,0.1422,631.99,10.685762,14.77,702,3622.91,25658,70.7,2,0,0,0
1,all_other,0.1781,673.66,9.825269,9.66,681,8683.5,20302,20.2,0,0,0,0
1,debt_consolidation,0.1514,347.98,10.189272,12.32,737,805.73,4919,18.7,3,0,0,0
0,credit_card,0.1799,95.5,10.830313,14.16,649,4719.33,8337,34.1,3,0,0,1
0,debt_consolidation,0.22,144.83,9.563071,7.66,650,180.0,41491,0.0,3,0,0,0
1,major_purchase,0.166,541.14,9.705218,5.18,697,7384.12,1076,49.4,1,1,0,0
1,major_purchase,0.1793,277.35,10.726088,7.45,703,1234.13,1194,40.5,1,1,0,0
0,home_improvement,0.1871,636.17,10.851718,2.61,655,181.96,5696,94.3,1,0,0,0
1,all_other,0.1917,171.42,10.738853,4.63,687,5715.83,10590,78.9,2,0,0,1
1,major_purchase,0.156,991.83,9.478257,5.58,695,7650.7,9358,38.4,0,0,0,0
1,all_other,0.1414,194.31,11.876961,2.7,695,4048.78,25218,75.4,1,0,0,0
1,small_business,0.1835,1117.0,10.053899,16.25,716,5400.77,16099,42.3,0,0,0,0
1,debt_consolidation,0.1731,132.2,10.430922,6.39,685,9464.76,11309,60.7,4,0,0,0
1,small_business,0.1616,587.96,10.160322,0.0,766,2683.29,6749,0.0,1,0,0,0
0,credit_card,0.135,193.38,11.722409,9.83,729,2606.42,40407,30.9,2,2,0,0
1,debt_consolidation,0.1795,392.72,11.187066,4.92,679,7774.06,74628,51.8,2,0,0,0
1,educational,0.1222,774.2,10.641322,22.67,714,5620.82,6811,39.3,2,0,0,0
1,credit_card,0.1441,706.89,10.59837,13.52,715,8622.1,20392,84.6,1,1,0,0
1,small_business,0.1361,208.95,11.039552,2.45,756,1820.65,7243,57.5,1,0,0,1
1,debt_consolidation,0.1762,256.19,10.169602,16.52,687,587.79,1579,64.8,1,1,0,0
1,all_other,0.1332,123.12,11.162251,13.19,739,1474.74,759,53.3,1,0,0,0
1,credit_card,0.1275,104.75,10.595327,10.95,712,6826.79,71789,47.6,0,0,0,1
1,debt_consolidation,0.1189,202.34,11.24698,23.46,767,8061.4,39321,73.8,3,0,0,0
1,credit_card,0.1458,207.21,11.226291,5.87,759,7736.72,20824,98.9,4,0,0,0
1,credit_card,0.1554,133.11,10.567897,19.74,717,6448.51,54024,0.0,1,0,1,0
1,debt_consolidation,0.1455,326.33,9.677846,9.77,700,8192.04,3037,17.8,1,0,0,0
1,credit_card,0.1641,378.09,10.779437,12.47,729,3541.52,45481,48.7,1,1,0,0
1,debt_consolidation,0.1904,397.45,10.045821,7.43,703,180.0,19102,86.1,0,0,0,0
1,home_improvement,0.1453,215.3,10.977967,7.87,774,1017.79,5489,69.9,1,0,0,0
1,small_business,0.1234,243.41,10.773491,9.59,713,1426.95,274,23.4,1,0,0,0
1,all_other,0.1674,311.27,10.571323,0.0,695,222.17,1110,35.7,0,0,1,0
1,all_other,0.1607,681.97,10.139707,14.99,693,1658.71,171354,68.9,1,0,0,1
1,debt_consolidation,0.1359,231.42,11.653941,13.39,664,2746.31,162196,29.7,2,0,0,0
1,debt_consolidation,0.1206,112.28,10.653254,2.27,731,6576.95,1131,55.2,2,1,0,0
1,small_business,0.2008,325.01,12.365544,17.15,679,5795.74,448,27.3,1,1,0,0
1,debt_consolidation,0.1407,275.74,10.951307,22.65,752,8831.2,87972,61.2,0,1,0,0
1,debt_consolidation,0.1796,127.6,11.14447,8.01,661,1960.96,9609,65.5,1,0,0,1
1,debt_consolidation,0.1406,282.92,10.953919,7.19,715,5992.82,3454,0.0,1,0,0,0
1,credit_card,0.1577,206.31,11.138359,20.28,754,8350.17,1519,99.2,0,0,0,1
0,home_improvement,0.1682,368.35,11.596539,15.38,628,3782.77,1499,102.3,5,3,0,1
1,debt_consolidation,0.1035,475.92,11.603578,11.66,787,3946.96,88194,0.0,3,0,0,0
1,debt_consolidation,0.1567,262.92,9.852369,18.22,694,8514.34,16300,40.4,0,0,0,0
1,debt_consolidation,0.1231,521.87,11.451853,14.49,715,4170.28,622,0.0,0,0,0,0
1,debt_consolidation,0.1284,296.78,11.233255,22.46,732,8643.07,3557,0.0,3,0,0,0
1,debt_consolidation,0.1645,321.57,10.951894,12.48,738,1356.29,137608,70.5,1,0,0,0
1,credit_card,0.1345,298.74,11.974656,15.54,720,9107.88,17719,99.6,2,0,0,1
1,all_other,0.1544,333.1,11.999188,20.18,748,8203.55,1170,46.3,2,0,0,0
1,debt_consolidation,0.1596,146.64,11.481804,0.0,730,2669.03,3868,92.3,2,0,0,0
1,all_other,0.1224,101.33,10.598444,20.43,777,4289.44,9180,27.8,1,0,0,0
1,home_improvement,0.1185,792.85,10.202585,9.11,730,1957.33,49968,5.0,0,0,0,0
0,debt_consolidation,0.1234,423.35,11.390184,16.05,785,3826.06,9343,35.7,1,2,0,1
1,debt_consolidation,0.0984,240.84,11.759315,24.08,744,1150.41,99075,24.3,3,0,0,0
0,credit_card,0.1764,828.21,9.692519,10.49,641,609.69,16648,59.4,3,0,0,0
1,debt_consolidation,0.1162,1156.16,11.59264,9.46,809,1925.25,280,78.5,1,0,0,0
1,home_improvement,0.1832,138.99,10.774532,12.22,688,7652.1,25739,13.5,2,0,1,0
1,home_improvement,0.1272,357.2,9.826508,2.58,767,409.67,8169,7.7,4,0,0,1
1,small_business,0.1583,611.97,11.216332,27.77,711,8491.92,4871,72.5,0,0,0,0
1,debt_consolidation,0.1241,116.75,11.484726,12.31,750,7346.36,20557,36.8,1,0,0,0
1,debt_consolidation,0.1582,131.75,10.715677,23.95,684,8353.52,7347,69.6,2,0,0,1
1,small_business,0.1726,762.54,10.285014,10.3,734,5921.8,15093,23.1,2,0,0,0
1,all_other,0.1674,374.09,11.974375,12.83,700,9182.86,4734,27.9,0,1,0,0
1,debt_consolidation,0.1285,226.29,10.522131,19.12,770,1474.27,4443,76.7,0,0,0,0
1,all_other,0.1609,122.1,11.637278,4.99,727,8480.85,64313,70.8,3,0,0,0
1,debt_consolidation,0.1397,469.56,10.007039,11.89,746,12663.61,13130,87.4,2,0,0,0
0,all_other,0.1661,145.41,11.183763,18.86,628,4401.22,21063,40.9,0,0,1,1
1,major_purchase,0.135,181.9,11.166379,11.13,707,4921.62,4340,84.5,3,0,0,0
1,credit_card,0.1607,197.16,11.462784,9.27,726,2756.46,60030,59.9,0,0,0,0
1,all_other,0.1248,288.56,11.84072,20.3,718,5225.96,15205,58.8,0,0,0,0
1,educational,0.1316,170.9,10.433686,22.27,747,5525.36,6371,22.2,4,1,0,0
1,credit_card,0.1599,197.75,11.247673,23.36,696,180.0,83000,66.2,2,0,0,0
1,debt_consolidation,0.1343,718.52,10.096394,7.94,712,6590.08,6367,39.6,2,0,0,0
1,credit_card,0.1023,398.28,10.089472,8.6,755,7834.0,14604,101.0,2,0,0,0
0,debt_consolidation,0.1716,395.07,10.577216,9.35,623,2857.08,1597,47.0,3,0,0,1
1,debt_consolidation,0.1098,485.83,11.17969,17.56,732,3998.96,4020,41.7,0,0,0,0
1,all_other,0.174,186.86,11.952889,4.34,697,7180.51,37895,84.1,1,0,0,0
1,debt_consolidation,0.1796,509.72,12.063957,4.73,675,2736.99,10089,49.4,1,1,0,0
1,debt_consolidation,0.1349,500.36,10.713516,7.67,723,6918.16,12676,22.3,0,0,0,0
1,all_other,0.1074,174.25,11.116376,6.13,757,5775.18,9473,2.6,1,1,0,0
1,debt_consolidation,0.1617,585.31,11.505233,18.7,749,10897.22,10115,21.0,1,1,0,1
1,all_other,0.167,458.0,11.396883,18.24,705,4739.53,4608,0.0,2,0,0,0
1,debt_consolidation,0.1286,441.95,10.826631,9.28,743,3725.48,5151,44.3,0,0,0,0
1,credit_card,0.1648,1238.81,10.976424,11.26,743,5677.83,6834,71.9,1,0,0,0
1,small_business,0.175,427.81,10.86279,0.0,707,5349.17,6877,30.5,3,0,0,0
1,debt_consolidation,0.174,205.46,10.802892,9.44,684,9139.87,22918,119.0,1,1,0,0
0,home_improvement,0.1459,412.98,10.72174,21.18,686,9008.65,21730,5.9,5,0,0,0
1,debt_consolidation,0.1112,362.07,10.857008,9.07,742,3236.08,90063,62.4,2,0,0,0
1,debt_consolidation,0.1254,168.49,10.682453,5.06,708,4579.45,33129,59.6,3,0,0,0
1,debt_consolidation,0.2156,100.69,10.237395,22.1,670,3323.46,2650,34.7,2,0,0,0
0,debt_consolidation,0.1681,371.6,11.456174,4.91,646,2880.64,3745,42.5,2,0,0,0
1,debt_consolidation,0.1428,726.31,11.244917,23.27,742,180.0,48476,95.2,2,0,0,0
1,credit_card,0.1745,764.42,12.074722,30.0,689,9282.09,31450,78.1,0,0,0,0
1,home_improvement,0.1496,461.82,11.155406,11.85,723,3384.17,57678,74.1,3,0,0,0
1,educational,0.1317,1108.79,10.675654,21.18,757,3944.73,10868,19.9,2,0,0,0
1,major_purchase,0.1749,443.66,10.547874,1.08,660,11985.39,7218,61.4,1,0,0,0
1,all_other,0.1664,337.98,10.958893,0.78,708,3459.51,18920,70.7,0,0,0,0
1,debt_consolidation,0.1378,429.89,11.267254,7.1,704,4602.31,1214,72.1,1,0,0,0
1,debt_consolidation,0.1408,224.04,10.780727,18.27,724,5727.87,7972,6.5,1,0,0,0
1,all_other,0.0887,142.98,10.033143,12.61,757,5905.22,251390,56.9,2,0,0,0
0,small_business,0.1566,192.9,10.479204,11.31,659,3513.32,6450,56.6,2,0,0,1
1,debt_consolidation,0.12,259.74,10.940995,3.69,732,7868.21,10669,79.5,1,0,0,0
1,debt_consolidation,0.1554,700.59,11.381573,11.72,749,5461.47,7903,39.3,3,0,0,0
1,all_other,0.1536,138.4,10.023648,8.16,703,5340.83,121114,13.5,0,0,0,0
1,small_business,0.1871,201.94,11.091701,6.23,705,3375.64,1643,19.5,3,0,0,1
1,all_other,0.1564,672.31,11.064883,5.65,726,4733.54,32189,57.5,0,0,0,1
1,credit_card,0.1553,297.58,10.654538,13.92,723,7496.78,5770,80.7,0,0,0,0
1,all_other,0.1271,319.22,10.571977,7.63,732,7505.01,3867,36.4,1,0,0,0
1,debt_consolidation,0.1479,290.81,10.480843,12.56,731,3987.24,749,55.5,3,0,0,0
1,all_other,0.1776,1261.12,11.015892,0.39,673,3124.98,169930,0.0,1,0,0,0
1,credit_card,0.1828,587.62,11.617359,16.07,748,7256.31,34807,0.0,2,0,0,1
1,credit_card,0.1292,439.13,11.660649,14.26,754,5813.29,1309,60.8,1,0,0,1
1,all_other,0.1674,446.15,10.244372,11.0,717,7252.1,1459,60.3,2,0,0,1
0,debt_consolidation,0.1791,526.04,10.815943,13.71,653,2637.72,3892,67.7,0,0,0,1
1,debt_consolidation,0.1437,1202.52,9.591959,19.05,706,5006.34,24316,0.0,4,0,0,0
1,debt_consolidation,0.1701,300.2,10.996602,2.6,717,7258.32,8908,89.2,2,0,0,0
1,debt_consolidation,0.2131,465.71,11.294565,13.06,667,3279.71,2537,30.7,2,1,0,0
1,debt_consolidation,0.1674,396.56,11.888286,3.59,696,9778.17,9612,29.4,3,0,0,0
0,credit_card,0.1665,730.38,9.840261,13.2,656,9135.57,83170,66.3,3,0,0,1
1,home_improvement,0.1549,1221.7,10.266283,10.81,733,4550.38,28340,49.4,1,0,0,0
1,credit_card,0.1588,254.32,11.017923,12.43,716,4568.2,608,96.1,3,0,0,1
0,credit_card,0.22,573.65,9.942783,18.45,647,5862.93,2032,67.9,2,0,0,0
1,educational,0.1649,438.03,11.035049,18.25,723,5484.94,8871,91.7,0,1,0,0
1,educational,0.1381,140.64,11.310032,20.1,708,8096.51,13553,34.9,1,0,0,0
1,debt_consolidation,0.1724,771.65,10.148414,9.86,730,2857.92,88822,82.6,0,0,0,0
1,debt_consolidation,0.1782,1178.35,11.010877,17.45,695,2884.45,10762,0.0,1,0,0,1
1,debt_consolidation,0.1881,709.81,10.190551,16.1,680,5737.47,25919,44.6,2,0,0,0
1,small_business,0.1928,258.58,11.76901,10.04,681,6297.35,330,8.0,4,0,0,1
1,debt_consolidation,0.1851,154.06,11.056054,13.41,690,4970.28,5790,50.8,2,1,0,0
1,debt_consolidation,0.1643,605.99,10.539561,11.69,711,7298.77,33463,52.3,2,0,0,0
1,all_other,0.1481,177.63,10.174734,22.22,716,8478.39,224493,74.8,1,1,0,0
1,all_other,0.1617,194.14,11.167381,18.19,703,6927.86,1283,54.4,2,0,0,0
1,all_other,0.1608,445.74,11.758341,10.28,694,5988.06,8311,25.8,1,0,0,0
1,home_improvement,0.1686,651.45,10.459383,9.8,697,4518.61,653,33.8,2,0,0,0
1,all_other,0.1147,284.94,10.661817,19.21,805,5247.55,7894,53.0,1,0,0,0
1,small_business,0.1777,341.09,10.471194,21.85,681,1644.34,57913,28.4,2,0,1,0
1,debt_consolidation,0.1617,356.42,11.87885,14.78,689,2086.1,47906,81.6,1,1,1,1
1,small_business,0.1182,190.83,9.765729,17.14,827,8206.79,10117,36.2,0,0,0,0
1,all_other,0.1131,275.67,11.714212,21.59,726,9444.04,7234,76.8,3,1,0,0
0,debt_consolidation,0.1998,130.98,10.699909,11.39,658,1644.46,701727,27.5,0,0,0,0
1,educational,0.1485,633.13,10.886315,13.18,742,6426.27,7719,65.2,1,0,0,1
1,major_purchase,0.1594,1229.46,10.722213,15.96,675,1248.56,4530,41.0,0,0,0,0
1,home_improvement,0.152,396.58,11.076157,9.64,745,9179.92,4438,80.9,3,1,0,0
1,small_business,0.1643,890.55,10.484823,24.32,702,5018.3,1043,102.5,1,0,1,0
1,debt_consolidation,0.1534,317.23,11.575614,9.58,693,11358.19,22047,53.1,3,1,0,0
1,debt_consolidation,0.1359,144.82,11.600388,13.02,771,3468.44,30832,102.2,0,0,0,0
1,debt_consolidation,0.1746,1255.87,10.33012,25.82,732,3785.65,29145,42.6,3,0,0,1
1,small_business,0.1598,212.69,11.337155,0.0,747,6058.97,37704,52.8,2,0,0,0
1,home_improvement,0.1327,717.93,10.712539,14.09,727,7319.26,4207,43.9,3,0,0,0
1,educational,0.1565,445.14,10.961496,8.04,693,7088.09,8388,17.9,4,0,0,0
1,home_improvement,0.1625,885.9,11.860342,12.6,733,7495.0,68916,89.5,0,0,0,0
1,all_other,0.1433,358.36,10.518839,4.28,756,4494.97,5143,51.6,0,0,0,0
1,debt_consolidation,0.1728,173.35,11.495195,10.04,715,7523.8,4441,34.8,1,0,0,0
1,debt_consolidation,0.1332,232.49,11.208846,12.77,778,10618.87,53607,26.3,0,0,0,0
1,all_other,0.1569,1225.15,10.811643,14.24,742,7063.04,3053,101.9,2,0,0,0
1,credit_card,0.1926,503.3,11.154116,18.78,718,3015.02,1749,42.9,2,0,0,0
1,debt_consolidation,0.1244,1169.87,11.081531,0.0,720,6127.39,2035,42.6,2,1,0,0
1,major_purchase,0.2018,315.05,10.223404,11.73,715,180.0,823658,76.8,2,0,0,0
1,credit_card,0.1962,666.5,10.559898,11.39,662,6815.9,54631,91.9,2,0,1,0
1,debt_consolidation,0.2097,167.69,10.292396,12.16,707,891.43,29512,32.1,0,0,0,1
1,small_business,0.1476,385.84,10.761263,12.82,718,6855.72,2431,65.1,1,1,0,0
1,all_other,0.1707,1249.07,11.750472,6.87,694,4959.17,24250,65.1,2,0,0,1
1,credit_card,0.1532,220.04,11.284427,1.93,723,7572.0,164331,41.9,4,0,0,0
1,debt_consolidation,0.1731,241.56,10.056121,14.1,711,5181.3,19471,35.9,1,0,0,1
1,debt_consolidation,0.1522,678.85,10.763246,5.74,739,8593.25,1863,29.4,1,0,0,0
1,debt_consolidation,0.1518,411.89,11.072511,15.38,735,6491.24,25697,77.2,1,0,0,0
1,all_other,0.1688,1245.76,11.383894,6.13,716,7814.07,8460,54.3,1,0,0,0
0,credit_card,0.1772,332.77,10.533032,17.38,658,4099.77,13614,49.3,1,0,0,0
1,educational,0.115,378.49,10.175167,12.22,778,3968.15,2331,26.3,2,0,0,0
1,small_business,0.1822,495.14,10.895631,12.7,705,1575.44,3231,77.2,1,0,0,1
1,debt_consolidation,0.1469,177.78,11.277108,10.9,707,2216.08,5132,56.2,0,0,0,1
1,educational,0.1592,154.77,11.073256,9.79,697,5302.34,3150,21.8,0,1,0,0
1,debt_consolidation,0.1356,140.43,10.390347,10.99,691,5223.8,9952,36.9,3,0,0,0
1,debt_consolidation,0.1305,36.41,12.000317,20.75,769,6065.1,3662,69.1,1,1,0,0
1,credit_card,0.1135,339.11,10.869723,2.01,763,3337.41,150068,0.0,1,0,0,0
1,small_business,0.1626,155.28,11.048163,8.13,727,5485.51,24019,46.0,0,0,0,0
1,major_purchase,0.136,254.89,10.5262,19.89,706,8426.49,36793,71.2,2,0,0,0
1,home_improvement,0.1447,768.58,11.60497,18.26,734,6144.54,8756,54.2,2,0,1,0
1,debt_consolidation,0.1725,201.83,11.278827,21.87,713,5160.21,442,68.4,0,1,0,0
1,debt_consolidation,0.1471,612.01,11.121945,12.19,703,5775.25,41896,0.0,2,0,0,0
1,debt_consolidation,0.1314,122.17,10.227491,3.5,723,8169.97,9179,9.3,2,0,0,0
1,all_other,0.1792,244.54,11.597358,4.96,693,5495.19,21300,73.0,3,0,0,1
1,all_other,0.1697,1247.32,11.391711,10.54,720,3761.69,9759,58.7,2,0,0,0
1,debt_consolidation,0.1608,285.35,11.549109,17.85,718,3786.56,310,39.3,2,0,0,0
1,all_other,0.1362,915.87,10.952588,10.84,733,3699.68,5494,55.0,3,0,0,0
1,all_other,0.1541,1220.33,10.884335,10.31,686,3637.02,2915,64.5,1,0,0,1
1,credit_card,0.1371,277.69,10.818923,15.34,737,7034.23,15248,32.9,1,0,0,0
1,all_other,0.17,244.71,12.320189,12.79,676,9311.43,22769,26.9,1,0,0,0
1,debt_consolidation,0.1313,81.39,10.599108,9.56,688,4038.53,343690,8.3,2,0,0,0
1,credit_card,0.1452,461.95,10.206391,5.69,690,2804.58,23081,89.2,1,0,0,0
1,credit_card,0.1994,529.66,10.702314,19.13,669,1884.22,4462,49.1,3,0,0,0
1,debt_consolidation,0.1425,643.47,10.604793,19.83,749,9376.08,5560,91.2,3,0,0,0
1,debt_consolidation,0.1971,1072.28,11.698507,5.3,673,7476.17,24961,8.2,1,0,0,0
1,major_purchase,0.1884,195.09,10.102845,9.82,683,3357.47,42269,50.8,0,0,0,0
1,credit_card,0.1281,1176.09,10.587613,17.2,758,5410.73,1490,12.5,0,0,1,0
1,debt_consolidation,0.1599,315.67,11.046219,4.75,688,8567.45,7363,98.0,3,0,0,0
1,all_other,0.1784,508.94,11.703659,15.12,703,4900.78,8539,119.0,1,0,0,0
1,all_other,0.1882,381.52,11.365011,10.35,672,7216.59,825,83.4,3,0,0,0
1,debt_consolidation,0.1612,224.48,11.917601,4.2,742,4669.71,34623,14.5,2,0,0,0
1,debt_consolidation,0.1412,161.8,11.140934,24.86,742,4321.39,15680,13.5,0,0,0,1
1,major_purchase,0.1462,436.95,10.805792,10.24,738,180.0,7989,44.2,1,0,0,0
1,all_other,0.1418,190.84,11.451889,16.22,730,4048.55,16147,51.0,1,0,1,0
1,debt_consolidation,0.1535,326.57,10.096032,4.86,713,3719.68,31112,62.1,2,1,0,0
1,home_improvement,0.1512,284.63,9.88697,23.31,690,6361.03,241451,60.8,0,0,0,0
1,all_other,0.1684,301.95,11.525521,26.04,679,5684.36,31185,47.5,2,1,0,1
1,all_other,0.1306,104.68,11.058446,2.23,759,5554.43,1751,40.4,2,1,0,0
1,debt_consolidation,0.1337,40.36,11.518042,11.46,739,7441.29,996577,23.2,0,1,0,0
1,debt_consolidation,0.1834,714.82,10.410053,21.76,684,180.0,1816,66.7,0,0,0,0
0,debt_consolidation,0.1268,806.6,11.713718,9.37,712,4936.24,20405,0.0,5,1,0,1
1,educational,0.1676,64.69,11.338919,15.42,699,2135.54,7856,49.9,1,0,0,0
1,all_other,0.1568,513.01,10.911017,1.01,667,1931.09,9049,53.6,1,0,0,0
1,home_improvement,0.1358,432.64,11.056482,7.16,717,4333.55,20064,40.6,0,1,0,0
1,debt_consolidation,0.1479,149.63,11.141626,14.7,694,5114.11,22654,70.6,2,0,0,1
1,credit_card,0.1815,742.91,10.407393,8.53,674,6315.88,99570,75.6,2,0,0,0
0,all_other,0.1359,824.45,10.695141,10.11,654,6150.0,3815,52.9,0,0,0,0
0,credit_card,0.1858,836.8,11.131985,2.14,651,2993.76,20734,114.1,1,0,0,1
1,debt_consolidation,0.1631,1235.86,10.670668,17.11,696,4567.44,28924,26.8,0,0,0,0
1,all_other,0.1378,750.51,10.033654,3.36,707,8652.67,472321,33.6,2,0,0,0
1,debt_consolidation,0.1744,219.24,11.109882,23.23,677,9094.77,24330,34.9,1,1,0,0
1,debt_consolidation,0.1204,367.96,11.439981,7.89,735,4292.76,1736,79.7,0,0,0,0
1,home_improvement,0.1559,500.75,11.581806,18.12,708,5292.13,98625,57.5,0,1,0,0
1,debt_consolidation,0.121,1053.57,11.254709,17.45,732,2819.29,5382,0.0,1,0,0,0
1,debt_consolidation,0.2001,341.02,11.429167,5.8,703,7628.21,2758,37.5,2,1,0,1
1,small_business,0.2016,261.69,11.532381,8.63,680,10850.04,91348,29.6,0,0,0,0
0,debt_consolidation,0.159,120.65,10.97859,9.44,714,3722.09,13522,96.1,3,2,0,0
1,all_other,0.1584,706.97,9.637461,9.91,662,8000.55,7950,23.6,1,0,0,0
1,home_improvement,0.1414,433.64,11.637467,3.65,730,6901.54,162340,46.5,1,0,0,0
1,credit_card,0.1674,211.85,10.385076,16.28,674,4640.5,4816,1.3,2,0,0,0
1,debt_consolidation,0.145,645.67,10.240165,7.85,745,3319.8,4761,51.6,1,0,0,0
1,all_other,0.1697,307.21,10.256921,11.81,697,11255.98,24209,101.6,0,0,1,0
1,all_other,0.1424,148.4,12.445593,19.54,750,6975.37,296,22.8,2,0,0,0
1,debt_consolidation,0.1821,1006.73,11.198734,16.55,667,7456.52,14155,74.0,2,0,0,1
1,credit_card,0.1642,91.27,10.294614,8.31,684,4531.08,12422,41.0,1,1,0,1
1,educational,0.1564,423.12,10.513116,19.78,724,5212.51,2790,46.4,1,0,0,1
1,debt_consolidation,0.1233,337.78,10.929558,17.19,754,2018.02,10643,65.0,2,0,0,0
1,debt_consolidation,0.1063,113.1,11.260866,7.73,773,6962.2,16565,10.6,0,1,0,0
1,credit_card,0.192,504.91,11.100368,9.05,712,4123.67,10206,24.8,3,0,0,0
1,all_other,0.1327,227.69,10.36355,19.5,780,2493.7,40379,20.7,1,0,0,0
1,home_improvement,0.197,1295.38,11.123459,17.97,699,2922.67,16845,96.0,1,0,0,0
1,debt_consolidation,0.1315,745.85,10.557175,2.23,752,11086.52,8341,77.6,1,0,1,0
1,debt_consolidation,0.22,487.67,11.568618,5.66,674,4316.3,33599,75.6,1,0,0,0
1,credit_card,0.1503,66.3,10.964341,17.4,726,5980.51,16805,76.3,4,0,0,0
0,educational,0.2189,282.69,10.466806,4.5,621,2072.58,1200000,70.5,1,0,0,0
1,debt_consolidation,0.1759,252.49,11.350262,18.15,667,4587.3,56233,0.0,3,1,0,0
1,small_business,0.1661,904.94,11.163779,25.96,728,1633.7,4688,29.7,2,0,0,0
1,debt_consolidation,0.1761,445.48,10.640332,15.18,660,5989.59,699,40.7,2,0,0,0
1,debt_consolidation,0.1388,465.88,11.375356,6.23,726,2783.7,3697,50.8,1,0,0,0
1,all_other,0.1602,784.08,11.313761,13.82,744,7055.35,417,17.5,1,0,0,1
1,debt_consolidation,0.1643,1211.45,11.663112,19.74,691,585.73,31701,6.8,3,0,0,0
1,credit_card,0.1892,1111.98,11.363185,13.28,673,3479.81,6867,16.5,0,0,0,0
1,debt_consolidation,0.1821,581.28,10.799492,15.94,692,8001.83,3198,25.0,2,0,0,0
1,all_other,0.2008,336.43,9.898777,7.08,673,8892.7,28475,36.3,2,0,0,1
1,debt_consolidation,0.1661,525.88,11.043854,7.61,706,5074.95,6057,59.4,2,0,0,0
1,home_improvement,0.1239,357.0,11.138501,18.85,714,4089.17,20549,42.5,2,0,0,0
1,major_purchase,0.1549,661.89,10.96123,7.69,698,5351.23,7145,82.3,2,0,0,1
1,debt_consolidation,0.1266,246.47,9.093367,0.0,774,10189.99,12371,65.0,1,0,0,1
1,all_other,0.1683,732.25,11.344086,10.49,683,4388.89,86210,38.0,3,0,0,1
1,educational,0.1584,396.38,10.373649,14.77,763,5068.64,47282,60.0,3,0,0,0
1,debt_consolidation,0.1966,530.14,11.348291,19.9,670,2427.76,108302,44.0,2,0,0,0
1,home_improvement,0.1517,164.51,11.967418,23.96,713,3365.81,18974,29.9,1,0,0,0
1,all_other,0.1843,328.46,10.775793,13.18,755,6161.52,605,48.7,1,0,0,0
1,small_business,0.1446,514.35,11.197475,17.14,753,7292.78,3659,59.0,3,0,0,0
1,debt_consolidation,0.1577,337.39,10.949994,13.43,694,5815.98,825,76.1,0,0,0,0
1,debt_consolidation,0.1246,70.74,11.250606,15.04,731,7136.7,47562,111.0,3,0,0,0
1,debt_consolidation,0.1175,152.6,10.993102,11.31,726,2558.73,11211,83.9,0,0,0,0
1,debt_consolidation,0.1417,476.04,10.614642,15.27,689,2310.96,82053,18.1,4,0,0,0
1,debt_consolidation,0.1658,1111.2,10.377985,7.56,733,7046.03,57562,0.7,1,0,0,0
1,educational,0.1388,317.13,11.900184,26.26,781,3869.6,8944,84.5,2,0,0,1
1,debt_consolidation,0.1301,261.77,11.197517,0.0,728,2123.7,178668,43.4,1,1,0,1
0,debt_consolidation,0.148,789.77,11.436614,16.54,732,5567.09,50761,26.6,2,3,0,1
1,debt_consolidation,0.1603,387.66,11.173428,14.8,736,5274.63,12460,94.3,0,0,0,0
0,debt_consolidation,0.1404,629.26,11.525219,15.16,654,4585.38,21933,41.6,2,0,0,0
1,all_other,0.1837,323.15,10.38346,4.44,727,9027.52,105056,43.8,1,0,0,0
1,debt_consolidation,0.1945,303.59,10.980741,1.02,671,9746.64,22384,28.5,4,0,0,0
1,home_improvement,0.182,704.95,11.238347,16.78,688,7459.45,3768,0.0,0,0,0,0
1,home_improvement,0.143,601.14,11.718528,21.85,792,6133.74,1665,20.2,2,0,0,0
1,debt_consolidation,0.1196,290.06,12.560576,14.12,700,8510.24,7162,28.6,2,0,0,0
1,home_improvement,0.1641,176.07,11.178586,18.16,682,5454.46,3680,0.0,1,1,0,1
1,debt_consolidation,0.1613,119.76,10.526729,9.44,754,4575.61,15164,49.3,3,1,0,0
1,all_other,0.172,133.3,10.200658,14.89,674,3600.96,4797,54.7,1,0,0,1
1,major_purchase,0.1784,253.28,10.378063,21.06,693,3104.41,5921,73.4,1,0,0,1
1,small_business,0.1787,492.65,10.457787,10.44,757,7380.06,76128,25.1,2,0,0,0
1,debt_consolidation,0.1691,121.37,9.16034,20.78,712,1305.35,154743,0.0,1,0,0,0
0,all_other,0.1773,128.51,10.51785,1.32,651,3574.28,3153,37.5,2,0,0,0
1,debt_consolidation,0.158,499.47,11.367212,8.37,731,4175.74,6157,10.7,1,0,0,0
1,all_other,0.1292,1103.82,10.975994,16.37,695,1541.52,7572,46.2,4,0,0,0
1,credit_card,0.1392,800.17,10.772239,25.73,769,4081.49,18071,72.2,2,0,0,0
1,debt_consolidation,0.1812,109.13,9.940609,12.7,687,5294.37,18968,31.6,2,0,0,0
1,major_purchase,0.1409,492.41,11.57075,5.47,750,7628.16,4855,44.9,3,0,0,0
1,credit_card,0.149,739.25,11.242206,25.57,777,3794.94,24727,0.0,3,0,0,0
1,debt_consolidation,0.1759,278.0,10.922112,11.73,678,5311.73,5224,35.7,1,0,0,0
1,small_business,0.177,333.62,9.586463,17.19,703,1324.41,6018,93.5,3,0,0,0
1,credit_card,0.1858,503.45,10.630629,10.29,725,2018.78,2554,63.2,0,0,0,0
1,debt_consolidation,0.1516,534.7,11.194568,13.58,677,300.99,57339,24.3,3,0,0,0
1,all_other,0.1792,514.33,10.912574,8.72,720,7507.21,46828,14.4,2,0,0,0
1,small_business,0.2012,676.01,11.047082,28.18,701,4240.35,19049,46.3,3,0,0,1
1,educational,0.1769,457.9,11.348122,20.82,701,5612.4,31593,61.8,2,1,0,0
1,debt_consolidation,0.1469,243.6,11.024391,24.8,712,6368.74,64449,24.7,2,0,0,0
1,credit_card,0.1614,281.93,11.326302,7.16,713,7081.18,36433,41.4,2,0,0,0
1,small_business,0.1521,220.42,10.415435,0.01,716,10073.38,35050,0.0,2,0,0,0
1,educational,0.155,276.52,10.184109,10.58,687,4956.68,5507,70.6,3,0,0,0
1,debt_consolidation,0.168,576.22,11.22119,29.96,689,3281.15,987,22.2,2,0,0,0
1,all_other,0.1405,217.8,11.346269,10.38,705,6805.87,3088,65.4,2,1,0,0
1,small_business,0.1671,821.38,11.246574,19.86,708,10967.24,366556,57.1,3,0,0,1
1,debt_consolidation,0.1415,187.56,11.010268,5.53,693,3712.06,7482,60.4,2,0,0,0
1,all_other,0.1636,445.58,10.732335,6.88,722,3072.55,141649,39.5,2,0,0,0
0,all_other,0.2196,749.47,11.058701,12.05,641,180.0,26015,94.7,2,0,0,1
1,all_other,0.2124,566.04,11.161373,27.16,682,180.0,10426,28.1,3,0,0,0
1,credit_card,0.1402,102.6,11.197971,20.19,699,8608.45,2582,95.2,2,0,0,0
1,debt_consolidation,0.1536,418.36,12.520355,0.0,677,4626.19,3550,54.4,0,0,1,1
1,home_improvement,0.127,218.94,10.36831,17.2,772,2215.58,8859,50.6,0,1,1,0
1,debt_consolidation,0.1719,154.96,12.897856,4.67,711,5067.6,8819,40.3,1,0,0,0
1,home_improvement,0.1509,443.75,10.163339,7.9,717,11563.24,26218,50.3,2,0,0,0
1,all_other,0.1856,166.25,11.165258,16.12,692,5070.48,3695,47.3,2,0,0,1
1,debt_consolidation,0.1693,462.41,10.201146,22.25,709,9846.74,3917,97.5,0,0,0,0
1,educational,0.1435,1041.03,11.116809,21.91,664,2717.68,44174,11.8,1,0,0,0
1,home_improvement,0.162,476.49,11.529095,14.89,704,8710.74,228151,41.4,1,0,0,0
1,debt_consolidation,0.1496,321.97,10.949875,14.98,674,3657.31,12541,19.6,3,0,0,0
1,debt_consolidation,0.1518,339.69,11.523579,21.89,699,3135.93,22237,30.3,0,0,0,0
0,all_other,0.1936,764.0,10.671554,1.73,613,2711.08,8649,47.5,1,0,0,0
1,educational,0.1923,324.76,9.679583,25.21,667,4250.15,9870,90.6,3,0,0,1
1,debt_consolidation,0.1324,267.0,11.312293,7.52,766,7499.75,7794,61.0,1,0,0,0
1,major_purchase,0.1344,193.24,10.948689,14.4,742,3855.75,6250,19.3,1,0,0,0
1,debt_consolidation,0.1776,210.78,10.637435,9.18,760,7734.14,26584,38.5,0,0,0,0
1,credit_card,0.1164,675.41,10.679557,4.62,763,3266.59,29354,80.4,0,0,0,0
1,debt_consolidation,0.1522,270.67,11.178015,15.78,736,4854.84,7404,30.1,2,0,0,0
1,debt_consolidation,0.1791,582.54,10.433135,14.23,693,3733.11,4364,50.9,0,1,0,0
1,major_purchase,0.179,616.34,11.158899,11.87,671,9589.82,5097,58.9,3,0,0,1
1,debt_consolidation,0.1204,186.16,11.655069,11.55,754,6353.82,31031,40.6,1,0,0,0
1,major_purchase,0.1382,213.73,12.186643,23.13,712,5770.54,3029,20.5,2,0,0,0
1,debt_consolidation,0.1278,550.32,11.786761,27.73,805,4362.83,2150,54.3,1,0,0,0
1,debt_consolidation,0.1853,439.51,11.028665,21.25,696,3602.78,17184,113.8,1,0,0,0
1,major_purchase,0.1233,322.07,11.087176,14.51,785,2543.52,9828,33.5,1,1,0,0
1,credit_card,0.1345,512.44,10.685848,1.3,704,8364.97,8756,31.5,2,1,0,0
1,debt_consolidation,0.1354,754.45,10.645957,16.93,761,1023.72,41496,68.5,0,0,0,0
1,all_other,0.1596,374.0,11.461939,17.23,774,4154.19,10069,116.1,2,1,0,0
1,debt_consolidation,0.1555,256.6,10.742419,17.92,671,7266.38,3837,22.3,1,0,0,0
1,small_business,0.1749,426.23,11.153321,4.73,692,871.66,14374,12.7,3,0,0,0
1,debt_consolidation,0.1768,224.13,10.342869,18.47,671,5505.68,3853,70.1,2,0,0,0
1,all_other,0.201,449.82,11.765891,23.37,663,2883.49,45083,70.8,1,0,0,1
1,debt_consolidation,0.1363,372.37,10.733301,5.82,735,5126.6,11339,18.7,0,0,0,0
1,credit_card,0.1709,220.57,11.593667,17.32,703,4638.62,2109,38.4,1,0,1,0
1,major_purchase,0.185,299.94,10.500668,7.0,712,180.0,14029,13.4,1,0,0,0
1,home_improvement,0.119,289.12,10.468407,11.88,731,6654.96,3065,36.4,2,1,0,0
0,debt_consolidation,0.1638,645.89,11.740099,6.05,639,2590.47,56609,38.6,2,1,0,1
1,debt_consolidation,0.1342,200.93,10.548135,10.18,759,3688.25,9338,74.6,1,1,0,0
1,debt_consolidation,0.1836,225.51,9.973581,10.23,697,5186.72,29952,82.5,1,0,0,1
1,small_business,0.1708,300.56,10.295636,15.44,730,5999.26,4068,44.2,0,0,0,0
1,debt_consolidation,0.1687,577.68,11.452592,18.74,734,6178.46,8026,90.6,2,0,0,1
1,all_other,0.1007,587.83,11.393979,20.99,762,7037.16,21234,74.8,1,1,0,0
1,debt_consolidation,0.1668,466.34,10.464874,8.1,706,180.0,8504,8.7,1,0,0,0
0,educational,0.1376,614.49,10.544652,15.08,629,6266.93,2626,79.8,0,0,0,0
1,all_other,0.1838,896.79,11.34054,5.02,712,5087.43,34500,70.5,2,1,0,0
1,all_other,0.1783,440.49,11.732712,11.84,718,3676.53,17190,102.7,1,1,0,0
1,major_purchase,0.1691,222.22,10.888032,12.89,671,5716.48,1958,54.7,2,0,0,0
1,educational,0.1092,338.82,11.268085,6.23,716,7361.37,6122,98.4,1,1,0,0
1,all_other,0.1602,148.29,11.462794,16.46,696,2868.64,2946,0.0,0,0,0,0
0,home_improvement,0.2034,538.36,12.243332,11.53,659,8564.97,5028,34.1,0,0,0,0
1,all_other,0.1547,270.55,10.225013,13.67,736,7925.81,5310,0.0,2,0,0,0
1,all_other,0.2045,442.39,10.522079,21.05,689,5985.34,7481,38.1,3,0,0,0
1,debt_consolidation,0.1589,361.79,10.621051,9.65,695,2002.25,1129,51.8,3,1,0,0
1,credit_card,0.2068,313.8,11.43479,18.47,692,10447.45,5623,46.3,1,0,0,0
1,credit_card,0.0965,411.16,10.77633,22.56,757,5771.06,51095,74.0,1,1,0,0
1,debt_consolidation,0.1438,344.41,11.12047,22.13,708,5430.8,172571,118.9,2,0,0,0
1,debt_consolidation,0.1308,237.31,11.004324,11.3,713,5344.04,1764,36.6,1,0,0,0
1,credit_card,0.1805,183.49,10.93106,5.89,693,6441.41,61438,83.9,1,0,0,0
1,debt_consolidation,0.1258,470.0,10.995512,7.7,728,7377.34,391386,67.6,1,0,0,0
1,credit_card,0.1553,164.19,11.558239,1.65,761,4997.16,7991,57.8,0,0,0,0
1,credit_card,0.1606,1231.53,10.337943,17.33,735,1953.07,24767,71.8,0,0,0,0
1,debt_consolidation,0.15,933.55,10.839442,17.76,736,7647.33,55471,37.1,1,0,0,0
1,debt_consolidation,0.1455,123.81,10.188681,13.41,733,3021.72,5446,77.6,0,0,0,0
0,debt_consolidation,0.1604,596.98,11.0682,3.1,658,2548.08,50056,5.2,1,0,0,0
1,debt_consolidation,0.1849,883.24,10.810727,10.08,677,4900.77,8057,51.6,0,0,0,0
1,all_other,0.1515,252.1,11.582238,22.12,702,3920.5,50643,38.1,1,0,0,0
1,credit_card,0.1859,509.76,10.927058,16.81,682,6010.04,123849,119.0,3,0,0,0
1,small_business,0.22,382.68,10.659258,18.0,670,6485.28,81932,15.8,1,0,0,0
0,debt_consolidation,0.1837,640.6,10.779507,30.0,639,3884.83,6621,61.3,0,1,0,0
0,credit_card,0.2073,300.4,11.981289,14.86,659,5363.19,28503,83.7,2,0,0,0
1,debt_consolidation,0.1662,788.82,9.972251,0.0,700,3846.68,5168,30.8,1,0,0,1
1,home_improvement,0.1712,353.32,10.547215,5.0,707,6977.05,1766,48.1,0,0,0,0
1,debt_consolidation,0.145,301.56,10.951965,14.71,680,6285.63,7679,32.3,1,0,0,0
1,all_other,0.1429,591.03,10.54178,12.73,713,6853.71,40482,34.4,3,0,0,1
1,all_other,0.1512,713.5,11.229316,11.41,694,4349.54,7078,96.0,1,0,0,0
1,debt_consolidation,0.1664,75.61,10.895544,11.53,751,5705.82,112345,0.0,2,0,0,0
1,educational,0.1536,49.91,11.086151,7.19,704,6335.13,12385,55.1,3,0,0,0
1,debt_consolidation,0.1588,487.63,11.001875,15.18,736,6932.15,1974,0.0,3,0,0,0
1,debt_consolidation,0.1528,239.5,10.867142,22.22,718,6717.12,7056,74.7,1,0,0,0
0,all_other,0.1746,155.67,10.142598,24.55,657,4752.95,3930,35.9,2,0,0,0
1,all_other,0.1298,283.58,11.037416,24.36,707,2185.74,90044,0.0,1,0,0,0
1,debt_consolidation,0.1409,1197.75,9.854321,6.0,663,6314.1,24547,42.8,3,0,0,0
1,debt_consolidation,0.153,150.08,10.520104,12.46,706,6190.07,9909,12.1,3,0,0,0
1,debt_consolidation,0.1649,719.75,11.228415,10.43,682,2310.35,36017,75.9,2,0,0,0
1,small_business,0.1486,222.08,11.655709,16.68,725,7176.73,3177,77.3,1,0,0,1
0,all_other,0.1838,143.84,12.363144,12.03,659,5450.51,1778,14.0,1,0,0,0
1,debt_consolidation,0.1968,263.7,10.668765,11.04,711,4737.76,1466,62.9,1,0,0,0
1,debt_consolidation,0.1779,145.78,10.402274,22.64,732,5593.66,587,28.4,1,0,0,0
1,small_business,0.1573,127.82,11.248593,13.28,744,7387.68,2003,38.7,4,0,1,0
1,small_business,0.1863,240.15,12.070681,13.46,681,8956.29,26993,104.9,0,0,0,0
1,debt_consolidation,0.1695,181.67,11.864974,15.45,711,4925.94,35194,36.3,1,0,0,0
1,credit_card,0.1589,346.64,10.298602,17.27,717,4484.05,2727,89.6,1,0,0,0
1,debt_consolidation,0.1434,422.7,10.844289,17.31,769,6579.46,440,98.4,0,0,0,1
0,debt_consolidation,0.1878,230.09,11.448724,23.31,654,1709.89,5723,38.0,1,1,0,0
1,small_business,0.1897,622.72,11.491024,3.73,675,7215.81,24330,55.5,1,1,0,0
1,small_business,0.1109,225.25,11.291036,14.84,817,1673.09,41514,33.6,4,0,0,0
1,debt_consolidation,0.1686,349.54,10.656263,11.89,700,1624.1,16146,47.8,1,0,0,0
0,small_business,0.159,84.11,11.285609,10.52,638,8943.24,2186,66.5,4,0,0,0
1,credit_card,0.172,414.2,11.496904,17.83,688,180.0,35065,45.0,2,0,0,0
0,credit_card,0.1596,1229.81,10.361468,21.55,612,8328.09,20564,58.8,1,0,0,0
1,home_improvement,0.1581,669.07,11.741444,8.52,719,8959.31,35716,27.3,1,1,0,0
1,all_other,0.1233,323.49,11.535095,24.24,741,5908.91,2630,21.5,0,0,0,0
1,major_purchase,0.1982,180.27,10.477403,2.72,675,6574.34,24871,36.8,2,0,1,0
1,debt_consolidation,0.1667,1216.74,11.494195,16.67,692,1124.75,43891,51.6,3,0,0,0
1,all_other,0.1411,334.51,11.425999,6.45,745,3828.96,1260,85.0,0,1,0,0
0,debt_consolidation,0.1951,252.0,11.449203,8.17,643,5956.13,4085,42.2,3,1,0,1
1,home_improvement,0.1621,244.97,11.891344,13.01,660,5883.31,959,59.4,0,0,0,0
1,debt_consolidation,0.1833,1271.14,10.923618,9.85,701,6170.88,2982,20.2,2,0,0,0
1,all_other,0.1838,365.96,11.132228,0.0,681,5881.96,9267,72.4,2,1,0,1
1,credit_card,0.1508,520.36,9.320376,16.82,699,5112.54,1079,36.2,0,1,0,0
0,debt_consolidation,0.1573,332.32,11.610652,17.98,662,2005.51,64832,41.1,1,2,1,1
1,debt_consolidation,0.1448,359.59,11.551948,11.49,718,5940.06,66349,49.3,1,1,0,0
1,debt_consolidation,0.1564,284.17,11.757181,10.95,704,2217.86,8878,31.8,0,0,0,0
1,credit_card,0.1248,990.04,10.358625,10.03,731,4148.02,3824,15.3,1,0,0,0
1,debt_consolidation,0.1432,387.3,11.516848,0.79,718,8540.37,10196,60.7,2,0,0,0
1,debt_consolidation,0.1405,139.64,11.551437,0.06,718,1149.11,112934,73.8,1,0,0,0
0,all_other,0.1766,518.61,10.532941,18.15,655,4749.26,29720,8.8,1,0,0,0
1,major_purchase,0.1435,346.7,11.574138,19.95,729,7230.58,615,54.7,3,0,0,0
1,home_improvement,0.1715,510.28,11.212455,16.72,697,6656.8,297,54.3,0,1,0,1
1,debt_consolidation,0.1592,304.55,9.894213,15.22,704,5824.07,2567,37.0,0,0,0,0
1,small_business,0.1609,263.64,11.286533,18.0,750,3366.8,10209,36.9,2,0,0,0
1,home_improvement,0.173,732.28,10.462004,17.54,683,8337.08,718,78.5,2,0,0,0
1,credit_card,0.1291,1177.77,9.907682,7.18,761,2000.04,7866,110.4,2,0,0,0
1,all_other,0.1448,102.45,11.153597,14.13,765,6792.33,748,85.2,0,0,1,1
1,debt_consolidation,0.088,367.31,10.890148,10.56,739,5442.58,11079,63.2,0,0,0,0
1,credit_card,0.1654,265.48,11.786326,10.65,673,3093.27,15492,81.7,1,0,0,0
0,all_other,0.1818,209.38,11.040849,20.47,627,4087.2,167160,61.2,1,0,1,0
1,debt_consolidation,0.1398,82.6,11.404897,23.47,751,9587.83,8854,27.5,2,0,0,1
1,debt_consolidation,0.1414,482.2,11.240374,0.0,714,2154.68,6196,58.0,2,0,0,0
1,debt_consolidation,0.1795,281.71,11.552784,10.84,682,660.25,92389,8.4,2,0,0,1
1,all_other,0.1502,259.35,10.389292,10.48,755,3465.12,31103,25.8,3,0,0,0
1,debt_consolidation,0.1431,871.41,11.051107,20.61,677,6092.39,11710,74.6,3,0,1,0
1,credit_card,0.1676,285.75,10.844151,2.59,694,8619.55,6723,41.8,1,0,0,0
1,home_improvement,0.1213,259.78,11.328747,0.0,730,5123.23,166277,23.2,3,0,0,0
1,debt_consolidation,0.1844,156.16,11.086046,18.26,668,988.65,3390,29.8,0,0,0,0
1,debt_consolidation,0.1484,200.38,10.555437,19.24,706,5298.96,1029,11.8,1,0,0,0
1,debt_consolidation,0.1214,1016.1,10.723861,0.29,751,7199.86,8049,56.6,2,0,0,0
0,debt_consolidation,0.1181,555.91,11.935587,11.74,718,5861.32,6594,34.8,5,0,0,0
1,home_improvement,0.1329,911.45,9.896446,23.16,757,6294.43,75266,40.0,2,0,0,0
1,all_other,0.1134,199.8,11.362712,5.16,753,380.02,14032,59.1,0,0,0,0
1,small_business,0.1412,482.19,11.687282,13.3,710,1704.68,47301,57.0,1,0,0,0
0,educational,0.1997,846.1,11.283091,16.1,621,4725.18,182,12.7,0,0,0,0
1,debt_consolidation,0.1942,604.94,12.132315,2.75,668,7893.73,6408,13.6,1,1,0,0
1,credit_card,0.1507,1147.34,11.502495,8.71,739,3086.42,115985,45.0,1,0,0,0
0,all_other,0.1538,505.1,11.164315,0.93,651,5571.8,1946,65.9,0,1,0,1
1,all_other,0.1586,383.3,10.645295,11.46,698,5475.59,6997,27.6,0,0,0,0
1,debt_consolidation,0.1637,74.38,11.175627,7.14,723,2453.23,41878,31.7,2,1,0,1
1,debt_consolidation,0.128,491.99,11.345826,14.03,766,3219.39,4878,51.1,2,0,0,0
1,credit_card,0.1723,594.44,10.932135,16.98,688,4997.0,38250,50.6,0,0,0,0
1,all_other,0.158,856.24,10.476876,22.18,686,4145.96,4161,45.5,3,1,0,0
1,debt_consolidation,0.1491,217.13,10.195424,28.69,708,7111.47,10303,58.1,0,0,0,0
1,debt_consolidation,0.1369,363.54,11.043098,14.03,723,4008.04,32004,20.7,2,0,0,0
1,all_other,0.1708,128.28,10.027007,10.42,704,7277.7,1907,90.9,1,1,1,0
1,credit_card,0.1514,122.82,10.642359,10.01,750,4155.56,2973,38.3,0,0,0,0
1,all_other,0.1583,549.36,9.446638,5.94,680,5119.83,47230,95.7,0,0,0,1
0,debt_consolidation,0.1687,944.66,11.438141,15.69,715,7059.77,3101,0.0,5,0,1,1
1,debt_consolidation,0.1197,903.18,11.633968,9.19,727,4792.01,13390,0.0,0,0,0,0
1,credit_card,0.1592,522.11,10.978158,16.17,695,3994.72,51956,44.6,0,0,0,0
1,credit_card,0.1144,1153.16,12.04719,6.16,742,4887.02,12675,76.0,0,0,0,0
1,debt_consolidation,0.1306,280.25,11.751906,9.38,716,7293.17,16924,53.8,0,0,0,0
1,all_other,0.1151,676.51,11.222669,15.58,740,5889.14,130513,43.9,0,0,0,0
1,all_other,0.1396,148.52,10.860939,11.74,717,180.0,434131,55.3,2,0,0,1
1,credit_card,0.162,42.71,10.716867,0.0,724,3254.73,13600,46.4,3,0,0,0
1,debt_consolidation,0.1651,276.52,11.27312,12.5,686,3276.3,5550,103.9,0,1,0,0
1,all_other,0.155,350.93,10.843852,7.07,686,6518.78,41493,32.1,2,0,0,0
1,major_purchase,0.1313,435.12,11.26442,20.75,757,269.35,3156,84.0,2,0,0,0
1,debt_consolidation,0.104,311.62,11.309697,19.3,734,5759.35,89400,25.5,1,1,0,0
1,debt_consolidation,0.1849,512.72,10.789957,0.0,671,6650.05,4557,38.5,1,0,0,0
1,debt_consolidation,0.1078,1142.21,11.598429,18.13,717,6650.41,5556,18.8,0,0,0,0
0,debt_consolidation,0.1823,664.94,10.790584,15.29,620,4848.29,2118,71.7,2,1,0,0
1,major_purchase,0.1642,226.34,10.943017,2.36,688,1020.24,2811,82.2,2,0,0,0
1,educational,0.1482,65.15,10.33371,18.66,747,4416.98,72303,42.0,1,0,0,0
1,debt_consolidation,0.1629,181.89,10.764924,3.77,705,8744.55,18919,62.8,3,0,0,0
1,small_business,0.1681,995.77,12.246501,20.5,714,3570.32,10055,50.7,0,0,0,0
0,debt_consolidation,0.22,293.63,10.380764,8.14,612,10512.08,290847,64.2,1,0,0,1
1,all_other,0.2029,656.29,11.197005,2.13,695,7087.88,13218,81.3,2,0,0,1
1,credit_card,0.1502,593.76,10.65276,27.23,723,4702.45,10634,13.9,1,1,0,0
1,debt_consolidation,0.1458,362.52,9.57952,1.93,728,5624.33,1844,16.4,1,0,0,0
1,all_other,0.1361,349.85,11.270972,7.04,747,5995.96,2997,31.0,2,0,1,0
1,all_other,0.1473,237.26,10.590764,8.39,702,3617.09,2448,34.2,3,1,0,0
1,debt_consolidation,0.1661,1241.06,11.124615,9.46,704,4025.39,3652,53.1,1,0,0,0
0,educational,0.2043,209.41,11.533729,17.42,659,10046.58,5174,47.3,3,0,0,1
1,debt_consolidation,0.1097,784.49,11.073105,13.0,702,8789.28,6931,41.2,1,0,0,0
1,debt_consolidation,0.1741,701.58,11.130262,19.53,662,4115.57,33496,44.9,1,0,0,0
0,major_purchase,0.2172,640.1,10.400557,15.17,640,3112.9,10507,53.4,3,0,0,0
1,all_other,0.1822,364.72,11.361163,1.06,669,1077.09,191195,24.8,1,0,0,0
1,debt_consolidation,0.1385,132.4,10.814293,16.39,767,10451.43,29986,0.0,2,0,0,0
1,debt_consolidation,0.1284,164.62,9.710959,14.21,700,7620.73,3532,20.7,0,0,0,0
1,debt_consolidation,0.1663,225.55,11.434619,8.29,718,8176.08,22549,79.1,1,0,0,1
1,debt_consolidation,0.1851,515.88,11.62112,26.91,690,3701.54,13932,0.0,1,0,0,0
0,debt_consolidation,0.1905,748.41,11.833485,16.8,642,3536.93,102171,79.9,1,0,0,1
1,all_other,0.1266,456.92,12.254202,19.1,746,2756.25,40701,30.6,2,0,0,0
0,all_other,0.2021,488.94,11.401856,19.34,627,180.0,12190,71.7,0,1,0,0
1,small_business,0.1596,797.29,11.243523,9.7,689,2873.6,179466,17.4,1,0,0,1
0,small_business,0.1484,87.6,11.595844,16.97,708,5858.97,26681,0.0,5,0,1,0
1,debt_consolidation,0.1679,82.95,10.388933,14.78,719,5680.99,28621,22.1,0,1,0,0
1,major_purchase,0.1904,135.77,9.910099,8.76,682,3519.6,121179,43.2,2,0,0,1
0,small_business,0.1875,763.76,10.639025,4.17,640,6696.63,43082,58.2,2,0,0,1
1,major_purchase,0.1461,92.38,11.709119,12.77,680,3374.61,15452,6.0,1,0,0,0
1,credit_card,0.1509,377.04,10.52673,16.65,682,6979.29,9656,57.9,0,0,0,1
1,debt_consolidation,0.1729,207.03,11.214022,12.71,681,6947.09,432,47.8,1,0,0,0
1,debt_consolidation,0.116,402.66,11.279711,11.34,747,7107.91,571,29.1,1,0,0,0
1,small_business,0.2173,376.91,11.079002,12.79,664,5244.63,9065,50.4,0,0,0,0
1,all_other,0.1417,446.51,10.150644,10.62,721,3019.57,4499,49.6,2,0,1,0
1,small_business,0.1755,297.17,11.139051,23.29,716,2079.22,11272,62.3,1,1,0,0
1,credit_card,0.1248,600.21,10.672852,14.46,746,180.0,55676,52.8,3,0,0,0
1,debt_consolidation,0.1698,1085.97,11.968745,9.24,705,6952.93,3177,50.1,0,0,0,1
1,debt_consolidation,0.1557,926.43,11.623496,0.12,740,845.41,878,104.4,2,0,0,0
1,educational,0.1255,284.13,10.694361,11.24,703,4722.34,1368,0.0,2,1,0,0
1,debt_consolidation,0.1347,202.5,12.007099,8.62,727,5605.01,2265,9.2,1,0,0,0
0,credit_card,0.1784,452.46,11.139664,8.36,653,2387.21,1765,78.6,2,0,0,1
0,educational,0.1895,1282.08,9.910302,19.1,612,4751.93,11721,4.5,2,1,0,1
1,debt_consolidation,0.167,374.15,10.882234,13.15,724,5857.46,128336,73.0,2,0,0,0
1,debt_consolidation,0.1368,669.4,11.92752,0.99,726,4376.63,29253,56.3,1,0,0,0
1,all_other,0.1621,667.58,10.429899,16.87,728,6210.98,32927,9.1,2,0,0,0
1,home_improvement,0.1746,673.78,10.888374,1.68,690,3948.47,15531,75.7,3,0,0,0
1,all_other,0.1281,895.91,10.100494,17.38,767,4365.52,1507,81.5,0,0,0,0
1,debt_consolidation,0.1787,157.03,10.197309,9.32,693,2838.05,394377,47.9,1,0,0,0
1,debt_consolidation,0.1179,184.55,10.421114,13.2,726,4720.97,6577,44.1,1,0,0,1
1,debt_consolidation,0.1443,388.86,10.181287,12.43,733,5075.17,37855,84.6,0,0,0,0
1,debt_consolidation,0.1112,848.77,10.552853,11.58,775,2750.39,305,0.0,2,1,0,0
1,debt_consolidation,0.1592,907.41,11.990353,14.05,698,6132.37,9486,67.2,2,0,0,0
1,home_improvement,0.1578,371.21,10.907996,13.17,685,180.0,8308,5.2,1,0,0,0
0,debt_consolidation,0.1827,798.27,11.409168,25.5,653,7765.0,7134,63.8,1,0,0,0
1,home_improvement,0.1295,274.17,11.595857,14.15,769,1516.29,1162,43.3,3,0,0,0
1,major_purchase,0.1515,213.07,10.253854,14.31,726,7661.07,15023,46.0,1,1,0,1
1,all_other,0.1518,149.94,10.422777,7.7,727,6611.22,77016,94.7,1,0,0,0
1,all_other,0.1147,327.51,11.397149,15.23,827,7591.49,314804,1.6,0,0,0,0
1,debt_consolidation,0.1253,287.21,10.543087,5.54,722,2244.55,152993,67.8,1,0,0,0
1,all_other,0.1881,807.21,11.356748,20.54,661,4551.01,82733,44.9,3,1,0,0
1,debt_consolidation,0.1288,545.56,11.953167,2.36,703,5794.56,168414,49.9,3,0,0,0
1,debt_consolidation,0.1167,375.57,10.042216,6.78,673,6129.89,203132,71.9,1,1,0,0
1,all_other,0.2021,424.64,10.71227,1.36,695,7160.37,2495,70.4,2,0,0,0
1,debt_consolidation,0.1439,280.32,10.809054,15.5,695,6688.37,16360,65.1,1,0,0,0
1,debt_consolidation,0.1568,110.19,10.608916,9.68,688,6249.41,1419,21.8,2,0,0,0
0,credit_card,0.1425,163.97,10.559136,17.33,657,6288.41,25895,64.9,0,0,0,0
1,all_other,0.1194,629.57,10.629806,5.87,771,6769.39,7378,69.1,1,0,0,0
1,debt_consolidation,0.1551,346.63,10.920697,16.27,721,5109.62,8541,61.6,1,0,0,0
1,debt_consolidation,0.1648,154.55,11.03058,16.6,701,7924.69,7060,65.3,0,0,0,1
1,debt_consolidation,0.1187,944.17,11.511581,14.06,739,4867.59,202,49.8,2,0,0,0
1,all_other,0.1389,1194.35,10.914678,12.81,728,831.72,516,13.3,1,1,0,0
1,all_other,0.1588,892.07,11.612087,13.55,720,8173.45,43017,35.3,3,0,1,0
1,debt_consolidation,0.149,509.47,10.569002,6.32,736,6230.05,3722,33.5,3,0,0,1
1,all_other,0.1562,467.35,10.197169,5.18,715,4687.58,56198,47.8,2,0,0,0
1,educational,0.1599,377.93,10.7441,16.35,735,5345.16,8451,35.5,2,1,0,0
1,all_other,0.1407,419.56,11.212121,10.06,739,8827.58,865,99.4,3,0,0,0
1,all_other,0.181,614.91,11.454885,15.73,716,5310.16,1163,60.2,2,0,0,0
1,all_other,0.1536,625.32,11.820742,23.3,702,8857.64,3735,45.3,3,0,0,0
1,small_business,0.1587,527.49,11.107022,9.45,768,6239.17,2479,55.2,2,0,0,1
1,major_purchase,0.1786,39.81,11.389346,8.46,692,4152.91,9495,59.3,3,0,0,1
1,debt_consolidation,0.1164,809.06,11.764955,10.36,725,1785.65,16373,110.0,1,0,0,0
1,debt_consolidation,0.1575,440.63,10.454659,12.87,726,5288.43,18848,60.1,1,0,0,1
1,debt_consolidation,0.1534,147.31,10.801814,16.84,687,8345.34,15758,35.4,2,0,0,0
1,credit_card,0.1497,435.36,12.620257,12.4,679,3638.76,45001,17.3,2,0,0,0
1,debt_consolidation,0.1533,470.78,11.452397,26.94,697,5976.45,54414,53.7,2,0,0,0
0,small_business,0.1827,132.18,11.241527,15.5,691,8897.64,2472,106.5,0,2,0,1
0,debt_consolidation,0.1494,241.61,11.475151,17.99,655,627.84,554,42.5,4,1,0,0
1,all_other,0.1677,179.24,10.115237,12.35,685,6053.89,3694,20.0,0,0,1,0
1,debt_consolidation,0.147,191.0,10.535436,19.58,720,6445.12,12499,75.8,3,0,0,0
1,all_other,0.1551,569.32,10.312498,11.18,758,5950.22,4719,50.5,1,0,0,0
1,all_other,0.1338,239.72,11.185351,8.15,731,800.14,30116,0.0,1,0,0,0
0,credit_card,0.22,445.91,10.704931,18.85,612,3161.85,1298,53.1,5,0,1,1
1,all_other,0.1528,637.96,10.988187,12.2,734,180.0,137114,80.1,0,0,0,0
1,all_other,0.1647,285.7,10.74028,14.29,689,1765.84,38368,0.0,1,0,0,0
1,credit_card,0.1737,675.53,9.937892,19.37,727,7169.26,5906,67.8,2,0,0,1
1,major_purchase,0.1948,1042.13,11.469836,13.56,709,4235.03,3224,10.7,0,0,0,0
1,home_improvement,0.1548,690.29,9.85506,11.57,703,7108.11,8577,41.1,1,0,0,1
1,credit_card,0.1429,571.27,10.486135,8.91,706,6971.36,68626,33.3,1,0,0,0
1,all_other,0.1649,704.2,10.127562,19.93,709,2250.93,5775,79.2,0,0,0,1
1,small_business,0.1195,478.65,10.393358,10.24,761,5483.19,4314,76.0,1,0,0,1
1,all_other,0.1303,667.93,11.053134,12.25,709,1094.34,10852,7.7,2,0,0,1
1,major_purchase,0.1636,169.95,11.683364,14.58,751,5746.79,1468,0.0,2,0,0,0
1,home_improvement,0.1511,360.46,9.977793,14.55,746,6119.32,61142,3.1,2,0,0,0
0,debt_consolidation,0.1275,483.23,10.590103,19.59,735,4491.44,29562,59.3,5,0,0,1
0,debt_consolidation,0.22,396.38,9.863083,12.12,642,854.75,46591,0.0,1,1,1,0
1,credit_card,0.1094,1144.86,10.560699,22.1,752,1340.75,100390,28.3,0,0,0,0
1,credit_card,0.1759,343.88,10.973854,10.88,693,11416.56,3087,74.0,1,0,0,0
1,all_other,0.1278,105.49,11.397917,15.16,737,6613.49,11212,64.4,1,0,0,1
1,educational,0.2082,427.25,9.637677,11.33,673,4362.9,9401,0.0,4,0,0,0
1,all_other,0.1655,692.01,11.265837,27.04,665,7459.78,137980,52.7,1,0,0,1
1,debt_consolidation,0.1165,196.21,10.33669,10.18,785,8739.1,5636,19.2,0,0,0,0
1,all_other,0.1359,362.24,10.188124,10.8,674,8086.33,624,28.3,3,0,0,0
1,debt_consolidation,0.1778,374.54,10.971167,13.39,754,4576.27,5239,30.4,1,0,0,0
1,all_other,0.1417,359.43,11.312559,10.76,714,4225.31,45144,33.8,1,0,0,0
1,small_business,0.1877,262.93,10.868723,14.77,694,7049.71,25662,44.5,0,0,0,0
1,debt_consolidation,0.1569,825.15,10.26319,21.08,708,4471.44,9417,25.6,3,0,0,0
1,home_improvement,0.1669,1242.45,10.868402,13.62,661,8056.64,5954,26.8,0,0,0,0
1,home_improvement,0.1118,199.49,10.487641,13.87,709,5340.23,18874,72.9,0,0,0,1
1,debt_consolidation,0.1698,156.17,11.29846,11.02,669,7043.72,27062,47.1,2,1,1,0
0,home_improvement,0.1572,281.99,11.585968,9.11,695,7658.91,15479,15.4,5,0,0,1
1,credit_card,0.1465,1010.25,11.546992,13.27,745,1812.67,6259,49.9,0,0,0,0
1,all_other,0.1943,336.68,10.917953,12.65,720,5424.25,10409,3.9,0,0,0,0
0,debt_consolidation,0.194,520.98,11.614823,20.7,654,7930.73,4560,50.3,0,0,0,0
1,debt_consolidation,0.1587,202.68,10.307202,5.98,742,3043.23,57198,63.2,2,0,0,0
1,all_other,0.1498,1212.94,12.017548,22.64,710,3690.18,8860,70.4,1,0,0,0
0,debt_consolidation,0.1391,303.62,10.303785,11.59,689,8063.54,2451,59.2,5,0,0,0
1,debt_consolidation,0.1377,443.69,9.691627,13.62,738,8879.76,406392,15.6,3,0,0,0
1,major_purchase,0.1439,215.33,11.762916,5.25,704,180.0,3410,30.6,2,0,0,0
1,credit_card,0.1747,210.21,10.496818,16.48,666,8056.69,2620,80.0,4,0,0,0
1,credit_card,0.1145,359.52,11.001211,5.97,780,180.0,1595,37.9,2,0,0,0
1,major_purchase,0.1228,392.33,10.301207,15.18,709,4902.19,3643,44.5,2,0,0,0
1,debt_consolidation,0.1826,725.99,12.371798,14.5,707,1595.56,36097,66.7,1,0,0,0
1,debt_consolidation,0.1598,117.96,12.041309,10.35,695,3691.11,872,90.7,3,0,0,1
1,credit_card,0.129,189.14,11.873398,0.0,755,5322.41,14153,44.8,2,0,0,0
1,all_other,0.1428,232.0,10.983898,27.51,690,6386.93,4304,35.7,0,0,0,0
0,debt_consolidation,0.1729,425.89,11.528227,5.33,651,8633.51,2986,102.0,4,0,0,0
1,home_improvement,0.1503,172.04,10.897638,14.48,684,1696.82,677,104.0,2,0,0,0
1,debt_consolidation,0.1095,334.71,11.614543,7.56,760,7950.59,10190,48.1,2,0,0,1
1,all_other,0.1448,239.86,10.679528,19.83,742,4365.62,705,47.6,2,1,1,0
1,all_other,0.151,345.33,11.89667,9.98,700,4418.84,6981,73.3,2,1,0,0
1,all_other,0.1475,219.68,10.648868,7.41,762,9311.08,18887,59.7,3,0,0,0
1,debt_consolidation,0.1361,183.12,10.718153,16.71,738,7166.11,295,47.8,3,0,0,0
1,debt_consolidation,0.1627,471.26,10.645417,3.82,700,854.19,33196,68.4,1,0,0,1
1,small_business,0.1753,856.23,11.047396,9.75,704,4864.17,462,28.2,0,0,0,0
1,major_purchase,0.1577,677.38,10.693201,17.36,723,3190.73,199880,79.3,1,0,0,0
1,all_other,0.1535,830.32,11.227226,23.0,678,3973.42,8017,66.2,3,0,0,0
1,debt_consolidation,0.1739,927.54,10.636598,5.96,710,4731.43,2750,60.1,1,0,0,0
1,all_other,0.1269,327.91,11.412381,8.38,722,6218.09,15181,43.9,2,0,0,0
0,debt_consolidation,0.1855,1275.01,11.856204,15.03,646,1921.68,2587,29.0,1,0,0,0
1,debt_consolidation,0.135,630.17,10.977304,0.0,703,4505.62,224,0.0,0,1,0,0
1,debt_consolidation,0.1589,197.48,12.28318,21.97,698,4073.23,67605,0.0,3,0,0,0
1,debt_consolidation,0.1562,239.53,11.617793,5.7,749,6020.39,6275,0.0,0,0,0,0
0,debt_consolidation,0.1985,450.85,12.234324,9.58,640,4927.57,12347,82.5,2,0,0,1
1,debt_consolidation,0.1834,735.89,10.892669,14.4,696,7404.4,8396,27.9,1,0,0,0
1,home_improvement,0.1579,326.66,9.91651,12.95,692,5706.46,2896,11.9,3,0,0,0
1,all_other,0.1579,194.29,10.499256,5.95,746,6568.2,1831,44.4,2,0,0,0
1,all_other,0.143,652.89,10.561477,24.48,708,5642.25,35142,19.4,0,0,0,0
1,debt_consolidation,0.1161,165.31,10.348654,0.0,778,2186.12,24829,35.6,3,0,0,0
1,small_business,0.1623,477.24,9.590498,4.86,735,4123.3,10205,63.1,1,0,0,1
1,debt_consolidation,0.1801,407.62,11.555035,8.21,694,3388.13,56092,37.5,0,0,0,0
1,debt_consolidation,0.1409,146.26,9.795388,6.05,719,6957.23,9710,37.5,2,0,0,0
1,all_other,0.1757,1257.8,11.496616,21.01,697,7188.72,65398,46.4,0,1,0,0
1,credit_card,0.1457,381.31,12.263185,1.16,743,4855.31,116019,6.4,2,0,0,0
0,home_improvement,0.1856,173.74,10.455217,23.35,659,5423.14,61826,55.4,1,0,0,1
1,all_other,0.1528,393.83,11.166418,10.68,679,1111.27,21094,88.4,2,0,0,0
1,debt_consolidation,0.1406,111.45,10.686834,3.21,727,4085.58,2174,36.4,2,1,0,0
1,debt_consolidation,0.1329,476.5,11.434516,0.0,757,180.0,22237,49.9,2,0,1,0
0,all_other,0.2004,743.14,10.201409,11.12,626,7082.84,5123,22.7,2,0,0,1
1,debt_consolidation,0.1164,1156.49,10.849607,7.76,762,10632.35,34623,26.1,1,0,1,0
1,debt_consolidation,0.1323,395.97,11.61392,14.23,705,3727.0,144998,75.5,1,1,0,0
0,debt_consolidation,0.1456,237.58,10.900189,9.49,638,5632.09,9469,51.7,2,1,0,0
0,major_purchase,0.2149,479.43,9.936537,19.2,612,6103.09,1823,66.2,3,0,1,1
0,debt_consolidation,0.2009,1115.49,11.687409,11.62,652,2218.59,33598,54.7,2,1,0,1
1,debt_consolidation,0.1162,513.06,10.139455,9.68,709,4731.33,10793,42.5,3,0,0,0
1,major_purchase,0.1588,687.64,10.978028,19.32,707,6229.32,127793,82.2,4,0,0,1
1,credit_card,0.1376,634.25,11.285413,14.17,734,5482.49,11927,0.0,2,0,1,0
1,all_other,0.1897,571.26,11.003109,17.94,689,5208.94,9774,23.6,2,0,1,0
1,credit_card,0.1706,146.29,12.477837,20.53,668,4319.06,12752,36.0,1,0,0,1
1,debt_consolidation,0.174,141.49,11.377626,10.57,694,3019.73,17905,48.3,1,1,0,0
1,home_improvement,0.1469,124.97,10.806566,12.86,711,6749.95,459,38.4,1,0,0,0
1,debt_consolidation,0.1381,161.24,11.297624,18.42,719,9460.92,2985,53.1,4,0,0,1
1,major_purchase,0.1847,186.58,11.058066,0.0,680,180.0,64295,86.7,2,0,0,0
1,debt_consolidation,0.1622,1234.3,10.957065,11.9,744,180.0,3853,13.6,1,1,0,0
1,all_other,0.1413,228.35,11.07871,11.05,686,2023.69,10440,91.2,1,1,0,0
1,all_other,0.1936,432.11,10.665207,15.18,677,3957.0,7581,40.7,2,0,0,0
1,debt_consolidation,0.1459,317.81,11.05987,7.07,689,4404.31,3645,52.6,2,1,0,1
1,debt_consolidation,0.0908,398.75,10.62165,20.16,751,5377.9,8453,47.7,1,0,0,0
1,home_improvement,0.1584,402.97,9.77332,7.51,705,5241.23,2133,55.1,1,0,0,0
1,debt_consolidation,0.1777,163.63,11.625522,9.43,684,4713.36,1023,81.9,1,0,0,0
1,educational,0.1098,543.99,10.585077,8.02,745,8240.39,15210,13.7,2,1,0,0
1,debt_consolidation,0.0798,212.91,11.016246,21.09,791,2745.43,144180,26.2,0,0,0,0
1,all_other,0.1424,227.66,10.466142,0.0,718,7328.16,36150,65.2,0,0,0,0
1,all_other,0.1222,294.08,10.484556,24.93,757,10022.77,37378,23.8,0,0,0,0
1,all_other,0.1657,682.89,10.296217,22.77,749,1383.59,59098,0.0,0,0,0,0
1,credit_card,0.1665,250.63,11.508461,8.7,687,185.6,15197,65.7,0,0,0,0
1,credit_card,0.1701,415.9,11.65573,19.69,711,5524.04,11360,24.6,1,0,0,0
1,all_other,0.1821,525.79,10.94582,13.5,661,6677.07,2766,72.5,1,0,0,0
1,all_other,0.1909,480.51,10.602639,24.01,702,5150.53,38603,34.0,1,0,0,0
1,all_other,0.1489,436.1,9.897227,19.16,686,180.0,17041,80.1,1,0,0,0
1,debt_consolidation,0.1609,144.15,11.415213,27.73,695,842.98,3637,54.4,1,0,0,0
1,debt_consolidation,0.1371,406.87,10.5173,1.82,682,3789.9,6608,26.8,2,0,1,1
1,debt_consolidation,0.1771,207.61,10.248471,13.92,699,6099.36,1804,11.5,1,0,0,0
1,all_other,0.1692,113.63,10.947851,0.7,730,4173.69,25347,40.3,0,0,0,0
1,major_purchase,0.1756,284.3,10.726183,9.02,705,5593.44,129533,48.6,2,0,0,1
0,debt_consolidation,0.1854,277.07,10.003987,28.12,639,5523.17,1795,28.4,1,0,0,1
1,all_other,0.1387,1194.01,10.08776,15.83,682,7387.86,58223,9.5,3,0,0,0
0,debt_consolidation,0.1803,783.48,11.135291,19.39,652,2157.92,75705,40.4,1,0,0,1
1,all_other,0.1383,645.75,10.530028,16.15,719,5280.39,1702,91.6,1,0,0,0
1,credit_card,0.1658,291.43,11.241258,15.71,729,8656.79,400,54.2,0,0,0,0
1,credit_card,0.1429,329.72,11.019384,9.0,720,3085.0,12096,28.2,1,0,0,0
1,credit_card,0.1604,1231.19,11.569001,7.71,680,3492.76,8284,51.2,1,0,0,0
1,credit_card,0.1953,258.78,10.422391,8.81,719,5275.66,7690,65.3,2,0,0,0
1,debt_consolidation,0.18,472.69,11.071958,0.0,692,2416.95,66347,20.1,0,0,0,0
1,all_other,0.1968,1295.03,11.319347,12.03,667,2149.23,6228,39.5,0,0,0,0
1,debt_consolidation,0.1331,223.05,10.548007,14.25,738,4192.15,524879,42.7,1,1,0,0
1,major_purchase,0.1199,403.4,11.617594,8.33,741,4449.87,937,35.4,1,0,0,0
1,home_improvement,0.161,380.23,9.913571,11.7,746,6938.67,2730,11.2,1,1,0,0
1,debt_consolidation,0.1961,217.04,10.421906,16.22,687,2818.22,2708,66.2,2,0,0,0
1,debt_consolidation,0.1099,615.93,9.89075,18.71,755,5136.2,8106,0.0,0,0,0,0
1,all_other,0.1541,174.7,10.481116,4.34,691,8145.78,106152,27.9,1,0,0,0
1,educational,0.1264,631.13,10.835704,7.12,735,7997.04,1832,25.9,1,1,0,0
1,debt_consolidation,0.1741,529.78,11.437215,17.8,691,4784.52,2577,30.8,2,0,0,0
1,all_other,0.1817,743.15,10.835273,16.66,701,5532.29,3962,89.3,3,1,0,0
0,debt_consolidation,0.1899,349.93,10.566822,21.88,618,2796.9,9474,38.0,1,0,0,1
1,all_other,0.1534,500.4,9.984974,21.59,699,5782.13,14165,77.9,0,0,0,0
1,all_other,0.1154,740.21,10.189351,29.26,713,8885.86,5859,50.9,2,0,0,0
1,debt_consolidation,0.144,140.23,11.119226,10.58,694,8308.33,1391,60.0,1,0,0,1
0,home_improvement,0.1559,164.09,11.467687,23.49,777,5004.39,9362,38.4,3,2,0,0
1,debt_consolidation,0.1856,598.83,10.674275,6.25,666,5924.75,108409,68.0,1,0,0,0
1,home_improvement,0.1839,707.32,11.668719,29.12,689,3221.25,47322,29.1,2,0,0,0
1,debt_consolidation,0.1639,425.13,10.35055,15.74,676,2735.66,5266,34.1,2,0,0,1
1,all_other,0.1599,732.09,10.69177,16.34,689,4149.35,12263,31.9,1,1,0,0
1,debt_consolidation,0.1387,289.58,10.743251,19.43,749,5736.89,24316,16.7,2,0,0,0
1,all_other,0.1372,904.0,11.862942,3.25,766,6864.81,45070,46.4,3,0,0,1
1,debt_consolidation,0.1956,384.02,11.011532,5.18,683,4861.84,127422,72.2,2,0,0,0
1,all_other,0.1546,221.26,9.832956,13.4,683,6160.38,16811,37.2,0,0,0,0
1,debt_consolidation,0.1729,1061.59,11.510509,14.99,666,180.0,1676,23.8,2,0,0,0
1,debt_consolidation,0.1175,645.77,12.056016,26.97,760,5486.12,945,103.5,0,0,0,0
1,home_improvement,0.0972,256.47,10.777658,6.05,753,3509.44,28698,35.7,1,0,0,0
1,all_other,0.1761,291.02,10.38278,23.23,706,1932.91,1079,68.2,4,0,1,0
0,all_other,0.2147,631.6,11.457197,10.77,657,6194.97,40344,47.1,1,0,0,1
1,all_other,0.1937,200.04,12.128201,10.67,660,8677.9,4213,78.2,0,1,0,0
1,all_other,0.1578,479.79,11.447726,11.47,716,5025.71,1565,45.5,4,0,0,1
1,small_business,0.1985,360.47,9.939966,10.49,731,7259.48,24865,45.6,2,0,0,1
0,debt_consolidation,0.2006,472.83,11.390356,15.96,631,4015.73,2129,45.3,0,2,0,0
1,major_purchase,0.1774,95.72,11.176567,9.87,698,10192.16,23281,39.6,3,0,0,0
0,small_business,0.1463,199.9,10.347676,2.87,771,1119.51,14650,48.8,5,0,0,0
1,all_other,0.1654,462.76,11.716179,10.75,702,4807.83,522,24.7,0,0,0,0
1,debt_consolidation,0.1276,767.36,11.197394,15.75,767,6938.6,105432,61.4,1,0,0,0
1,credit_card,0.1613,351.46,11.732125,2.92,735,4982.83,86673,119.0,2,0,0,0
1,credit_card,0.1525,631.0,10.2825,16.61,669,8501.04,50137,19.9,2,0,1,0
1,debt_consolidation,0.1692,138.08,11.173254,20.75,699,180.0,51876,56.2,2,0,0,0
1,debt_consolidation,0.1411,273.52,10.383992,22.81,705,4782.02,3409,47.5,1,0,0,0
1,debt_consolidation,0.1823,482.55,11.081077,14.93,674,4436.67,69888,14.2,3,0,0,0
1,credit_card,0.22,399.88,11.831108,0.15,673,4784.22,36783,69.6,1,0,0,0
1,credit_card,0.1442,641.37,10.059885,17.07,767,1102.66,385,34.1,2,0,0,0
1,debt_consolidation,0.196,337.74,10.094909,19.27,673,4331.65,2334,27.1,2,0,0,1
1,all_other,0.1555,321.42,11.51284,7.79,751,4216.22,3253,86.7,0,0,0,0
1,credit_card,0.117,571.6,10.921385,12.1,693,5667.92,116361,37.1,2,0,0,0
1,major_purchase,0.1537,261.66,11.644471,15.94,709,7805.65,2333,80.9,1,0,0,0
1,debt_consolidation,0.1554,202.4,10.437556,24.93,731,5338.71,4279,62.7,3,0,0,0
1,debt_consolidation,0.1245,506.28,10.961226,10.83,687,6104.42,1402,49.8,0,0,0,0
1,debt_consolidation,0.1403,190.5,11.349759,18.75,732,8203.8,5095,65.5,0,0,0,0
0,all_other,0.1894,1081.36,11.058222,14.78,632,8033.01,57241,69.8,3,0,0,1
1,debt_consolidation,0.1236,100.58,9.838864,13.98,727,180.0,1122,41.9,1,0,0,1
0,debt_consolidation,0.1788,320.39,12.651785,21.78,616,7053.5,23271,36.3,1,1,0,0
1,home_improvement,0.1867,1246.26,11.059518,6.86,701,7037.8,2689,71.9,1,0,0,0
1,all_other,0.0699,1080.54,10.112346,14.19,742,4404.48,222725,119.0,3,0,0,0
1,debt_consolidation,0.1505,355.96,11.121662,12.79,734,3913.7,13146,0.0,2,0,0,0
1,debt_consolidation,0.2012,881.83,11.191778,2.2,661,2237.19,9561,14.7,0,0,0,0
1,debt_consolidation,0.1752,675.8,11.536293,21.1,666,206.98,4318,19.1,1,0,0,0
1,debt_consolidation,0.1958,286.5,11.495558,18.32,684,7184.48,15428,37.6,1,0,2,0
1,debt_consolidation,0.1442,521.56,10.799555,12.83,717,6972.79,1040,18.7,4,1,0,0
0,debt_consolidation,0.1724,214.07,9.879531,10.8,633,4810.08,12782,64.8,2,0,0,1
1,debt_consolidation,0.1562,128.16,11.211431,12.6,709,6834.64,4278,5.0,3,0,0,0
1,small_business,0.1579,545.72,9.928126,17.48,722,7618.94,3991,34.6,3,0,0,0
1,small_business,0.1644,573.89,11.671299,12.96,699,570.54,295247,32.6,2,0,0,0
1,debt_consolidation,0.1433,163.8,10.483018,7.99,730,5683.29,103393,75.8,0,0,0,0
1,all_other,0.136,336.37,11.317326,9.03,719,4453.2,113142,45.6,2,0,0,1
1,debt_consolidation,0.1486,164.96,10.529737,12.52,689,6140.63,42635,8.2,1,0,0,0
0,home_improvement,0.1668,281.09,10.629858,6.17,636,5525.87,21012,55.6,2,0,0,1
1,small_business,0.177,290.12,10.441408,14.9,715,6984.72,114510,20.1,2,1,0,0
1,all_other,0.1521,638.78,11.36681,7.13,674,1102.89,18490,12.4,4,1,0,0
1,all_other,0.141,263.8,10.550978,6.02,688,8344.92,29415,79.2,0,0,0,0
1,debt_consolidation,0.1263,151.56,11.398805,30.0,728,3750.85,100602,34.5,1,0,0,0
1,debt_consolidation,0.1357,1188.92,10.566934,25.98,764,4724.36,40368,61.2,1,0,0,0
1,all_other,0.1697,551.19,10.788835,13.59,709,661.12,22236,33.2,1,0,0,0
1,debt_consolidation,0.1615,721.54,10.951695,18.47,731,4801.11,39067,54.1,1,0,0,0
0,credit_card,0.1849,609.42,11.023831,19.64,655,5014.56,13064,87.6,1,0,0,0
1,all_other,0.1626,745.8,10.366235,12.08,719,4860.51,24652,52.5,2,1,0,0
1,debt_consolidation,0.1557,518.85,11.359323,14.55,708,3220.18,28755,36.5,0,1,0,0
1,all_other,0.1439,520.58,10.764483,10.79,757,2010.95,1518,8.8,2,0,0,0
0,home_improvement,0.1742,428.83,11.261779,21.26,689,6663.28,3367,72.8,5,0,0,1
1,all_other,0.1454,277.02,10.920101,21.36,701,717.15,35055,60.9,1,0,0,0
1,all_other,0.1164,672.31,11.287737,23.38,750,7071.48,13506,56.4,1,1,0,0
1,home_improvement,0.1843,330.54,10.679082,14.44,707,9296.3,10633,44.7,0,1,0,0
1,debt_consolidation,0.1773,427.8,10.448345,27.56,668,10601.95,17495,79.6,3,0,1,0
1,all_other,0.1333,479.78,11.190384,12.07,807,2351.09,458,34.3,2,0,0,0
1,debt_consolidation,0.1524,522.99,10.628822,26.72,669,6537.09,8341,63.0,0,0,0,0
1,debt_consolidation,0.1487,186.07,11.81986,9.4,708,3653.63,8456,99.7,0,0,0,0
1,educational,0.1225,419.75,10.971271,3.65,723,8121.3,14589,49.3,0,1,0,0
1,debt_consolidation,0.1643,189.34,10.092085,26.59,720,6042.6,42955,37.2,1,0,0,0
1,debt_consolidation,0.1468,427.72,10.572866,17.16,703,4329.34,6098,30.9,1,0,0,0
1,debt_consolidation,0.148,652.63,10.320424,16.18,703,2784.02,93985,30.5,1,0,0,0
1,educational,0.1991,1299.12,11.58448,10.11,701,4136.09,2304,48.1,2,0,0,0
1,small_business,0.2031,611.68,11.40186,6.77,668,3374.17,33190,95.0,0,1,0,0
1,debt_consolidation,0.1321,676.77,10.892764,7.42,792,4999.19,4767,59.6,1,0,0,0
1,all_other,0.1355,173.47,11.106945,13.56,702,5127.98,70864,52.9,2,0,0,0
1,debt_consolidation,0.1084,520.72,10.876516,11.56,733,3673.65,15574,51.2,1,0,0,0
1,credit_card,0.1812,181.43,11.454845,0.0,697,3449.73,1588,2.0,1,0,0,0
1,all_other,0.1169,839.22,11.247097,24.29,697,6628.57,12903,44.2,2,0,0,1
1,debt_consolidation,0.1535,180.65,11.356985,9.7,693,6811.25,20763,20.1,1,0,0,0
0,all_other,0.1662,195.74,10.812974,21.15,651,3028.08,15689,90.6,0,0,0,0
1,small_business,0.1551,647.74,10.544749,7.73,704,4923.66,18512,21.7,1,1,0,0
1,debt_consolidation,0.1538,1219.81,11.335688,13.67,695,2899.44,7632,8.3,2,0,0,0
1,debt_consolidation,0.1145,755.82,11.876318,19.31,755,11579.72,4471,0.0,2,0,0,0
1,major_purchase,0.1518,296.71,11.604666,18.36,665,2708.45,788,24.5,2,0,0,0
1,debt_consolidation,0.1709,195.35,11.894812,10.75,688,5693.25,27800,0.0,1,0,0,0
1,all_other,0.1925,298.2,11.028839,16.11,676,6172.71,24644,52.4,1,0,1,0
1,all_other,0.0964,383.39,10.338305,17.26,765,3396.65,232367,53.8,2,0,0,0
1,debt_consolidation,0.1747,371.83,10.392476,11.58,677,2909.18,10236,15.4,4,0,0,0
0,debt_consolidation,0.1573,186.43,11.771538,4.92,731,4361.35,17052,72.0,5,0,0,1
1,debt_consolidation,0.1482,930.53,9.794214,8.29,747,2897.39,13927,42.1,3,1,0,0
1,debt_consolidation,0.1542,952.85,11.847902,9.98,704,5531.04,43749,42.6,4,0,0,0
0,all_other,0.1674,1243.32,10.449543,12.78,658,2935.71,4803,72.2,2,1,0,1
0,home_improvement,0.1945,126.18,12.103268,23.59,658,5426.56,13919,79.8,1,0,0,1
1,debt_consolidation,0.1478,214.61,10.886933,18.86,743,180.0,11425,17.5,3,0,0,0
1,credit_card,0.1396,445.34,11.370768,6.97,662,3042.63,35943,5.3,1,1,0,0
1,all_other,0.1447,377.61,12.384878,25.27,725,4009.91,382625,36.0,3,1,0,0
1,debt_consolidation,0.1552,278.84,10.72861,12.06,714,7561.67,18575,91.9,2,1,0,0
1,all_other,0.1277,201.73,10.718371,17.24,724,440.6,1084,24.6,2,0,0,0
1,debt_consolidation,0.1429,186.7,10.506148,6.12,728,7598.35,1677,75.1,1,0,0,0
1,all_other,0.1815,1267.97,10.318912,9.48,675,6709.29,59175,18.8,0,0,0,0
1,debt_consolidation,0.156,140.83,10.728807,19.76,673,596.14,763,42.5,2,0,0,0
1,credit_card,0.1484,127.16,10.591547,6.54,737,6405.16,18149,30.3,3,0,0,0
1,major_purchase,0.1469,164.33,10.167343,12.98,686,2734.86,3398,58.9,3,0,0,0
0,debt_consolidation,0.1753,449.44,10.801607,15.85,612,6488.02,819778,51.3,1,0,0,0
1,major_purchase,0.157,316.31,11.20437,5.54,735,6636.41,1572,21.1,1,1,0,0
1,debt_consolidation,0.1969,540.7,10.383498,0.34,671,7042.89,3793,33.0,0,0,0,1
1,debt_consolidation,0.1241,222.84,10.830906,18.86,728,3631.33,38183,16.1,1,0,0,0
1,debt_consolidation,0.1511,403.91,11.787968,30.0,763,6765.26,7549,53.7,1,1,0,0
0,home_improvement,0.1552,405.31,10.064086,15.77,711,8909.9,3461,17.5,5,0,0,1
1,credit_card,0.0945,1054.29,12.108317,17.09,748,4331.81,2334,49.8,1,1,0,0
1,educational,0.1245,1170.04,10.518846,6.5,716,4649.35,3824,58.5,2,0,0,0
1,credit_card,0.1411,336.88,11.052552,22.74,770,6836.0,2566,66.1,0,0,0,0
1,all_other,0.1414,681.47,11.71029,10.0,670,180.0,10718,66.5,0,1,0,0
0,small_business,0.1585,429.93,11.896448,20.63,710,2606.17,238035,56.7,5,0,0,1
1,major_purchase,0.1426,643.57,11.216591,16.79,736,7577.91,296555,15.6,3,0,0,1
1,home_improvement,0.168,509.12,10.506352,16.96,703,5444.41,288475,21.9,1,0,0,0
1,all_other,0.1398,625.58,10.452485,16.69,754,4521.29,8881,21.7,3,0,0,0
1,home_improvement,0.1945,733.02,10.579316,16.47,694,2705.99,34384,45.1,2,0,0,0
1,debt_consolidation,0.104,477.86,12.082446,14.56,789,5126.49,13402,78.6,0,0,0,0
1,small_business,0.1364,409.3,10.696281,19.29,791,3732.77,2943,26.8,2,0,0,0
1,educational,0.16,797.95,11.127413,7.59,721,692.85,610,38.0,4,0,1,0
0,credit_card,0.1607,350.3,10.293308,10.95,731,8316.55,652,81.8,2,2,0,1
1,debt_consolidation,0.1567,255.74,10.22463,22.73,755,3322.81,14019,7.3,2,0,0,0
1,debt_consolidation,0.1675,130.93,10.946099,13.79,665,4380.43,1234,91.1,4,0,0,1
0,major_purchase,0.1914,541.02,10.731906,10.35,660,602.16,3063,65.0,7,0,0,0
1,small_business,0.1308,599.03,10.77646,19.74,758,3722.19,19740,26.7,2,0,0,0
1,credit_card,0.1498,113.41,10.027767,18.38,720,7574.85,262,37.1,4,0,0,0
1,major_purchase,0.17,253.77,10.885173,3.63,701,7387.36,114528,96.2,2,0,0,0
1,all_other,0.1754,664.68,11.875055,17.64,710,5123.17,11903,32.5,3,0,0,0
0,small_business,0.22,377.76,10.409647,13.55,619,3497.95,5989,67.8,2,0,0,1
1,debt_consolidation,0.1609,400.22,11.477435,17.51,703,5124.56,3939,106.2,0,0,0,0
1,debt_consolidation,0.1674,736.04,8.816738,12.67,681,6324.2,23310,45.8,1,0,0,0
1,all_other,0.1511,352.08,10.440569,15.8,745,1317.57,2337,46.7,1,0,0,0
1,debt_consolidation,0.1826,519.36,9.764662,0.0,748,5686.51,90503,111.1,3,1,0,0
1,all_other,0.1631,181.23,11.684084,6.42,732,6976.25,43832,15.4,1,0,0,0
1,home_improvement,0.1568,489.63,11.466054,17.71,725,4909.3,3432,46.5,2,0,0,0
0,debt_consolidation,0.1542,149.41,10.299057,30.0,653,5011.31,7992,59.4,0,0,0,1
1,credit_card,0.1291,148.49,11.106459,15.13,732,3244.04,76175,2.3,0,0,0,0
1,debt_consolidation,0.1386,262.28,11.663043,7.82,734,5802.95,20936,13.3,1,0,0,0
1,home_improvement,0.153,559.14,11.757887,13.53,757,9080.63,7617,30.4,3,1,0,0
1,debt_consolidation,0.1012,366.79,10.682468,6.44,790,8575.79,3324,58.8,3,0,0,0
0,credit_card,0.1975,233.14,9.582598,21.22,646,3620.98,9138,32.9,1,0,0,0
1,all_other,0.165,715.74,10.381891,12.93,695,4123.63,5644,44.5,2,0,0,0
1,debt_consolidation,0.1756,491.27,11.397348,19.87,682,8473.85,17934,69.7,0,0,0,0
1,debt_consolidation,0.1484,786.24,12.210325,11.54,717,6547.49,6620,64.4,2,0,0,0
1,debt_consolidation,0.1435,201.39,10.896862,20.48,711,6497.15,2326,0.0,2,0,0,0
1,debt_consolidation,0.1405,1020.99,10.559839,1.4,701,539.39,63322,52.3,1,0,0,0
1,debt_consolidation,0.1506,1148.46,12.393611,12.77,749,7347.04,26095,62.9,1,1,0,0
1,debt_consolidation,0.1733,741.6,11.177497,16.32,668,4358.83,2217,44.6,1,0,0,0
1,credit_card,0.1524,535.33,10.181062,10.75,670,5643.71,4258,62.2,1,0,0,0
1,debt_consolidation,0.1779,558.12,10.857466,15.08,671,3296.4,34057,69.3,3,0,0,1
1,debt_consolidation,0.22,526.52,11.539956,14.96,696,9183.99,2858,56.4,1,0,0,0
1,debt_consolidation,0.173,149.76,10.887072,19.84,663,2622.64,8331,44.2,0,0,0,0
1,all_other,0.1899,263.65,11.41456,16.89,708,9941.3,6869,54.3,2,0,0,1
1,all_other,0.1069,331.45,9.950946,15.31,704,5131.66,3438,0.0,2,0,0,0
1,credit_card,0.164,187.99,10.055154,18.67,680,4641.59,2001,87.9,0,0,0,0
1,all_other,0.1601,1050.07,10.481738,3.26,743,2852.35,10020,85.4,0,0,0,0
1,all_other,0.1571,543.61,10.757862,7.41,708,3753.17,2468,83.3,2,0,1,0
1,debt_consolidation,0.125,1170.88,11.133709,3.04,750,4551.73,4212,50.7,0,0,0,0
1,debt_consolidation,0.1585,667.18,11.318424,16.39,703,5396.95,42579,63.6,1,0,0,1
1,credit_card,0.1761,147.95,12.434329,15.46,709,6408.68,3473,51.1,2,0,0,1
1,debt_consolidation,0.2082,1026.26,10.47948,22.16,689,4538.51,22737,56.4,0,0,0,0
1,home_improvement,0.1772,287.33,10.738467,15.03,710,6406.66,50596,86.7,1,1,0,0
1,all_other,0.1337,962.97,10.4965,8.24,737,8016.92,9215,0.0,1,0,0,0
1,all_other,0.1584,1102.66,11.588427,13.52,694,7706.81,24729,59.7,0,1,0,0
1,all_other,0.1424,966.24,11.62171,0.0,730,6626.75,2776,22.8,3,0,0,0
1,major_purchase,0.1525,806.65,10.65693,9.78,679,6310.78,35807,13.6,0,0,0,0
1,all_other,0.1397,506.11,12.190105,0.0,739,2409.32,30703,43.3,3,0,0,0
1,all_other,0.1603,381.94,10.497572,14.87,688,5582.33,112196,10.7,0,0,1,1
1,small_business,0.1325,1183.51,11.55825,10.67,742,2348.16,71332,10.6,0,0,1,0
1,all_other,0.1718,473.07,11.817259,11.69,712,7602.47,16699,0.0,3,0,0,0
1,all_other,0.1382,284.74,10.099436,6.17,768,5781.45,905790,33.0,1,1,0,0
1,debt_consolidation,0.1629,526.09,11.282356,7.98,666,7884.24,44983,62.4,3,0,0,0
0,debt_consolidation,0.1841,888.78,9.267722,17.38,654,7998.23,83836,70.9,2,0,0,1
1,home_improvement,0.147,822.34,11.43277,2.69,687,6162.89,5231,104.4,0,0,0,0
0,debt_consolidation,0.1687,182.0,10.25802,16.09,657,3369.17,6063,35.3,3,0,0,1
0,debt_consolidation,0.1935,858.22,11.276156,7.0,657,180.0,12280,70.1,2,0,0,0
0,debt_consolidation,0.1545,618.24,11.390543,1.0,734,6417.06,2200,52.2,6,0,1,0
1,educational,0.1456,295.87,11.613284,21.06,710,4639.79,11621,51.4,0,1,0,0
1,all_other,0.1702,219.04,11.473031,21.77,692,7060.86,10272,57.8,1,0,1,0
1,all_other,0.1612,1048.18,10.964096,8.88,695,6805.69,62991,70.2,0,0,1,0
1,major_purchase,0.1463,1099.86,10.697909,8.81,687,6555.99,70794,60.9,0,0,0,0
1,debt_consolidation,0.1242,1096.74,10.884623,10.87,773,5677.76,13276,35.5,2,0,0,0
1,home_improvement,0.1771,157.66,10.249239,7.01,682,913.24,6025,64.0,0,0,0,0
1,credit_card,0.1845,343.6,10.80087,8.23,660,8219.5,191915,28.8,1,0,0,0
1,all_other,0.1085,371.86,10.752676,15.71,740,1917.53,960,64.0,3,0,0,0
1,credit_card,0.1628,1105.15,10.449187,26.91,702,3441.84,913,50.4,2,0,0,0
1,educational,0.1218,641.06,9.867872,10.15,787,4233.82,23603,0.0,0,0,0,0
1,debt_consolidation,0.1269,313.7,10.151069,19.66,690,5105.89,9789,43.0,1,0,0,0
1,debt_consolidation,0.1253,410.03,9.008432,15.03,742,4262.21,6690,74.0,3,1,0,0
1,home_improvement,0.1473,622.55,10.742194,1.06,751,3670.56,586,43.3,1,0,0,0
1,debt_consolidation,0.1926,679.11,11.149904,12.43,690,7066.42,2683,53.6,1,0,0,1
1,all_other,0.1357,1188.92,9.293635,11.56,682,1731.01,116396,33.1,0,0,0,0
1,debt_consolidation,0.1629,1070.31,11.074396,22.71,738,4024.02,88601,39.1,3,0,0,1
1,home_improvement,0.1084,855.29,10.855291,22.99,732,180.0,38754,74.5,1,0,0,0
0,credit_card,0.2082,240.77,10.212179,15.2,656,2482.69,2964,34.5,1,0,0,1
1,major_purchase,0.1705,238.59,10.666965,20.98,667,1152.23,6419,13.6,0,0,0,0
0,all_other,0.1848,198.96,11.570991,11.59,614,6895.04,5745,0.0,1,0,0,0
1,educational,0.1526,511.76,10.335745,20.32,733,5526.98,3704,24.9,1,0,0,0
1,all_other,0.1412,269.57,10.978099,13.29,700,3037.84,4580,15.1,1,0,0,0
1,all_other,0.1689,590.82,11.141424,20.17,704,180.0,9307,3.9,1,0,0,0
0,credit_card,0.1822,665.85,10.428454,20.88,646,1245.43,1032,15.9,1,0,0,1
1,all_other,0.0986,418.54,11.545045,17.54,668,2312.47,72353,18.3,1,0,0,0
1,all_other,0.1478,713.24,11.176343,7.48,692,4158.64,8806,16.3,1,0,0,0
1,debt_consolidation,0.1714,253.92,10.776334,9.7,684,6954.58,4898,87.1,1,0,0,1
1,debt_consolidation,0.1754,142.58,12.371577,17.79,714,1463.27,878,0.0,2,0,0,0
1,credit_card,0.1526,237.11,11.547673,18.76,732,1683.08,38270,63.8,0,0,0,0
1,debt_consolidation,0.1382,684.57,9.901442,13.69,796,870.14,2065,62.5,1,0,0,0
1,credit_card,0.1385,1193.67,10.692614,10.45,709,5066.97,23650,64.8,3,0,0,0
1,debt_consolidation,0.1516,1094.08,12.434652,13.92,752,180.0,2672,45.6,1,0,1,0
1,debt_consolidation,0.1852,354.34,10.330869,10.68,678,647.05,13128,83.7,3,0,0,0
0,credit_card,0.1521,762.81,10.970464,10.72,646,6238.47,1406,47.0,0,0,0,0
1,debt_consolidation,0.1837,154.23,11.680906,26.12,697,8870.04,8329,40.9,3,1,0,0
0,educational,0.1899,1215.31,11.327916,9.32,649,5219.26,9660,80.8,0,0,0,1
1,educational,0.1498,562.33,11.415846,16.1,711,4274.96,14166,42.0,0,1,0,0
1,all_other,0.1634,690.86,11.379931,13.66,680,10505.08,44958,0.9,2,0,0,0
0,debt_consolidation,0.1684,104.97,10.94549,4.14,636,3756.01,24994,61.5,1,0,0,1
1,debt_consolidation,0.1388,531.39,10.446688,3.9,776,3764.32,133363,78.5,2,0,0,0
1,credit_card,0.1709,1249.41,11.195206,12.04,690,3718.96,1109,55.5,1,0,0,0
0,debt_consolidation,0.1955,512.87,10.684306,0.0,648,8811.64,310557,36.5,1,0,0,1
1,major_purchase,0.1422,363.45,10.636376,25.23,744,6407.41,49233,54.6,1,0,0,0
1,educational,0.1726,338.32,11.834308,10.1,682,6380.93,5389,66.8,2,0,0,0
1,debt_consolidation,0.1315,230.64,10.697592,9.54,751,5876.41,53234,17.1,0,0,0,0
1,credit_card,0.19,441.72,11.97074,21.04,682,3918.34,184684,0.0,0,0,0,0
1,all_other,0.1775,174.03,11.086627,11.63,689,4252.05,64871,43.0,1,0,0,1
1,all_other,0.1535,540.62,10.83292,17.09,723,2648.55,2253,77.1,1,0,0,0
1,debt_consolidation,0.1429,845.26,9.821287,8.65,733,4069.67,11680,14.0,0,1,0,0
1,credit_card,0.1075,273.49,12.223112,12.91,739,5766.48,36594,9.9,2,0,0,0
1,debt_consolidation,0.1176,490.43,10.926359,19.28,707,4571.33,10400,52.9,0,0,0,0
1,small_business,0.1545,377.89,9.544824,6.65,730,7083.11,22110,40.3,0,0,0,0
1,all_other,0.1687,531.5,11.532513,16.24,738,5716.3,24725,26.9,1,0,1,0
1,all_other,0.1382,730.33,10.899383,0.0,718,5534.55,2256,80.7,0,0,0,0
1,major_purchase,0.1448,521.07,10.361891,21.33,705,2890.36,81952,27.5,1,0,0,0
0,credit_card,0.1612,728.53,11.498022,8.76,655,1993.76,12664,57.4,3,1,0,0
1,all_other,0.1197,541.88,9.375273,12.01,733,2244.25,10181,71.3,1,0,0,1
1,debt_consolidation,0.1367,705.14,10.494402,11.92,712,7779.64,2593,41.0,1,0,0,0
1,all_other,0.1687,503.04,10.747365,5.87,694,742.14,7428,71.4,2,1,1,0
1,debt_consolidation,0.124,477.18,11.449835,5.34,759,5534.72,48962,66.4,2,0,0,1
0,major_purchase,0.1695,654.96,12.296553,16.2,656,5536.1,16052,52.3,2,0,0,0
1,debt_consolidation,0.1155,355.34,10.780691,16.52,772,3349.37,33935,36.1,0,0,0,0
1,debt_consolidation,0.1611,546.51,11.210566,6.49,709,4970.24,10359,88.5,0,0,0,0
1,credit_card,0.1583,212.88,12.606517,16.33,722,5488.08,12593,73.3,0,1,0,0
1,debt_consolidation,0.1253,106.59,10.932889,16.45,695,2172.14,791,68.4,1,0,0,0
0,small_business,0.184,439.17,11.215601,9.99,647,3086.41,20458,48.7,4,0,0,1
1,debt_consolidation,0.1564,226.43,10.175216,3.67,705,4724.77,8007,31.4,0,0,0,0
1,debt_consolidation,0.1588,1228.42,12.125092,12.34,723,4801.76,18173,0.0,3,0,0,0
0,all_other,0.1468,222.93,10.495084,15.12,736,1505.2,350,62.2,7,0,0,0
1,all_other,0.176,693.97,11.093828,12.19,702,5068.24,629866,37.3,2,1,0,0
0,major_purchase,0.165,243.17,11.076544,8.51,627,5162.91,12303,53.4,1,0,0,0
0,all_other,0.1908,407.43,10.982056,15.82,651,7349.5,22897,118.5,0,1,0,1
1,debt_consolidation,0.1618,181.98,10.665069,21.33,788,4796.97,20326,83.3,3,0,0,0
1,debt_consolidation,0.1758,173.88,11.077209,7.28,668,3842.59,6597,60.0,0,1,0,0
1,debt_consolidation,0.1334,466.52,12.001982,10.54,764,6769.3,21476,44.1,1,0,0,0
1,all_other,0.182,309.68,12.32137,30.0,675,7635.13,73093,69.6,2,0,0,0
1,debt_consolidation,0.1481,655.69,10.823163,14.61,703,1388.26,14549,73.3,0,0,0,0
1,all_other,0.1262,905.21,10.655827,3.86,734,3537.11,43186,35.8,1,0,0,0
1,small_business,0.186,134.67,10.436654,9.3,679,180.0,37439,39.4,1,0,0,0
1,all_other,0.0954,753.34,12.568543,7.38,771,2438.78,33868,53.8,2,0,0,0
1,credit_card,0.1625,196.89,11.008589,15.22,713,8552.26,211381,25.1,1,0,0,0
1,debt_consolidation,0.1591,304.19,11.610176,14.72,728,2153.22,19230,27.1,3,0,0,0
1,home_improvement,0.1283,137.8,11.354963,8.21,700,5999.52,9673,14.3,2,0,0,0
1,debt_consolidation,0.1479,144.69,12.277125,25.41,735,5859.32,10218,97.5,0,0,0,1
1,all_other,0.1246,93.71,10.778903,13.19,770,3373.66,21031,7.9,2,1,0,1
1,debt_consolidation,0.1877,301.12,10.254688,9.46,705,3696.98,1257,9.0,0,0,0,0
1,debt_consolidation,0.1524,397.12,12.064266,4.17,776,8313.37,102654,0.0,0,0,0,0
1,debt_consolidation,0.1831,306.2,11.481017,6.43,687,7190.94,7405,64.9,1,0,0,0
1,debt_consolidation,0.1671,110.89,11.208333,4.0,739,10425.38,9441,19.5,1,0,0,0
1,small_business,0.155,97.04,11.866468,11.29,729,180.0,1359,69.0,3,0,0,1
1,debt_consolidation,0.1795,397.97,11.243132,6.49,669,6167.19,13032,45.6,0,0,0,1
1,educational,0.1473,656.21,11.887639,18.01,718,180.0,1250,83.9,3,0,0,0
1,all_other,0.136,442.12,11.080421,8.57,710,4727.63,741,22.3,2,0,0,1
1,debt_consolidation,0.172,1251.33,11.480189,18.4,678,4268.0,3401,48.7,0,1,0,0
1,debt_consolidation,0.1479,368.09,11.251099,15.99,724,1954.15,7373,79.2,2,0,0,0
1,debt_consolidation,0.1492,472.32,10.731577,17.05,716,3305.91,2773,82.2,1,0,0,0
1,home_improvement,0.1561,376.86,10.804712,18.79,707,4068.57,17280,78.5,0,0,0,0
1,debt_consolidation,0.1585,222.05,10.690354,26.35,707,5909.53,77805,63.1,1,0,0,0
1,small_business,0.19,357.4,11.091947,6.74,707,1949.87,15509,46.3,0,0,0,0
1,debt_consolidation,0.1505,682.42,10.651961,18.44,696,2971.67,315,63.9,0,0,0,1
1,debt_consolidation,0.1281,679.35,11.195899,15.35,715,6114.16,10620,9.0,2,0,0,0
1,debt_consolidation,0.1803,508.11,11.17516,19.94,686,6612.75,27701,36.1,4,0,0,0
1,credit_card,0.1276,1111.78,11.055144,13.36,811,11389.03,6049,87.9,1,1,0,0
0,all_other,0.1874,550.31,11.065736,20.71,656,5233.06,18121,73.8,4,0,0,0
1,major_purchase,0.143,471.92,10.584643,3.69,688,6395.69,16710,11.6,2,0,0,0
1,debt_consolidation,0.1618,1103.38,10.757994,5.67,691,4251.48,1883,57.2,1,0,0,0
1,debt_consolidation,0.1265,222.3,9.910929,8.67,788,8318.35,75150,20.8,1,1,0,0
1,credit_card,0.157,1040.52,10.85688,12.08,660,2480.36,6883,38.7,4,0,0,0
1,all_other,0.1334,187.29,10.328655,12.92,726,4644.18,6463,90.0,2,0,0,0
1,home_improvement,0.1489,314.26,10.99091,7.49,719,5439.26,22544,0.0,1,0,1,0
1,all_other,0.1737,108.39,10.494162,5.76,723,6032.72,839,10.0,0,0,0,0
1,credit_card,0.1393,445.27,9.67909,8.08,757,7151.72,82917,51.4,2,0,0,0
1,debt_consolidation,0.1237,923.77,12.30399,0.81,756,4302.51,2271,60.6,4,0,0,0
1,educational,0.1595,199.32,10.788828,10.61,693,7042.8,197748,38.3,1,0,0,0
1,debt_consolidation,0.1394,306.43,11.812705,12.2,717,1274.69,66328,80.6,2,0,0,1
0,home_improvement,0.1796,338.42,10.608536,15.64,639,5440.89,2172,40.4,1,0,0,1
1,debt_consolidation,0.1685,334.76,11.965851,13.75,714,180.0,18643,54.9,2,0,0,0
1,home_improvement,0.131,177.24,10.227464,24.97,680,4245.54,2369,48.7,0,1,0,0
1,small_business,0.2003,417.48,11.037379,18.21,703,11062.03,1902,39.6,1,0,0,1
0,small_business,0.22,1253.68,10.263703,17.69,646,5475.9,201,68.7,0,0,0,0
1,all_other,0.1524,267.94,12.516453,15.12,725,3617.86,30178,23.6,2,0,0,0
0,all_other,0.1681,456.95,10.777951,16.3,646,6097.15,5269,84.5,1,1,0,0
1,home_improvement,0.1765,459.75,11.435356,11.08,716,4691.8,38409,75.0,0,1,0,1
1,all_other,0.1826,300.86,11.204852,13.29,663,1998.03,15690,75.4,0,0,0,1
1,all_other,0.1598,467.11,10.914435,25.86,678,198.55,1560,113.2,2,0,0,0
1,debt_consolidation,0.1167,276.96,11.245809,12.12,754,4778.99,42010,59.2,0,0,0,0
1,all_other,0.1379,499.28,11.759095,3.41,732,4323.69,25105,50.6,0,1,0,0
1,debt_consolidation,0.14,355.83,11.337606,17.41,754,4175.51,5078,60.6,0,0,0,0
1,credit_card,0.1473,141.19,11.029097,18.64,769,6919.75,52063,35.1,2,1,0,0
1,debt_consolidation,0.1746,111.4,11.246787,13.67,681,8290.28,7096,44.5,3,0,0,0
1,debt_consolidation,0.1393,83.62,12.098174,0.0,767,6671.91,3109,22.9,1,0,0,0
0,home_improvement,0.1744,294.45,10.675746,21.48,654,4021.0,8062,86.4,2,0,0,1
1,all_other,0.1604,688.22,9.799129,14.19,738,5195.55,6054,17.8,4,0,0,0
1,small_business,0.1753,235.67,10.261134,10.46,691,7642.46,1018,23.3,1,0,0,0
1,debt_consolidation,0.2084,345.93,10.306505,20.8,675,7088.6,161,40.8,1,0,1,0
1,all_other,0.1325,234.03,10.392419,0.0,733,6333.28,152505,15.0,2,0,0,1
1,all_other,0.1476,210.63,10.413387,13.37,746,3681.88,66947,28.1,1,0,0,1
1,debt_consolidation,0.1839,1272.19,10.915604,8.87,745,7652.53,116419,36.7,2,0,0,0
1,credit_card,0.1731,224.02,11.080925,22.9,718,8423.29,46311,70.1,0,0,0,0
1,debt_consolidation,0.1686,151.04,11.07437,14.28,715,7110.0,5641,5.0,1,0,1,0
1,all_other,0.1528,203.46,10.48453,6.63,730,12418.05,8254,31.9,3,0,0,0
1,debt_consolidation,0.1516,400.44,11.536279,20.45,722,6932.31,4082,55.7,1,0,0,0
1,all_other,0.143,251.3,11.256018,0.0,731,7928.4,25999,61.5,1,0,0,0
1,home_improvement,0.1411,457.39,11.894598,16.1,718,6661.75,23312,119.0,1,0,0,0
1,debt_consolidation,0.1108,215.03,11.446524,3.88,742,4736.01,6320,89.4,2,0,0,0
0,all_other,0.1966,268.09,10.716786,9.41,648,2119.84,22049,94.9,4,1,0,1
1,all_other,0.1274,223.79,11.726348,10.94,705,3136.82,69995,2.5,2,0,0,0
0,credit_card,0.1928,377.55,11.096888,18.88,657,3162.72,10888,56.7,1,0,0,1
1,debt_consolidation,0.1448,620.24,11.416767,27.8,721,2037.74,1699,65.2,0,0,0,0
1,debt_consolidation,0.1089,634.38,11.369462,0.32,772,4343.38,22707,11.5,1,0,0,0
1,home_improvement,0.1921,1077.06,10.854165,15.68,692,5068.08,1546,40.2,1,0,0,0
1,all_other,0.1247,145.94,10.992995,27.8,715,8038.42,2998,70.5,3,0,0,0
1,credit_card,0.1295,177.85,10.849861,8.65,739,2046.97,17016,72.2,2,0,0,1
0,debt_consolidation,0.18,207.88,10.409703,8.22,631,7289.79,29433,84.0,2,0,0,1
1,major_purchase,0.1679,387.92,9.621736,14.23,690,5730.38,12740,50.8,1,0,0,1
1,debt_consolidation,0.1373,175.21,10.506779,18.32,724,6001.3,2163,31.3,2,1,0,1
0,debt_consolidation,0.22,257.88,11.051491,17.14,612,4819.52,942374,64.6,2,0,0,0
1,all_other,0.1451,608.0,11.592207,10.12,673,10289.76,4747,52.9,0,0,0,1
1,all_other,0.2187,881.94,11.415554,7.06,752,3094.4,22650,60.6,4,0,0,0
1,all_other,0.1176,588.09,10.759436,21.68,748,3664.13,4295,0.0,1,0,0,0
1,debt_consolidation,0.2087,514.83,10.515092,7.26,724,5354.33,2431,47.2,0,0,1,1
1,debt_consolidation,0.1625,242.68,10.820277,0.0,744,6048.98,11887,59.4,1,0,0,0
1,credit_card,0.1501,384.91,10.335246,2.57,718,5622.28,5390,47.2,0,0,0,0
1,debt_consolidation,0.151,843.78,9.639686,8.62,731,4935.15,12739,43.2,2,0,0,0
0,credit_card,0.1537,605.65,9.987462,22.9,698,6376.05,3830,43.2,5,0,1,1
1,all_other,0.161,715.32,11.768592,4.4,714,6564.04,13568,21.6,2,0,0,0
1,debt_consolidation,0.152,739.72,12.062944,23.1,686,4963.48,3293,72.0,2,0,0,1
1,credit_card,0.1485,300.75,11.389904,21.62,758,9651.85,61229,38.5,0,0,0,0
1,small_business,0.1484,589.54,10.894527,14.15,768,6164.08,17617,0.0,2,0,0,0
1,home_improvement,0.1127,275.58,10.080282,0.0,762,4371.14,8950,29.3,0,0,0,0
1,debt_consolidation,0.1716,592.84,10.831709,4.43,694,8168.63,10653,24.8,2,0,0,0
1,all_other,0.1794,932.49,11.303222,8.23,674,180.0,5984,37.6,2,1,1,0
1,small_business,0.1345,1100.66,11.436228,24.54,759,2246.96,13240,28.2,3,0,0,0
1,all_other,0.1379,565.17,11.350175,8.67,731,4550.16,120114,43.8,3,0,1,0
1,debt_consolidation,0.1607,507.14,11.667837,7.27,722,2115.18,4385,52.7,0,0,0,1
1,debt_consolidation,0.1885,1056.98,12.115201,13.9,686,7068.28,14138,24.0,1,0,0,0
1,credit_card,0.1459,205.82,10.682936,2.87,726,6983.15,3203,48.5,3,0,0,0
1,credit_card,0.193,1107.7,12.64124,12.43,669,9137.76,206,66.3,1,0,0,0
1,small_business,0.1834,435.37,9.697838,7.09,734,3615.95,29162,36.7,1,0,0,0
1,small_business,0.1736,431.69,10.45523,30.0,762,6478.75,61415,66.1,2,0,1,1
1,debt_consolidation,0.1363,271.22,11.052,6.27,772,8259.34,21960,85.4,3,0,0,0
1,all_other,0.1257,161.12,11.264906,25.92,737,5466.35,458392,19.7,4,0,0,0
0,debt_consolidation,0.1976,1135.0,10.819202,4.73,657,7524.71,6151,55.6,1,0,0,0
1,debt_consolidation,0.1489,502.32,10.627583,14.41,717,4809.86,2610,106.0,0,0,0,0
1,debt_consolidation,0.1296,284.45,12.273577,16.05,791,8346.78,72715,54.0,4,0,0,0
1,major_purchase,0.1582,490.07,10.598451,13.58,677,3157.44,80310,23.0,1,0,0,1
1,debt_consolidation,0.1448,297.37,10.308182,13.15,708,1181.19,63389,61.2,0,0,0,0
1,all_other,0.1176,109.77,11.961404,18.54,764,4112.79,1941,42.1,2,0,0,0
1,all_other,0.1191,320.3,11.447983,15.48,733,4840.35,3576,10.3,1,1,0,0
1,debt_consolidation,0.1019,132.18,11.597778,11.41,804,6153.89,790,42.1,3,0,0,0
1,all_other,0.1478,446.47,11.049481,7.95,682,6187.55,257001,13.8,1,0,0,0
1,debt_consolidation,0.1843,1207.22,10.090648,11.46,672,3286.46,2509,0.0,0,0,0,1
1,debt_consolidation,0.1135,229.73,10.981618,11.37,757,2563.67,1587,72.2,2,0,0,1
1,all_other,0.1628,671.59,10.006651,11.24,665,9126.09,9258,0.0,1,0,0,0
1,home_improvement,0.1591,245.39,11.077807,13.13,703,4715.71,13197,87.5,0,0,0,1
1,credit_card,0.193,396.89,11.328576,2.88,708,3870.69,31761,63.5,2,0,0,1
1,home_improvement,0.1245,197.77,11.586006,5.51,749,5857.28,8880,90.3,2,0,0,0
1,debt_consolidation,0.1179,558.77,10.873643,18.34,733,2635.51,3689,95.3,1,0,0,0
1,debt_consolidation,0.122,935.08,11.386335,0.0,727,3272.79,5807,79.6,0,1,0,0
1,debt_consolidation,0.1454,431.04,10.378654,20.86,695,7039.69,4164,34.6,1,0,0,1
1,educational,0.1221,530.13,11.519645,8.74,756,2523.77,101695,29.0,1,0,0,0
1,debt_consolidation,0.1493,550.36,11.341493,24.12,827,1736.94,10828,50.3,3,0,0,0
1,debt_consolidation,0.1635,324.72,10.441843,21.06,736,4170.93,30202,75.8,3,0,0,0
1,major_purchase,0.1478,943.92,11.253521,10.34,714,5707.6,7826,101.9,1,0,0,0
1,major_purchase,0.215,288.78,11.59473,11.06,661,8496.76,588,17.9,1,0,0,0
1,debt_consolidation,0.1544,126.92,10.977974,23.59,686,5911.28,151564,70.5,1,0,0,0
1,credit_card,0.1513,199.31,10.428267,21.39,702,6350.29,27687,48.2,1,1,1,0
1,all_other,0.1555,588.02,11.038431,19.31,690,2503.33,20344,48.2,3,0,0,0
1,all_other,0.1769,300.31,11.266995,20.49,709,5527.06,368,65.9,0,0,0,0
1,all_other,0.1239,389.86,10.423688,5.1,778,2261.82,8756,0.0,1,1,0,0
1,educational,0.1649,327.65,10.315337,14.02,757,7348.54,129038,47.8,0,0,0,0
1,debt_consolidation,0.1673,440.95,11.24819,7.28,704,5343.91,86947,11.1,1,0,0,0
1,credit_card,0.1948,867.64,11.432224,4.92,664,4930.5,7721,68.3,2,0,0,1
1,debt_consolidation,0.0966,1021.7,12.241352,13.73,761,6324.15,76955,56.1,1,0,0,0
1,all_other,0.1228,185.07,11.336093,9.74,708,3833.41,134912,96.1,0,1,0,0
0,credit_card,0.1523,730.44,10.19246,11.45,644,3847.46,8542,90.4,1,0,0,1
1,credit_card,0.1352,426.11,12.174268,9.15,737,2682.69,90114,29.5,2,0,0,0
1,major_purchase,0.1076,151.58,11.573542,3.94,749,9512.72,83865,55.0,0,0,0,0
0,credit_card,0.22,590.4,9.706785,24.31,618,4490.36,41862,93.8,1,0,0,1
1,credit_card,0.1659,1240.72,10.301523,13.68,679,4269.99,48880,60.9,3,0,0,0
1,debt_consolidation,0.17,232.62,10.630149,2.65,706,6794.35,2705,68.0,2,0,0,0
1,educational,0.1335,315.6,11.44124,13.86,738,5089.18,38401,95.0,3,0,0,0
1,all_other,0.1814,128.74,9.478532,23.1,690,180.0,8947,90.4,1,0,0,0
1,all_other,0.131,340.11,10.857341,19.22,678,10116.9,2574,53.5,3,0,0,1
1,all_other,0.1423,419.56,11.40644,9.02,738,3860.85,124621,79.0,1,0,0,0
1,debt_consolidation,0.174,1254.82,9.201191,9.19,692,2960.72,9058,74.2,2,0,1,0
1,all_other,0.1582,199.44,11.385523,6.0,731,4653.32,15918,97.2,3,1,0,0
1,debt_consolidation,0.1684,764.01,11.458836,7.48,668,3769.69,13704,51.3,2,0,0,0
0,debt_consolidation,0.1446,464.43,10.413542,8.04,659,3817.64,906,85.1,5,0,0,1
1,major_purchase,0.1631,1235.86,10.226495,2.47,739,5350.66,6816,36.8,0,0,0,0
1,major_purchase,0.1436,424.78,10.404001,9.54,720,409.8,37715,62.3,0,0,0,0
1,all_other,0.134,357.55,9.30002,14.97,745,6897.0,11193,74.8,1,0,0,0
1,educational,0.2093,744.65,10.731024,9.74,690,7445.37,6219,69.0,2,0,0,0
1,all_other,0.1713,550.1,11.063954,14.1,680,836.21,18650,58.1,2,0,0,0
1,debt_consolidation,0.1221,701.5,10.186205,23.79,762,6198.93,60994,48.3,0,0,0,0
0,major_purchase,0.1704,577.96,11.52295,25.27,652,2920.01,800,69.8,1,0,0,0
1,all_other,0.1472,134.45,10.992566,12.13,758,3965.42,9252,64.1,0,1,0,0
1,credit_card,0.117,521.34,11.088611,18.67,760,5939.31,11281,52.3,0,0,0,0
1,all_other,0.1513,538.63,10.684782,11.45,743,7226.03,185554,68.7,0,0,0,0
1,debt_consolidation,0.1896,238.77,11.383257,9.23,684,5887.66,75378,5.6,3,1,0,1
1,debt_consolidation,0.1681,476.34,11.717242,4.89,679,1587.01,1201,61.3,1,0,0,0
1,educational,0.1793,109.28,10.681414,13.2,702,5220.34,93312,0.0,3,0,0,0
1,debt_consolidation,0.1766,470.59,11.394229,20.08,661,6283.62,8594,23.3,1,0,0,0
1,all_other,0.1588,620.0,11.400937,3.81,673,3128.26,833,58.4,1,0,0,1
1,debt_consolidation,0.1118,702.79,11.184901,10.62,734,2945.43,1275,47.3,4,1,0,0
1,all_other,0.1502,619.43,11.953003,10.29,735,4881.4,97194,0.0,1,0,0,1
1,debt_consolidation,0.1798,212.59,10.486841,14.3,670,6494.08,22635,0.0,1,0,0,0
1,credit_card,0.1638,138.61,10.672856,14.41,736,3643.19,2269,38.6,0,0,0,0
1,all_other,0.1659,749.33,10.456055,16.31,727,5661.08,137683,0.0,0,0,0,0
1,debt_consolidation,0.1716,518.92,11.372263,25.69,767,1908.63,34056,8.3,2,0,0,0
1,debt_consolidation,0.1344,523.78,10.763783,6.59,732,5736.21,7261,30.8,0,0,0,0
1,debt_consolidation,0.145,1204.73,10.505593,6.21,750,506.47,17648,73.1,1,1,0,0
1,credit_card,0.134,120.33,11.94452,14.31,728,5834.54,2689,13.7,1,0,0,0
1,home_improvement,0.1579,1226.87,12.033799,22.62,747,7263.5,267960,0.0,1,0,0,0
1,debt_consolidation,0.1594,259.23,10.729497,2.51,661,4642.76,1639,86.2,0,0,0,0
1,all_other,0.1764,700.95,10.095881,14.89,705,6453.46,1392,71.9,1,0,0,0
1,debt_consolidation,0.1416,371.25,12.066746,11.21,709,5673.24,14935,57.6,1,0,0,0
1,small_business,0.1903,314.9,11.217146,18.49,701,1617.18,1098277,46.0,1,0,0,0
1,educational,0.1724,136.07,11.186641,16.93,727,2107.31,1154,107.7,1,0,0,0
1,credit_card,0.114,224.95,10.994051,12.93,734,4154.89,40313,56.3,2,0,0,0
1,debt_consolidation,0.1222,505.38,10.441806,15.96,725,4688.56,12230,49.5,0,0,1,0
1,all_other,0.1637,495.61,10.677896,8.06,703,3103.64,20725,41.9,3,0,0,0
1,educational,0.1711,760.53,11.343409,18.12,682,2009.41,68002,59.6,2,0,0,0
1,debt_consolidation,0.1312,227.5,10.656988,22.17,752,180.0,3653,25.8,0,0,0,0
1,credit_card,0.1405,630.98,11.19412,13.29,723,9243.94,7243,79.3,4,0,0,0
1,major_purchase,0.1563,400.69,10.938153,9.79,671,9321.78,3630,84.8,1,0,0,0
1,credit_card,0.1657,603.67,10.285299,11.6,703,2947.61,103018,84.0,1,0,0,0
0,all_other,0.1663,555.64,11.91889,18.05,644,1458.89,83750,45.7,0,2,0,0
1,all_other,0.1628,277.54,11.29236,12.31,711,8697.48,1811,57.9,1,0,0,0
1,major_purchase,0.148,451.1,11.131695,4.32,702,180.0,20121,8.6,1,0,0,0
1,debt_consolidation,0.1573,528.96,11.268563,19.17,688,7629.69,58569,10.7,1,0,0,0
1,small_business,0.1682,674.58,9.836336,5.82,770,6651.92,859,69.4,3,0,0,0
1,all_other,0.1948,1157.52,10.62916,15.53,666,4185.99,100815,73.5,2,1,0,0
1,credit_card,0.1238,234.3,9.998347,0.0,737,8542.57,9855,0.0,0,0,0,0
1,major_purchase,0.1011,156.25,11.006059,13.35,793,3410.62,5295,9.8,0,0,0,0
1,all_other,0.153,937.18,11.128806,12.13,751,7161.26,102212,20.0,2,0,0,0
1,debt_consolidation,0.1277,149.28,11.016217,0.0,709,4435.84,66790,57.0,1,0,0,0
1,debt_consolidation,0.2043,843.0,11.648939,14.9,667,2018.39,1224,34.5,0,1,0,0
0,home_improvement,0.182,209.84,10.016615,5.0,658,10167.24,34671,13.3,2,0,0,0
1,all_other,0.1515,244.53,10.442457,13.18,694,3288.81,32505,37.9,1,1,0,0
1,debt_consolidation,0.1678,367.84,11.182752,9.76,684,3986.8,334,37.4,2,0,0,0
1,small_business,0.2103,149.26,11.091001,2.38,683,7093.47,26846,73.3,2,0,0,0
1,major_purchase,0.1187,183.89,10.127587,5.38,698,8160.76,5657,39.3,2,0,0,0
1,small_business,0.1932,124.83,11.659883,5.94,706,1763.14,66593,89.4,2,1,0,1
1,all_other,0.1717,624.47,11.871365,19.38,728,8662.12,2784,0.0,2,0,0,0
1,educational,0.1706,387.14,11.189608,18.37,663,5044.26,13309,60.3,1,0,0,0
1,small_business,0.1812,400.11,10.009466,27.74,684,4840.26,4644,107.9,2,0,0,0
1,debt_consolidation,0.1613,369.12,11.027432,9.07,704,4641.42,3956,43.1,1,1,1,0
1,educational,0.1737,387.17,11.137609,8.85,703,5018.2,330,38.9,1,1,0,0
1,all_other,0.1098,255.47,10.764176,13.53,780,1161.68,60162,27.8,2,1,0,0
1,major_purchase,0.1516,742.26,11.751819,10.15,719,6076.42,70055,4.8,1,0,0,0
0,credit_card,0.1814,115.32,10.859277,8.58,649,5570.54,12275,77.7,0,0,0,0
1,all_other,0.1623,140.53,12.213771,12.98,726,4141.71,19791,24.1,2,0,0,0
1,debt_consolidation,0.2,1051.88,11.407702,17.45,731,5574.2,3382,73.3,1,0,0,1
1,debt_consolidation,0.1435,452.93,11.098409,0.0,705,4547.21,61072,58.4,1,0,0,1
1,debt_consolidation,0.1782,95.6,11.491461,8.65,664,4874.85,16227,66.1,0,0,0,1
1,credit_card,0.1105,448.14,11.86384,2.92,777,6104.07,12086,19.6,3,0,0,0
1,small_business,0.1796,129.9,11.478422,11.54,669,4495.19,115169,56.9,1,0,0,0
1,debt_consolidation,0.1231,906.83,10.883741,15.59,735,3116.71,1364,47.1,2,1,0,1
1,debt_consolidation,0.1217,693.48,10.527449,20.31,718,6957.12,489,52.5,0,0,0,0
1,credit_card,0.1692,1246.45,10.245515,9.61,733,2372.35,22281,0.0,1,0,0,1
1,debt_consolidation,0.1338,300.58,9.441161,13.33,775,7688.75,7832,62.2,1,1,0,0
1,debt_consolidation,0.1483,161.37,11.036282,0.99,731,4200.74,1779,111.8,0,0,0,0
1,debt_consolidation,0.1479,258.95,10.693522,6.66,689,7249.38,14404,10.0,0,0,0,0
1,all_other,0.1355,258.54,10.726182,14.03,752,8654.6,19562,74.4,3,0,0,0
1,all_other,0.1436,492.16,11.557603,3.22,686,4911.67,44658,40.2,1,0,0,0
1,small_business,0.1677,107.85,10.861636,21.14,716,7240.24,1873,16.9,1,1,0,0
1,debt_consolidation,0.1846,396.48,12.086013,16.21,661,6635.84,5683,26.6,1,0,0,0
1,debt_consolidation,0.1626,189.73,10.580409,6.36,671,5517.01,17652,89.3,0,0,0,0
1,home_improvement,0.1399,261.02,10.33772,2.37,712,6566.78,64444,55.4,1,0,0,0
1,educational,0.1398,984.0,10.162842,7.64,724,4360.32,46905,43.4,2,0,0,0
0,debt_consolidation,0.2014,821.7,11.370878,6.39,645,9164.73,4971,1.4,0,0,0,1
1,small_business,0.1664,646.7,11.632406,4.2,729,5270.7,25103,63.0,0,0,0,0
0,credit_card,0.1377,581.76,10.567419,2.89,679,3234.13,4755,78.3,5,0,0,1
1,small_business,0.1633,321.05,10.280971,11.01,759,3975.01,5652,55.8,1,0,0,1
1,all_other,0.1726,378.32,11.863468,17.65,697,7278.77,6643,13.9,1,0,0,0
1,debt_consolidation,0.179,131.34,10.045255,7.69,667,2759.0,3913,62.3,1,0,0,0
1,debt_consolidation,0.1875,168.45,11.546234,15.67,713,9789.99,35448,100.9,2,0,0,0
1,credit_card,0.1721,427.39,10.581701,10.34,675,8324.03,48501,42.4,2,1,0,0
1,small_business,0.1579,175.08,11.172228,16.82,758,1982.08,5764,77.0,1,0,0,0
1,all_other,0.1653,627.87,11.586922,7.17,710,6993.32,14445,40.6,2,0,0,0
1,debt_consolidation,0.1761,379.85,11.220516,14.54,704,2640.57,5912,41.8,1,0,0,0
1,debt_consolidation,0.1415,304.19,10.749894,13.43,732,2976.14,2441,53.0,1,0,0,0
1,all_other,0.1601,251.49,11.781619,22.0,672,3887.65,1910,36.5,0,0,0,0
1,major_purchase,0.1974,555.32,11.106352,16.46,661,3204.15,179384,33.7,0,0,0,0
1,debt_consolidation,0.1671,624.21,13.176331,14.37,726,6873.61,3327,47.5,2,0,0,0
1,credit_card,0.2003,219.6,9.889856,2.46,668,5694.0,30219,75.0,4,0,0,0
1,all_other,0.1831,275.12,9.880845,8.98,668,6116.63,20419,49.4,4,0,0,0
1,small_business,0.1235,320.06,11.536499,7.08,742,5067.52,1626,46.0,2,0,0,1
1,home_improvement,0.1502,474.83,10.910632,6.93,730,3740.32,21557,52.7,1,1,0,0
1,debt_consolidation,0.1782,489.45,11.413492,12.71,662,3758.4,17542,93.0,4,1,0,1
1,credit_card,0.1913,373.93,10.259988,14.26,686,7824.1,10524,18.5,3,0,0,0
1,home_improvement,0.1924,660.42,10.963021,14.53,676,4187.93,5446,66.5,0,0,0,0
1,major_purchase,0.1376,338.79,11.208964,21.3,778,8549.17,10891,71.4,1,0,0,0
1,all_other,0.0991,132.6,10.598336,15.94,744,3471.34,23310,42.2,0,0,0,0
1,debt_consolidation,0.1466,962.19,11.071416,4.13,694,5174.96,2758,82.7,1,0,0,0
1,all_other,0.1387,740.95,10.099469,14.0,732,5833.47,109034,74.2,2,0,0,0
0,credit_card,0.1725,149.25,11.170842,16.63,658,8014.85,32841,71.3,0,1,0,1
1,debt_consolidation,0.1709,442.43,11.811723,21.31,684,7483.41,233,10.1,4,0,0,0
1,educational,0.1837,987.84,10.175077,11.54,714,5828.48,7642,31.5,4,0,0,0
1,debt_consolidation,0.1638,312.45,10.138248,11.6,727,5246.69,330168,27.6,2,1,0,0
1,small_business,0.1543,654.71,11.655852,20.04,706,2788.22,19381,68.0,2,0,0,1
1,all_other,0.1353,807.96,10.127461,13.83,719,4578.9,3430,73.2,1,0,0,0
1,debt_consolidation,0.1362,448.61,11.442767,1.57,713,10716.8,30438,39.7,1,1,0,0
1,all_other,0.1563,1224.11,10.963763,0.09,704,2663.78,369,39.8,0,0,0,0
1,all_other,0.177,620.62,10.675129,25.3,699,3653.64,16818,111.4,1,0,0,0
1,small_business,0.1974,435.05,11.82458,0.78,694,1604.68,4903,52.8,2,0,0,0
1,all_other,0.1443,334.62,11.49617,11.45,719,3191.82,11715,60.3,0,0,0,0
1,debt_consolidation,0.1481,365.85,11.100627,18.69,726,2102.15,1302,40.2,1,0,0,0
1,major_purchase,0.1858,268.51,9.616873,0.42,718,1995.43,5494,85.7,2,0,0,0
1,all_other,0.1465,173.05,11.364475,5.14,665,5867.09,168,59.0,1,1,0,0
1,debt_consolidation,0.1858,212.43,10.276775,4.0,672,6886.11,4064,52.3,1,0,0,0
1,small_business,0.1747,355.27,10.794957,25.03,725,5941.68,13278,53.5,4,0,0,0
1,debt_consolidation,0.1248,641.9,10.934474,26.53,766,2505.8,64994,35.1,0,0,0,0
1,debt_consolidation,0.1528,478.43,12.087339,7.53,716,849.87,564075,19.7,0,1,0,0
1,all_other,0.1715,439.87,10.775522,16.6,694,180.0,2950,47.2,0,1,0,0
1,all_other,0.146,1206.44,10.062109,14.73,719,2012.58,24567,92.1,3,0,0,0
1,all_other,0.1625,1234.82,11.826483,10.66,667,2495.06,6390,38.7,1,0,0,0
1,major_purchase,0.1191,191.55,11.372697,1.38,760,3912.88,6777,77.6,1,0,0,0
1,debt_consolidation,0.19,656.5,11.395415,28.52,717,5715.65,12609,35.7,0,0,0,0
1,educational,0.1583,167.1,11.837935,0.07,685,4093.07,8486,0.0,0,0,0,0
1,debt_consolidation,0.1626,465.52,11.981157,14.06,704,9021.11,217018,31.9,2,1,0,0
1,debt_consolidation,0.1806,151.36,10.386042,8.13,690,10826.83,6786,0.0,1,0,1,0
1,debt_consolidation,0.1292,240.7,10.081496,19.56,760,4793.93,1755,68.7,2,0,0,0
1,debt_consolidation,0.1602,595.3,11.443906,18.44,702,274.8,14672,0.0,0,0,0,0
1,all_other,0.1633,281.06,10.769895,5.85,716,3717.83,1962,49.4,3,0,0,0
1,small_business,0.144,176.67,10.825215,7.15,732,4393.05,6062,25.3,2,0,0,0
1,home_improvement,0.1378,230.31,10.245782,1.9,682,6774.94,59615,29.0,3,0,0,1
1,credit_card,0.1381,192.57,11.286177,13.94,717,1719.74,7353,72.2,1,1,0,0
1,debt_consolidation,0.186,532.19,11.1753,17.51,720,1002.31,25151,43.6,0,0,0,0
0,small_business,0.1859,925.26,10.835146,9.55,651,5715.1,7824,46.2,1,0,0,0
1,debt_consolidation,0.154,332.19,10.083111,10.91,720,3692.93,16608,44.3,1,0,0,0
1,credit_card,0.1303,757.97,11.667582,25.76,708,3653.46,3590,35.6,1,0,0,1
1,credit_card,0.1805,264.91,11.08598,19.06,715,2860.73,40062,23.9,3,1,0,0
1,debt_consolidation,0.1494,352.95,11.611885,21.9,711,4050.54,1328,0.0,1,0,0,0
1,all_other,0.1423,1200.13,9.647162,0.0,720,5557.72,3038,58.1,1,1,0,0
1,major_purchase,0.1303,325.54,10.964662,16.38,761,180.0,12459,55.7,0,0,0,0
1,debt_consolidation,0.22,883.42,10.492692,14.33,665,5100.9,40923,80.2,0,0,0,0
1,credit_card,0.1706,235.77,10.95205,3.96,697,6779.0,15343,58.7,1,0,0,0
1,major_purchase,0.1415,369.39,11.505358,5.4,735,6177.89,24835,34.0,2,1,0,0
1,debt_consolidation,0.0901,190.78,11.155668,11.09,728,10328.07,1557,42.4,0,1,0,0
1,debt_consolidation,0.1753,411.57,10.941055,3.34,727,3966.24,6595,63.6,2,0,0,0
1,all_other,0.0948,414.2,10.937796,7.09,815,4827.71,16022,79.0,2,0,0,0
1,home_improvement,0.1285,624.58,9.978543,9.42,733,8243.88,11961,35.4,1,0,0,0
1,all_other,0.1213,242.66,10.376993,16.56,753,5195.09,1938,79.2,1,1,0,1
1,all_other,0.1906,356.95,11.613985,7.72,698,8823.71,2838,44.9,0,1,0,0
1,debt_consolidation,0.1722,898.94,10.621623,9.51,672,7102.12,8863,27.9,1,0,0,0
1,educational,0.1309,158.31,11.625656,19.67,698,5419.62,36119,28.5,0,0,0,0
1,small_business,0.1547,67.49,11.434086,0.43,737,5031.31,314999,38.8,0,0,0,0
1,all_other,0.1325,234.09,11.466315,14.17,725,4473.21,1911,46.7,1,0,0,0
1,educational,0.1563,586.38,11.133078,15.29,725,4973.21,11857,80.4,2,0,0,0
1,credit_card,0.1518,402.84,10.664035,15.48,702,2946.19,2141,101.8,0,0,0,0
1,major_purchase,0.1308,188.93,10.837797,9.14,696,6753.51,10523,40.9,1,0,0,0
1,debt_consolidation,0.1574,402.78,11.320635,5.25,703,9845.76,5906,7.0,2,0,0,0
1,debt_consolidation,0.1422,290.11,9.633375,23.08,738,530.43,21021,29.9,1,1,0,0
1,small_business,0.1314,123.43,11.688704,6.69,742,8007.12,455,38.3,3,0,0,0
1,all_other,0.1338,292.0,10.624927,4.89,672,5665.02,6427,55.1,0,0,1,0
1,debt_consolidation,0.1485,637.24,10.877367,12.74,739,7671.06,13012,0.0,1,0,0,0
1,credit_card,0.1615,317.24,10.882626,7.5,685,3592.42,15177,77.7,1,1,0,1
1,all_other,0.1435,130.28,10.905702,19.85,728,4606.59,18492,21.0,3,0,0,0
1,debt_consolidation,0.174,1254.82,10.128679,10.77,703,8223.83,14089,56.0,0,0,0,0
1,debt_consolidation,0.0906,173.7,11.022552,20.75,769,4936.77,81729,43.5,3,0,0,1
1,debt_consolidation,0.1643,502.25,11.292562,15.7,694,7122.49,91842,27.7,1,0,0,0
1,debt_consolidation,0.166,695.8,9.682885,9.92,717,3588.89,7827,85.9,3,0,0,0
1,debt_consolidation,0.1419,503.57,10.136521,20.29,733,4564.2,4756,34.0,2,0,0,0
1,all_other,0.1424,318.8,11.476478,8.11,677,6333.3,15080,19.4,1,0,0,0
1,home_improvement,0.144,105.43,11.362976,10.39,707,6071.67,39828,62.5,1,0,0,0
1,all_other,0.1514,863.18,11.112232,16.25,700,7127.21,11688,72.6,0,1,0,0
1,debt_consolidation,0.1333,163.64,10.51389,14.16,690,4207.59,1916,41.3,2,0,0,0
1,credit_card,0.171,771.2,11.366524,7.95,693,5059.95,50762,52.4,3,0,0,0
1,debt_consolidation,0.1371,810.23,10.196231,2.0,752,7482.9,20579,74.9,0,0,0,0
1,debt_consolidation,0.1534,162.04,10.846225,12.47,687,8666.55,182420,41.0,1,0,0,0
1,debt_consolidation,0.1657,163.13,10.133039,7.58,732,2962.49,3307,39.9,1,0,0,0
1,credit_card,0.1401,283.94,10.831179,12.8,722,8030.07,16000,69.9,2,0,0,1
0,debt_consolidation,0.2093,783.7,10.301462,9.7,657,3138.28,21860,42.7,1,0,0,0
1,all_other,0.1415,246.55,11.391045,7.65,730,5579.46,7648,24.6,0,0,0,0
0,all_other,0.1611,411.3,11.194241,10.75,656,5765.47,2402,47.0,1,1,0,0
1,home_improvement,0.1266,258.07,10.581949,12.09,734,3841.75,17154,19.2,0,0,0,0
0,credit_card,0.1663,672.42,11.595083,17.4,691,4616.12,5500,45.1,3,2,1,0
0,major_purchase,0.1345,237.83,10.346648,15.52,710,637.03,11435,75.1,6,0,0,0
1,credit_card,0.1808,239.02,10.908476,27.05,661,6871.92,11687,11.7,1,0,0,0
1,debt_consolidation,0.1456,182.92,10.554959,13.58,715,4366.02,2014,45.8,2,0,0,1
1,debt_consolidation,0.1317,175.51,11.382847,7.96,745,4955.34,5460,64.3,3,0,0,0
1,debt_consolidation,0.169,820.16,11.3225,11.45,679,3629.11,5685,45.3,0,0,0,0
1,debt_consolidation,0.1863,310.52,11.724193,16.52,687,6880.12,12178,87.5,1,0,0,0
1,debt_consolidation,0.1374,191.41,10.980621,19.52,727,5523.23,23388,48.7,2,0,0,0
1,debt_consolidation,0.1515,117.96,9.124646,21.86,728,2187.09,18290,58.4,3,0,0,0
0,credit_card,0.2062,339.25,10.66717,5.58,618,4778.88,44097,87.2,4,2,0,1
1,credit_card,0.0971,197.84,11.884808,21.44,787,2472.37,14052,62.1,0,0,0,0
1,debt_consolidation,0.1574,188.86,10.731753,12.28,730,5110.88,267287,46.6,0,0,0,1
1,all_other,0.1605,223.83,9.760303,6.2,736,6766.92,20425,34.6,2,0,0,0
1,debt_consolidation,0.1775,429.13,11.204092,11.19,705,5541.68,1295,42.7,0,0,0,1
0,all_other,0.1657,171.98,11.249676,20.95,639,6145.89,5882,57.0,1,0,0,1
1,all_other,0.1234,294.65,10.486409,15.76,736,7702.77,1200000,24.7,0,1,0,0
1,debt_consolidation,0.1643,719.11,10.779483,4.24,689,3013.34,1282,85.3,1,0,0,1
1,debt_consolidation,0.1442,255.29,10.413149,4.29,731,3963.41,23512,113.8,0,0,0,0
1,educational,0.1599,182.56,11.248768,4.1,702,560.45,406336,47.4,0,0,0,0
1,all_other,0.1447,787.74,10.964526,7.55,719,4111.27,1539,0.0,4,0,0,0
1,all_other,0.1727,368.03,10.218877,13.13,681,3526.74,138845,69.6,0,0,0,0
1,debt_consolidation,0.09,307.8,10.924178,4.83,743,6695.03,138490,50.2,3,0,0,0
1,debt_consolidation,0.1893,576.87,10.482855,9.64,665,6213.37,7165,66.5,2,0,0,1
1,debt_consolidation,0.1471,355.45,11.821247,22.27,795,8812.18,552,46.2,1,0,0,0
1,educational,0.1066,374.2,11.475156,23.76,795,3806.46,29906,74.7,1,0,0,0
1,debt_consolidation,0.132,123.07,10.85541,23.3,772,6051.51,9809,26.3,1,0,0,0
1,debt_consolidation,0.1679,216.05,10.979449,0.22,758,6910.8,8389,59.2,1,1,0,0
1,educational,0.1579,1226.87,11.548403,24.15,707,10788.27,33133,56.4,1,0,0,1
1,all_other,0.1422,181.05,10.824098,13.23,754,6148.91,11546,58.8,1,0,0,1
1,debt_consolidation,0.1945,423.3,11.392619,13.14,706,4939.87,897,69.9,1,0,0,0
0,all_other,0.22,1336.67,11.831206,19.7,651,5374.09,9417,73.8,0,0,0,1
1,all_other,0.109,578.31,10.630562,17.45,767,6223.26,20249,14.3,0,0,1,0
1,major_purchase,0.1283,450.53,11.934149,0.0,753,8493.45,24944,70.3,1,0,0,0
1,debt_consolidation,0.1742,223.81,11.756621,8.37,709,3996.25,87533,52.5,2,1,0,1
1,home_improvement,0.187,258.1,11.081621,10.07,663,3282.69,508,41.5,2,0,0,0
1,debt_consolidation,0.1799,318.44,10.659214,3.42,688,11614.77,56955,55.3,1,0,0,0
0,home_improvement,0.1345,469.64,11.074028,19.48,641,2242.96,6134,54.0,1,0,1,0
1,home_improvement,0.1006,860.89,10.780854,22.53,746,7199.09,15238,49.9,3,1,0,0
0,home_improvement,0.219,452.94,10.446409,12.53,649,6100.6,45362,0.0,1,0,0,0
1,small_business,0.1814,265.69,11.254688,14.66,721,5864.94,3350,51.1,2,0,0,0
1,credit_card,0.1774,368.24,10.30565,12.52,678,1990.94,6112,41.3,0,0,0,1
0,debt_consolidation,0.1554,550.08,10.723482,13.28,656,11832.68,27823,57.1,1,0,0,0
1,debt_consolidation,0.1436,475.67,10.731505,20.31,719,5501.16,4378,45.5,3,0,0,0
1,debt_consolidation,0.1731,329.07,10.097192,0.42,697,3772.16,19165,108.7,0,0,0,0
1,all_other,0.1138,164.37,11.331668,15.95,742,1735.8,2013,41.3,1,0,0,0
1,debt_consolidation,0.1634,821.19,10.790714,12.68,662,180.0,78190,2.8,1,0,0,0
1,credit_card,0.1765,327.62,11.722294,7.68,681,6820.37,37590,44.2,3,0,0,1
0,credit_card,0.2086,488.38,10.780762,9.13,619,2965.95,3314,34.1,3,0,0,0
0,educational,0.1828,247.2,10.681977,25.24,627,4389.72,64430,53.0,1,0,0,0
1,debt_consolidation,0.1449,230.26,10.378168,3.44,778,3553.99,22089,34.0,1,0,0,0
1,home_improvement,0.1393,529.0,10.953808,11.44,789,6404.53,2442,65.4,1,0,0,0
1,credit_card,0.1182,149.33,10.957254,23.84,714,6033.84,33691,46.6,1,0,0,0
0,educational,0.2026,180.67,11.382478,3.84,679,6940.17,35125,57.3,1,2,0,1
1,credit_card,0.1842,1143.56,10.970882,9.45,699,7035.56,888,89.7,1,0,0,0
1,debt_consolidation,0.1452,671.5,12.20729,12.89,743,3270.04,229,49.0,3,0,0,0
1,debt_consolidation,0.1622,516.41,11.208293,15.45,690,1693.35,5861,8.3,2,0,1,0
1,educational,0.1676,183.45,10.328029,12.05,719,4688.82,3438,33.1,0,0,0,0
1,credit_card,0.1666,452.94,10.276399,6.42,710,6353.36,30916,7.1,2,0,0,1
1,home_improvement,0.1604,365.42,11.256226,15.69,688,5330.67,3853,29.9,2,0,0,0
1,home_improvement,0.197,297.04,10.30882,11.91,690,386.75,4268,0.0,0,0,0,0
1,credit_card,0.1089,335.78,11.292855,16.93,721,5203.71,203456,71.3,3,0,0,0
1,credit_card,0.1593,141.1,11.47634,18.97,673,2558.56,84022,4.0,0,0,0,0
1,major_purchase,0.1572,89.98,11.491043,2.34,727,5115.33,980,67.9,3,0,0,0
1,small_business,0.178,485.45,10.399796,19.73,692,7471.3,97410,28.4,2,0,0,1
1,debt_consolidation,0.1676,435.21,11.492097,10.84,715,180.0,138285,39.1,0,0,0,0
1,debt_consolidation,0.1042,423.57,11.126779,18.29,763,8827.79,9017,94.2,1,0,0,0
1,debt_consolidation,0.1535,653.04,10.559199,16.01,704,2444.9,6034,37.9,4,0,0,0
1,all_other,0.1632,552.61,10.832765,25.39,745,7549.77,549,18.8,1,0,0,0
0,home_improvement,0.1566,1082.07,11.217481,12.64,642,7162.59,1317,32.5,2,0,0,0
1,home_improvement,0.1592,877.04,10.519561,9.82,692,4307.05,9469,10.9,0,0,0,0
1,debt_consolidation,0.1448,392.11,11.114134,9.06,711,6196.14,5325,71.6,1,0,0,0
1,debt_consolidation,0.1303,411.88,11.811817,5.44,783,3306.31,6534,63.0,3,0,0,1
0,all_other,0.1971,473.8,11.518074,18.18,636,745.25,20057,38.3,1,0,0,0
1,home_improvement,0.1596,131.35,10.980012,5.0,706,7904.35,194017,69.3,1,0,0,1
1,all_other,0.1254,697.14,11.072827,18.12,765,3352.08,4407,64.3,3,0,0,0
1,debt_consolidation,0.1707,588.04,10.601782,11.06,680,9561.94,4419,39.0,3,0,0,0
1,debt_consolidation,0.1562,119.87,10.618963,0.43,702,7267.55,9148,54.1,2,1,0,0
1,all_other,0.1494,1120.83,9.99231,22.87,723,2948.48,7451,40.1,4,1,0,0
1,all_other,0.1819,293.81,11.083177,0.0,717,6531.39,170475,27.8,2,0,0,0
1,home_improvement,0.1053,326.04,11.346324,12.04,769,6379.69,8273,0.0,1,0,0,0
1,major_purchase,0.1551,345.44,10.886785,14.21,727,9366.34,48618,38.6,3,0,0,0
1,debt_consolidation,0.1146,319.62,10.394832,0.0,760,3837.63,712542,46.5,2,1,0,0
1,debt_consolidation,0.2013,1303.04,10.970338,15.64,696,4479.33,182517,6.3,0,0,0,0
1,debt_consolidation,0.1703,324.96,11.748476,7.98,682,6143.22,8473,71.1,2,1,0,1
1,debt_consolidation,0.1346,295.6,11.477769,10.89,701,5105.4,5371,40.1,3,0,0,1
1,debt_consolidation,0.1711,395.93,10.912021,21.87,666,1584.34,2454,58.8,2,0,0,0
1,debt_consolidation,0.1186,200.21,12.178933,13.58,728,7597.1,13386,54.5,1,0,0,0
1,debt_consolidation,0.15,465.11,12.576217,10.18,695,9055.45,908,43.3,0,1,0,1
1,home_improvement,0.1799,222.52,10.637113,11.42,684,5443.31,407905,29.8,4,0,0,0
1,debt_consolidation,0.1746,557.26,10.78001,24.86,729,1878.37,4736,25.7,1,0,0,0
0,home_improvement,0.1969,195.05,11.352932,15.39,667,4777.23,12066,0.0,5,0,0,1
1,debt_consolidation,0.1408,248.12,10.373084,6.5,739,2786.73,17535,88.8,2,0,0,0
1,debt_consolidation,0.1754,194.44,11.447972,9.23,692,4412.18,1666,55.8,0,0,0,1
1,debt_consolidation,0.1523,262.12,10.991895,4.39,754,5523.6,56315,18.2,2,0,0,0
1,debt_consolidation,0.2076,117.61,11.156699,9.48,695,6700.12,24228,62.7,0,0,1,0
1,debt_consolidation,0.133,66.83,10.578983,23.69,734,8572.9,7335,12.6,0,0,0,1
1,home_improvement,0.1829,316.89,10.449501,11.45,717,6627.78,20908,63.7,0,0,0,0
1,major_purchase,0.1215,124.24,9.718866,3.37,738,2415.04,9963,58.8,3,0,0,0
1,debt_consolidation,0.1777,1261.3,11.835716,15.57,714,6764.66,11137,27.4,2,0,0,0
0,debt_consolidation,0.1718,304.08,11.504282,9.89,647,4345.65,3904,0.3,0,0,0,0
1,debt_consolidation,0.1251,600.98,11.340749,16.47,748,4627.64,13820,31.7,1,1,1,0
1,credit_card,0.1516,471.83,11.142479,10.93,707,5024.92,22349,49.2,2,0,0,1
1,debt_consolidation,0.1269,174.38,9.524421,22.57,740,5397.68,3046,0.8,0,0,0,1
1,debt_consolidation,0.1527,283.54,10.471828,6.32,736,7591.51,18053,26.0,0,0,0,0
1,small_business,0.2085,690.67,10.773791,4.56,681,6302.06,522,84.0,0,0,0,0
1,small_business,0.1444,603.61,10.270379,19.07,675,2096.2,83172,44.1,2,0,0,1
1,credit_card,0.1412,686.76,9.896952,0.0,735,1304.74,1609,119.0,1,0,0,0
1,debt_consolidation,0.1396,235.98,10.333809,11.41,698,6685.5,722,58.9,1,0,0,0
1,debt_consolidation,0.1578,577.02,10.959977,18.12,746,6406.74,5117,40.6,0,1,0,1
1,debt_consolidation,0.1875,261.64,10.960133,0.0,703,8212.81,16475,20.1,4,0,0,0
1,credit_card,0.1349,753.08,11.483589,13.05,749,4813.83,7130,13.0,2,0,1,0
1,credit_card,0.1346,736.66,12.18854,2.28,726,5759.99,42191,50.6,2,0,0,0
1,debt_consolidation,0.1186,138.57,11.348315,0.0,721,6253.57,7864,32.3,2,0,0,0
1,small_business,0.2162,504.14,10.822915,5.25,696,1174.03,8394,36.9,1,0,0,1
1,all_other,0.1782,183.23,12.028199,11.33,719,1029.37,9390,51.7,2,0,0,0
1,home_improvement,0.0961,626.48,9.965019,7.73,755,6899.72,180364,26.5,2,0,0,0
0,debt_consolidation,0.1699,177.0,9.661906,20.24,708,5983.07,6084,71.3,1,2,0,0
1,debt_consolidation,0.1247,458.42,10.389099,13.17,730,8426.82,662311,54.4,3,0,0,0
1,debt_consolidation,0.1448,631.27,11.425434,9.23,712,9669.35,285804,29.2,1,0,0,0
1,credit_card,0.1287,385.59,11.032822,3.56,715,4309.0,1798,53.1,1,0,0,0
1,debt_consolidation,0.0866,632.62,10.241723,14.15,775,4178.77,53048,0.0,4,0,0,0
1,debt_consolidation,0.1343,455.3,10.486472,26.81,756,1668.57,4496,57.7,2,1,0,0
1,home_improvement,0.1925,1204.6,10.172695,7.75,713,6355.2,15286,57.2,0,0,0,1
1,credit_card,0.1338,171.37,10.17268,8.56,718,180.0,934,0.0,2,0,0,0
1,all_other,0.1859,304.72,11.876145,5.28,683,2634.19,10572,0.0,3,0,0,0
1,credit_card,0.18,103.16,10.842505,20.77,703,5831.63,1054711,37.6,0,0,0,0
1,credit_card,0.1649,314.61,12.009445,19.0,722,3412.83,3512,28.2,2,0,0,0
1,all_other,0.1814,172.61,10.387091,9.52,742,4941.85,41581,45.0,4,0,0,0
1,debt_consolidation,0.1624,146.15,11.229586,8.47,738,4542.46,15529,48.3,2,1,0,0
1,debt_consolidation,0.2109,138.89,11.06852,6.09,668,2280.05,5456,91.1,1,0,0,0
1,all_other,0.1163,259.5,11.466606,10.6,747,180.0,89442,36.3,0,0,0,0
1,debt_consolidation,0.1722,467.25,11.085275,19.64,707,6810.21,6141,64.4,1,0,0,0
1,all_other,0.2032,570.54,11.530901,12.89,672,4615.38,12067,33.1,4,0,0,1
1,all_other,0.1175,729.96,11.268061,21.48,761,5908.93,18771,58.0,0,0,0,0
1,debt_consolidation,0.061,645.38,10.264324,7.63,766,4913.71,90378,34.7,2,0,0,0
1,home_improvement,0.1261,166.32,11.376956,0.0,720,4869.17,6884,8.5,1,0,0,0
1,credit_card,0.1293,218.93,10.86711,30.0,737,5468.74,478328,28.9,3,0,0,0
1,all_other,0.1541,436.48,10.456201,14.08,739,4579.12,729,57.7,2,0,0,0
1,major_purchase,0.1207,420.82,11.353326,17.97,763,4213.66,4911,13.1,0,0,0,0
1,debt_consolidation,0.1434,987.04,11.492151,7.17,738,2547.44,92783,49.0,0,0,0,0
1,debt_consolidation,0.1663,317.14,10.635025,3.2,660,11266.26,5159,56.0,2,1,0,0
1,debt_consolidation,0.1191,620.96,10.716155,13.67,786,7577.42,16869,56.5,0,0,0,0
1,all_other,0.1366,336.63,10.083857,0.0,750,8787.53,2742,68.2,4,0,0,0
1,debt_consolidation,0.1518,488.31,9.829116,10.76,691,8232.6,1319,105.7,2,0,0,1
1,small_business,0.2049,537.06,10.782192,19.65,671,4361.92,5594,9.7,0,0,0,0
1,debt_consolidation,0.175,386.61,11.413153,15.69,729,4605.64,42826,35.6,0,0,0,0
1,all_other,0.1379,188.22,10.580308,14.36,699,5067.17,4864,45.0,0,0,0,0
1,all_other,0.1544,463.06,11.800954,24.63,723,4149.57,11063,32.1,1,1,0,0
0,debt_consolidation,0.1147,565.57,10.804905,15.19,738,7254.76,5724,80.6,5,0,0,0
1,credit_card,0.1307,397.61,10.807384,0.0,688,3026.35,37976,82.8,2,0,0,0
1,credit_card,0.1955,58.41,10.753654,11.57,668,2392.87,983,111.6,3,0,0,1
1,credit_card,0.1893,353.98,11.528771,25.88,725,1819.01,10667,42.6,2,0,0,0
1,all_other,0.1583,616.87,10.345065,10.46,690,4249.95,7307,13.4,2,0,0,0
1,all_other,0.1899,201.91,10.851334,25.46,716,3880.32,2976,40.1,0,0,0,0
0,all_other,0.1659,817.75,10.596103,19.66,659,3512.97,89429,18.7,0,0,0,1
1,credit_card,0.1557,248.92,10.587443,9.78,700,5269.37,795,70.8,2,1,0,0
1,debt_consolidation,0.1771,314.86,10.951444,5.14,737,2145.37,22803,68.6,1,0,0,0
1,all_other,0.1273,424.12,10.860873,14.95,733,6915.69,26399,69.1,2,1,0,0
1,debt_consolidation,0.1877,209.71,11.571519,21.37,680,2317.41,6803,107.4,1,0,0,1
1,credit_card,0.1687,736.98,10.923428,1.71,666,2128.29,287121,47.2,3,0,0,0
1,debt_consolidation,0.141,907.1,11.268554,13.43,711,3450.78,25439,28.2,1,0,1,1
1,educational,0.1363,172.17,11.035381,0.0,731,4714.81,4046,45.5,3,0,0,1
1,debt_consolidation,0.1058,312.58,11.786293,10.26,725,7211.35,34107,18.7,2,0,0,0
1,debt_consolidation,0.1897,1282.43,10.745545,1.18,691,4873.39,5997,26.8,3,0,0,0
1,debt_consolidation,0.1555,824.95,10.747261,16.48,721,1048.31,6671,47.2,1,0,0,0
1,debt_consolidation,0.1273,118.66,11.384474,7.85,767,6278.82,77383,61.2,0,0,0,0
1,debt_consolidation,0.1384,844.26,10.737238,20.59,718,6230.79,30377,22.7,0,0,0,0
0,credit_card,0.19,36.66,11.234019,8.87,648,3609.09,71152,8.8,0,0,0,0
1,debt_consolidation,0.17,599.63,12.356128,8.24,718,5487.12,240,67.5,1,0,0,0
1,debt_consolidation,0.1153,198.09,10.332839,1.46,788,8646.47,22652,21.4,2,1,0,0
1,debt_consolidation,0.1972,558.74,11.864319,15.3,661,2899.52,146128,51.2,0,0,0,1
1,debt_consolidation,0.161,457.73,10.629754,16.0,711,7461.24,2144,80.0,3,0,0,0
0,major_purchase,0.1581,421.2,11.745984,19.08,701,8223.88,17001,70.3,5,0,0,0
1,debt_consolidation,0.1723,589.49,11.348488,17.12,714,5499.58,9044,64.0,1,0,0,0
1,credit_card,0.1426,265.16,11.2962,15.37,717,1987.55,41011,78.4,1,0,0,0
1,all_other,0.1115,235.98,10.837912,16.71,753,8327.28,5430,53.8,3,0,0,0
1,all_other,0.1535,730.93,10.777193,17.41,713,7349.98,46399,14.8,2,0,0,1
1,home_improvement,0.1346,372.46,10.489575,18.86,759,6430.96,8210,118.2,1,0,0,0
1,debt_consolidation,0.1533,255.68,10.933828,2.06,706,4929.03,1009536,59.7,1,0,0,0
1,small_business,0.2005,359.1,10.817814,9.41,697,7953.46,23390,60.7,1,0,0,1
1,all_other,0.1772,327.27,11.046521,1.4,685,2934.84,510163,52.0,2,0,0,1
0,debt_consolidation,0.1846,312.39,10.0695,14.89,641,7202.81,36970,0.0,0,0,0,1
1,small_business,0.1663,529.05,10.943814,23.85,720,4255.77,7144,21.6,1,0,0,0
1,debt_consolidation,0.1224,198.24,11.700218,18.78,788,868.89,14022,94.4,3,0,0,0
1,educational,0.1588,1113.11,11.50587,8.41,727,2548.49,24403,0.0,3,0,0,0
1,major_purchase,0.1453,440.55,10.944031,16.09,736,6069.82,334,43.5,0,0,0,0
1,debt_consolidation,0.16,106.35,12.493075,15.01,694,5615.48,61185,54.7,2,1,0,0
1,debt_consolidation,0.1333,448.91,10.577814,14.21,701,6168.15,17207,36.7,0,1,0,0
1,home_improvement,0.1251,190.82,10.87713,3.61,747,4142.37,31433,105.6,0,0,0,0
0,debt_consolidation,0.1272,360.07,10.045186,21.67,786,5587.56,35309,2.3,2,2,0,0
1,credit_card,0.134,333.13,10.683782,4.47,767,6623.67,1654,25.8,0,0,0,0
1,debt_consolidation,0.1122,577.34,12.020567,10.07,741,10959.85,15081,56.3,1,0,0,0
1,debt_consolidation,0.1442,599.59,10.707056,19.22,711,4079.67,13254,58.4,0,0,0,0
1,all_other,0.1337,432.6,9.998023,10.02,718,7621.84,1787,49.8,1,0,0,0
1,credit_card,0.1962,1293.96,11.461919,13.15,681,6676.48,133468,54.8,1,0,0,0
0,credit_card,0.1857,239.97,11.167418,13.43,655,5366.62,261719,28.4,2,0,0,0
1,all_other,0.1839,1034.17,11.436694,13.05,667,1806.63,7031,37.1,2,0,0,0
1,debt_consolidation,0.1537,1010.89,10.748799,13.39,712,8534.68,29520,16.5,1,0,0,0
1,all_other,0.1483,479.01,10.315654,14.08,699,5682.09,11828,58.5,1,0,0,0
0,debt_consolidation,0.1722,539.3,10.81799,13.12,654,3582.76,7278,0.0,3,0,1,0
1,debt_consolidation,0.1662,754.66,11.268455,6.42,709,2849.01,6324,7.3,0,0,0,0
1,debt_consolidation,0.1561,306.6,10.885881,1.9,698,5712.51,1713,72.4,2,0,0,1
1,all_other,0.1862,279.86,11.166653,19.49,665,2715.3,23015,29.8,1,0,1,0
1,debt_consolidation,0.1651,281.85,10.602541,19.8,696,3638.25,4625,116.9,2,0,0,1
1,debt_consolidation,0.1672,476.69,11.189309,14.93,698,3581.55,33386,33.5,2,0,0,0
1,credit_card,0.1732,282.07,10.928161,14.87,687,5175.42,6213,33.6,0,0,0,0
1,debt_consolidation,0.1296,222.17,10.499417,6.29,745,6561.23,1924,85.1,2,1,0,0
0,educational,0.1821,192.06,11.01537,0.0,638,4265.77,4188,75.3,1,0,0,0
0,debt_consolidation,0.2078,206.35,10.694118,10.88,635,4528.54,22065,41.3,2,0,0,0
1,debt_consolidation,0.1924,257.07,11.30647,0.0,710,5330.66,7133,44.3,0,0,0,1
1,small_business,0.1875,259.44,11.462626,13.87,714,3188.67,2816,76.1,2,0,0,1
1,all_other,0.0934,376.82,11.235938,21.6,725,3591.91,161547,52.8,1,1,0,0
1,home_improvement,0.1497,220.12,9.932658,8.35,690,3891.68,1399,37.3,3,0,0,0
1,all_other,0.1739,553.18,10.34149,8.75,675,5780.04,98855,41.6,2,0,0,0
1,debt_consolidation,0.1339,1185.87,10.541688,5.66,710,9081.98,74495,104.2,4,0,0,0
1,credit_card,0.1406,897.26,10.444248,12.91,693,1945.76,50574,37.9,2,0,0,1
1,debt_consolidation,0.121,173.11,10.598863,12.37,769,5657.86,41665,37.9,0,0,0,0
1,all_other,0.1682,315.5,11.494402,5.57,698,4486.14,3571,45.8,4,0,0,0
1,debt_consolidation,0.1692,160.05,11.356179,18.9,708,4635.55,5073,48.7,2,0,0,1
1,debt_consolidation,0.1063,408.3,10.671451,30.0,804,3839.99,266579,25.5,0,0,0,0
1,debt_consolidation,0.1502,452.76,11.290994,20.81,703,7913.11,66696,93.3,3,0,0,0
1,home_improvement,0.1296,416.03,11.130594,11.84,731,180.0,27481,36.4,3,0,0,1
1,debt_consolidation,0.1548,183.13,10.909956,11.75,735,2220.88,4976,61.6,2,0,0,0
1,educational,0.1521,241.36,11.630417,9.06,738,7785.03,3002,94.7,1,1,0,0
1,debt_consolidation,0.1691,760.42,10.526609,8.91,721,7972.08,1935,37.5,3,1,0,0
1,all_other,0.1553,504.35,10.962183,19.21,717,9459.88,4095,58.8,2,0,1,0
1,debt_consolidation,0.1279,200.12,10.288975,19.51,714,5826.59,8116,11.7,0,0,0,0
1,credit_card,0.1588,156.28,10.318213,4.53,688,6265.5,16323,24.8,1,1,0,0
1,home_improvement,0.1676,369.37,10.099933,15.13,722,402.28,85790,51.4,2,0,0,0
1,all_other,0.0865,317.6,10.328627,20.27,787,5067.34,382884,35.9,1,0,0,0
1,debt_consolidation,0.1335,150.53,10.980691,10.18,756,6458.9,139362,69.3,0,0,0,1
1,credit_card,0.1562,308.26,10.745485,11.14,722,3840.2,1664,32.6,3,0,0,0
1,debt_consolidation,0.1811,282.11,10.765379,17.4,743,4829.49,3733,40.0,1,0,0,0
1,all_other,0.1587,254.45,10.74751,17.6,677,8140.47,2730,29.5,1,0,0,0
1,credit_card,0.158,284.2,12.011373,15.56,700,8701.89,73199,79.8,0,0,0,0
1,debt_consolidation,0.1735,474.84,10.23632,14.35,746,5685.77,45049,41.8,1,0,0,0
1,credit_card,0.1185,385.97,10.171103,15.28,767,4932.87,5897,28.8,2,0,0,0
1,credit_card,0.1904,965.87,10.414292,10.68,681,6882.31,10945,22.3,3,0,0,0
1,debt_consolidation,0.1719,449.08,10.886144,4.89,692,4136.43,18773,16.0,1,0,0,0
1,debt_consolidation,0.1141,632.76,11.244011,1.86,793,7670.14,31982,67.5,4,0,0,0
1,debt_consolidation,0.1631,152.92,11.307338,16.71,714,3747.76,97072,45.1,3,0,0,1
1,credit_card,0.1219,405.14,11.506229,13.35,779,6935.01,18585,119.0,3,1,0,0
1,all_other,0.1975,312.14,10.863974,15.74,718,5010.79,9581,31.6,1,0,0,0
1,all_other,0.1105,594.82,10.688244,6.88,719,3512.18,25835,2.4,2,0,0,0
1,debt_consolidation,0.1557,456.64,11.926411,13.31,698,5957.96,9569,41.2,0,0,0,0
1,debt_consolidation,0.1346,1117.33,9.231633,13.14,746,4079.27,25402,113.0,0,0,0,0
1,debt_consolidation,0.1298,191.9,10.968283,21.43,762,7545.7,9943,57.6,0,0,0,0
1,debt_consolidation,0.1951,245.41,11.192304,18.48,671,2574.2,90215,45.0,1,0,0,0
1,debt_consolidation,0.1528,483.38,12.072947,7.49,697,5621.69,103461,31.9,3,0,0,0
1,debt_consolidation,0.15,346.25,9.917055,16.08,745,3229.79,9762,37.9,1,0,0,0
1,all_other,0.1628,199.44,10.673716,7.45,705,8062.84,371948,82.0,2,0,0,0
1,all_other,0.1812,514.37,10.101858,0.0,691,6846.69,18505,22.9,2,0,0,0
1,debt_consolidation,0.1361,262.85,9.833051,24.51,748,4948.03,26206,48.0,3,0,0,0
1,all_other,0.1434,514.92,10.805239,10.01,752,5021.78,133268,51.4,4,1,0,0
1,debt_consolidation,0.1611,117.18,11.438187,19.77,693,9271.0,339711,47.4,0,0,0,0
1,debt_consolidation,0.1326,301.24,11.665641,8.04,718,6957.77,87808,38.1,0,0,0,0
1,educational,0.2086,459.06,10.605558,7.03,664,3170.53,22583,5.0,2,0,0,1
1,all_other,0.156,430.51,11.336581,8.83,676,7396.76,7276,53.4,2,0,0,0
1,debt_consolidation,0.1441,613.36,10.809392,14.34,715,3653.14,22101,39.1,0,1,0,0
1,debt_consolidation,0.1383,314.28,11.26951,13.82,711,5442.5,34761,82.8,3,0,0,0
1,credit_card,0.1806,541.41,11.63423,16.03,673,180.0,25964,42.1,1,0,0,0
1,debt_consolidation,0.1585,365.53,10.811519,9.18,683,7097.35,9239,45.5,2,0,0,0
1,educational,0.2042,683.09,11.586954,12.88,670,3385.82,3954,51.6,0,0,0,0
1,all_other,0.1589,130.86,10.190053,6.78,727,4540.97,18273,60.8,2,0,0,0
0,debt_consolidation,0.1841,64.24,11.330471,22.74,635,1577.19,4555,0.0,0,0,0,1
1,all_other,0.1548,918.11,11.560541,3.53,672,5510.96,878,56.1,2,1,0,1
0,credit_card,0.1856,267.67,11.497428,6.93,639,5236.15,3089,0.0,1,0,0,0
1,all_other,0.1591,116.56,10.207137,9.68,726,1874.04,6174,36.3,0,0,0,0
0,major_purchase,0.186,356.3,10.804455,29.08,641,5141.56,3561,65.6,0,0,0,1
1,small_business,0.1676,270.35,11.114327,17.89,711,4397.04,17616,107.0,4,0,0,1
1,debt_consolidation,0.1076,462.05,11.200262,6.71,772,8119.86,1634,18.2,1,0,0,0
1,debt_consolidation,0.172,551.94,11.000684,18.27,774,3288.79,1934,22.9,1,1,0,0
0,debt_consolidation,0.1829,296.43,11.801804,16.16,641,6257.48,90713,0.0,3,0,0,0
1,all_other,0.1235,699.62,10.139656,14.49,721,1383.91,53636,26.0,2,0,0,0
1,all_other,0.1515,162.79,10.783447,17.4,672,5259.99,19595,113.5,0,0,0,0
1,debt_consolidation,0.1693,75.17,9.900459,13.0,665,5953.96,112342,0.9,2,0,0,0
1,major_purchase,0.1966,448.65,11.308962,13.78,706,6078.54,3805,0.0,3,0,0,0
1,debt_consolidation,0.1313,308.23,11.268318,1.88,757,4763.02,38615,72.6,1,0,0,0
1,home_improvement,0.1381,98.98,12.972648,22.56,733,9389.42,8680,71.9,0,0,0,0
1,home_improvement,0.1849,609.91,11.556079,9.51,683,4158.54,126890,48.4,4,0,0,0
1,debt_consolidation,0.1621,117.47,11.132133,4.06,737,6264.33,16947,50.7,2,0,0,0
0,debt_consolidation,0.2073,379.49,11.085486,9.12,625,4272.93,2849,69.8,1,0,0,1
1,debt_consolidation,0.1729,669.8,10.736867,9.4,681,2965.19,103280,70.4,0,0,0,0
1,major_purchase,0.1478,452.43,11.009597,7.07,679,2090.9,6164,17.4,1,0,0,0
1,debt_consolidation,0.1395,429.85,11.098512,17.97,713,2773.98,1763,10.7,2,0,0,0
1,home_improvement,0.1277,263.57,9.731497,19.32,702,6570.78,132621,17.8,0,0,0,0
1,all_other,0.1537,428.87,11.050117,0.0,705,8377.66,32165,24.7,1,1,0,0
1,all_other,0.1506,541.75,10.991616,9.05,703,6563.18,2898,68.0,1,0,0,0
1,small_business,0.1599,244.87,11.999948,9.54,711,4222.45,9785,77.6,2,0,0,0
1,all_other,0.152,172.3,10.84968,11.41,731,3489.27,9342,37.1,1,0,0,1
1,credit_card,0.1401,649.22,10.463017,24.37,716,5470.62,2763,55.2,1,0,0,0
1,all_other,0.154,1220.15,11.093805,6.99,699,2456.67,2925,44.3,2,0,0,1
1,debt_consolidation,0.1394,1063.44,10.975352,23.38,725,7269.42,9843,22.8,0,0,0,1
1,debt_consolidation,0.1413,59.57,10.850334,11.59,741,5983.72,55607,21.5,0,0,0,0
1,debt_consolidation,0.1726,939.8,10.149817,23.44,689,2640.62,43812,48.9,2,0,0,0
1,credit_card,0.1299,236.37,10.834828,10.45,708,8788.43,4783,68.9,0,1,0,0
1,debt_consolidation,0.1452,1205.08,10.576693,9.65,754,2044.55,43703,58.9,1,0,0,0
1,all_other,0.1801,191.17,10.797946,12.44,668,5189.4,125126,41.2,1,0,0,0
1,debt_consolidation,0.1332,168.06,11.376613,21.52,779,7144.43,2919,87.4,4,0,0,0
0,all_other,0.1815,382.61,10.518546,13.69,659,6895.83,37313,92.3,1,0,0,0
1,home_improvement,0.169,293.97,10.795048,14.04,697,3497.51,11796,3.2,0,1,0,1
1,all_other,0.1638,302.16,11.260135,16.99,674,4029.28,7447,12.6,1,0,0,0
1,educational,0.1274,710.54,10.765665,6.53,793,2670.66,11818,5.0,0,0,0,0
1,debt_consolidation,0.1873,949.29,12.521603,14.92,691,5606.97,42225,73.2,3,0,0,0
1,debt_consolidation,0.1545,197.08,11.081809,8.27,691,7110.22,1529,38.8,0,0,0,0
1,all_other,0.153,1200.44,10.172443,22.75,696,286.61,11540,48.7,4,0,0,0
1,debt_consolidation,0.1667,164.03,10.418025,15.49,714,6449.68,6413,64.5,1,1,0,0
1,credit_card,0.1502,248.43,10.35664,17.38,698,3830.16,11912,46.7,1,0,0,0
1,home_improvement,0.1438,1202.69,10.426734,0.0,705,4827.54,8565,28.3,1,0,0,0
0,debt_consolidation,0.2084,532.64,11.257557,17.48,612,2397.93,3461,15.2,0,0,0,0
1,major_purchase,0.1464,238.16,10.255029,11.37,712,3513.02,235228,40.2,3,0,0,0
1,debt_consolidation,0.1799,475.61,10.727964,2.68,711,10040.81,175,70.2,1,1,0,1
1,credit_card,0.129,603.07,11.627076,13.26,749,4214.21,28685,0.0,2,0,0,0
1,debt_consolidation,0.117,458.09,10.612939,2.12,760,5032.78,29056,32.8,0,0,0,0
1,credit_card,0.159,941.02,11.339607,16.82,703,2772.86,13053,0.0,3,0,0,1
1,debt_consolidation,0.1507,207.13,9.903388,22.49,741,11517.12,17963,73.7,3,0,1,0
1,major_purchase,0.1812,250.63,10.703925,0.25,668,6224.76,31854,0.0,2,0,0,0
1,major_purchase,0.1536,204.37,10.389573,12.39,739,5006.24,4962,0.4,1,0,0,0
1,all_other,0.1547,213.4,11.11286,11.46,688,7360.91,6417,71.2,0,1,0,0
1,all_other,0.1989,418.12,10.298785,0.0,665,5947.44,6953,28.3,2,1,0,1
1,all_other,0.1259,174.0,12.192491,18.92,703,4629.74,24765,0.0,2,0,0,0
1,all_other,0.1164,442.97,9.929975,16.92,763,4739.28,26278,62.3,2,0,1,0
1,all_other,0.1535,593.39,11.622826,26.58,717,1211.92,2154,50.3,1,0,0,0
1,all_other,0.1163,153.56,11.465749,16.02,767,4146.11,10511,103.2,1,0,0,0
1,small_business,0.1773,253.46,11.119015,6.53,682,3796.7,4363,11.5,4,1,0,0
1,all_other,0.1183,253.52,10.963204,16.15,750,5862.64,2605,18.2,0,0,0,0
1,debt_consolidation,0.163,331.21,12.061525,21.47,685,4530.66,5484,25.4,0,1,1,0
1,small_business,0.1761,350.49,12.437288,9.39,719,6774.49,1954,75.4,0,0,0,0
1,debt_consolidation,0.1416,706.15,10.803567,18.48,718,5309.31,654,0.0,1,0,0,0
1,debt_consolidation,0.1271,728.67,11.026239,0.0,735,2956.91,13400,36.3,2,0,0,0
1,educational,0.1422,212.95,10.593036,22.78,720,8781.87,52826,53.9,2,1,0,0
1,debt_consolidation,0.1906,651.21,10.216735,18.12,682,4093.46,7157,80.7,1,0,0,0
1,debt_consolidation,0.163,1011.03,11.212499,0.0,743,6445.61,51265,21.1,1,0,0,0
1,all_other,0.1166,843.03,11.08227,15.24,776,1782.3,40222,54.4,1,0,0,0
1,home_improvement,0.176,453.88,9.947765,0.0,688,6985.35,2912,27.8,0,0,0,0
0,debt_consolidation,0.187,384.38,11.208161,8.38,640,970.18,3122,10.2,1,0,0,1
1,all_other,0.173,146.6,11.102715,17.28,729,9902.73,1179,42.7,0,0,0,0
1,debt_consolidation,0.1656,290.25,10.563241,11.66,697,6771.8,17048,37.8,3,0,0,0
1,all_other,0.1541,134.02,10.523421,21.27,705,4516.2,26362,60.5,4,0,0,0
1,debt_consolidation,0.1784,876.42,11.188506,13.04,731,6488.48,11539,103.1,0,0,0,1
1,debt_consolidation,0.1451,313.07,11.911418,12.34,693,1891.53,3366,58.6,0,1,0,1
1,major_purchase,0.1668,365.44,11.173021,20.18,700,4554.27,10187,45.8,3,0,0,0
1,all_other,0.185,258.45,11.406095,10.27,706,6922.38,35025,61.8,1,0,0,0
1,home_improvement,0.144,140.09,10.42236,12.43,766,6492.62,29714,24.3,1,1,0,1
1,small_business,0.1552,628.98,10.677294,13.34,711,5040.64,26216,68.7,0,0,0,0
1,major_purchase,0.1607,547.01,11.30089,12.13,663,5848.9,19024,26.6,3,0,0,1
1,credit_card,0.148,726.81,10.10141,20.61,665,7761.66,71747,55.1,2,0,0,0
1,debt_consolidation,0.1833,116.51,11.056393,8.0,715,6867.55,2398,39.2,1,0,0,0
1,home_improvement,0.1526,957.95,11.230988,6.87,667,363.53,4341,37.9,2,0,1,0
0,all_other,0.1967,370.6,10.906494,5.27,651,5040.59,2559,91.8,1,0,0,1
1,debt_consolidation,0.1166,622.96,11.124817,0.0,734,5106.66,5958,19.7,2,0,0,0
1,debt_consolidation,0.1953,63.83,10.96527,22.84,736,1933.77,118620,59.6,3,0,0,0
1,debt_consolidation,0.1351,494.72,10.550481,6.38,696,2420.5,3376,33.1,3,0,0,1
1,all_other,0.1518,361.07,10.211355,10.95,721,8803.13,3472,71.6,1,1,0,0
1,home_improvement,0.177,337.43,10.874909,23.35,717,3245.0,744,7.3,0,0,0,1
1,all_other,0.1315,344.78,11.725749,11.62,733,4001.43,31349,35.8,1,0,0,1
1,debt_consolidation,0.1568,252.22,11.554872,16.15,733,3060.75,10652,18.8,2,0,0,0
0,debt_consolidation,0.1944,150.1,10.719347,2.8,612,6093.25,103710,91.2,2,0,0,0
1,small_business,0.1827,163.81,10.706676,22.25,701,5758.39,104778,83.0,2,0,0,1
1,all_other,0.1685,396.53,10.661775,11.76,730,9906.1,1871,25.0,1,0,0,0
1,all_other,0.1545,955.58,10.661854,5.57,694,3718.69,9943,12.2,1,0,0,0
1,credit_card,0.1854,864.6,11.105527,5.57,711,6368.98,84651,32.7,1,0,0,0
1,home_improvement,0.1499,445.44,11.575064,24.26,739,342.93,3422,69.0,0,0,0,0
1,all_other,0.1935,286.16,12.310314,8.56,713,1514.41,53416,54.1,2,1,0,0
1,all_other,0.1136,1151.83,10.423793,5.72,767,8388.78,207,34.7,2,0,0,0
1,debt_consolidation,0.1237,588.26,11.32722,9.61,753,7822.7,10070,79.0,0,0,0,0
0,major_purchase,0.1535,577.77,11.260824,12.91,705,6169.73,4061,56.2,1,2,0,0
1,all_other,0.1352,146.1,10.728855,13.65,702,7876.37,60670,21.5,1,0,0,0
0,credit_card,0.2185,498.53,10.304134,15.67,612,2370.81,6038,0.0,1,0,0,1
1,debt_consolidation,0.1598,161.63,11.097978,14.22,698,9191.64,41050,106.1,1,1,0,0
0,all_other,0.1559,1223.42,12.223127,17.07,659,2472.86,25577,38.2,1,0,0,1
1,debt_consolidation,0.1358,206.26,11.094119,10.72,718,5870.42,3309,0.0,2,0,0,0
1,all_other,0.1358,243.01,10.449789,26.9,716,11989.78,45876,55.4,1,0,0,1
1,credit_card,0.1627,245.03,10.834068,9.23,736,2854.9,26452,0.0,1,0,0,0
0,home_improvement,0.1412,288.99,10.234494,21.93,763,8431.13,989,83.9,3,2,0,0
1,debt_consolidation,0.1537,609.41,10.941291,8.47,709,7475.96,25574,82.1,1,0,0,0
1,small_business,0.1244,366.38,11.346879,2.75,797,3725.92,5209,40.0,1,0,0,0
1,debt_consolidation,0.1471,388.98,10.507514,1.1,719,10285.08,23361,14.7,0,0,0,0
1,all_other,0.214,685.44,8.944078,14.7,660,2780.85,16632,60.9,3,0,0,1
1,debt_consolidation,0.1607,133.07,11.098897,20.62,689,4968.43,55931,82.0,3,0,0,0
1,debt_consolidation,0.1794,667.04,10.624053,4.66,696,6663.84,50601,43.9,4,0,0,0
1,small_business,0.154,419.01,10.472091,6.55,733,4821.07,3167,35.9,4,0,0,0
1,debt_consolidation,0.2057,250.49,10.466826,15.26,674,12831.21,4860,25.2,2,1,0,0
1,major_purchase,0.1365,407.92,11.174154,12.58,699,1914.7,7408,36.8,0,0,0,0
1,debt_consolidation,0.1747,424.94,10.681177,8.56,704,9104.83,61126,42.3,2,0,0,0
1,credit_card,0.1484,60.28,11.497572,3.77,693,180.0,5816,32.6,3,0,0,0
1,debt_consolidation,0.1862,1044.13,11.510996,14.73,741,180.0,18529,18.8,0,0,0,0
1,all_other,0.159,894.97,10.764914,17.11,734,5192.32,47108,94.9,1,0,0,0
1,small_business,0.117,144.99,10.612272,15.99,754,6902.64,11937,39.9,3,0,0,0
1,all_other,0.1431,221.22,11.007902,12.78,697,8785.2,176600,31.6,0,0,0,1
1,debt_consolidation,0.1489,976.49,10.84131,5.32,756,9080.9,4639,52.6,2,0,0,0
0,home_improvement,0.1925,640.59,9.860967,14.77,658,5559.96,26139,53.9,0,0,0,0
0,credit_card,0.1914,527.39,12.097603,14.25,657,6305.92,20752,45.1,1,0,0,0
1,debt_consolidation,0.1797,536.29,11.365745,3.54,664,5667.43,13488,13.9,3,0,0,1
1,credit_card,0.1495,492.29,10.647274,10.51,710,8874.86,362,46.7,3,0,0,0
1,credit_card,0.1569,181.7,9.761006,15.13,756,1971.43,7084,51.2,2,0,0,0
1,credit_card,0.149,255.02,10.819937,12.06,687,3398.05,677,56.3,2,0,0,0
1,debt_consolidation,0.1651,778.52,10.571334,0.0,692,7200.39,4965,54.7,4,0,0,0
1,debt_consolidation,0.1471,597.8,10.89305,8.18,702,7691.95,9727,52.4,3,0,0,0
1,educational,0.132,450.89,9.610039,7.72,732,8424.46,436700,15.9,2,1,0,0
1,all_other,0.1548,242.55,10.64193,16.46,692,4883.71,36676,119.0,0,1,0,0
1,all_other,0.1502,758.03,10.679094,30.0,690,3814.72,2107,60.2,0,0,0,0
0,educational,0.1898,203.75,10.812712,13.52,659,6819.51,15079,69.0,1,0,0,0
1,debt_consolidation,0.1363,1048.53,10.785913,4.33,688,2318.06,21485,64.7,2,0,0,1
1,debt_consolidation,0.1443,226.37,10.961873,11.49,755,9225.68,12853,43.5,2,0,0,0
0,credit_card,0.1419,203.66,11.857918,12.67,713,3802.69,11266,18.0,6,1,0,1
1,credit_card,0.1691,397.8,10.615841,17.82,682,4368.28,4505,40.6,0,0,0,0
1,educational,0.1314,428.55,10.374194,21.17,757,6938.23,19487,19.2,2,0,1,1
1,credit_card,0.1558,409.16,9.876328,22.2,688,3244.25,16617,2.9,2,0,0,0
1,debt_consolidation,0.1559,151.46,10.618222,16.31,764,2186.74,32442,107.5,3,0,0,1
1,debt_consolidation,0.1246,491.23,10.075237,12.59,763,7941.92,41895,70.6,2,0,0,0
1,debt_consolidation,0.1691,773.06,11.515659,22.84,712,2452.32,39766,49.9,3,0,0,0
0,major_purchase,0.1959,381.91,10.871375,10.2,653,5709.58,12985,48.9,0,0,0,0
1,debt_consolidation,0.1113,121.56,11.503074,12.98,797,5113.8,8441,64.6,2,0,0,0
0,all_other,0.124,315.15,11.824075,10.92,725,311.54,35827,43.2,1,2,0,0
1,debt_consolidation,0.1437,170.04,10.402315,0.0,698,2443.15,2936,28.9,1,0,1,0
1,debt_consolidation,0.1653,100.21,10.718111,21.38,746,5946.6,209,86.2,1,0,0,0
1,debt_consolidation,0.1536,259.65,11.742329,17.26,737,8142.48,679,20.1,2,0,0,0
1,all_other,0.1362,1158.99,11.045423,0.0,760,3154.63,545,81.0,4,0,0,0
1,debt_consolidation,0.1558,360.82,11.248121,19.51,685,2845.08,26896,47.4,0,0,1,0
1,educational,0.1851,328.95,11.560116,10.51,722,6638.41,13524,54.0,2,0,0,0
1,small_business,0.1738,644.44,11.476874,19.42,665,7064.6,38557,36.4,3,0,0,0
1,debt_consolidation,0.1474,579.45,11.180319,13.12,735,7395.05,25036,13.2,1,0,0,0
1,small_business,0.1814,142.0,11.781781,3.23,709,5611.97,57555,25.1,4,0,0,0
1,debt_consolidation,0.1248,1170.54,10.888365,12.78,721,3733.81,66733,55.3,0,0,0,0
1,debt_consolidation,0.1434,431.42,11.246843,6.4,704,7019.24,49636,21.2,0,0,1,0
1,debt_consolidation,0.1512,716.48,10.822177,4.16,700,4850.24,51355,21.6,3,0,0,0
1,home_improvement,0.188,263.63,11.552537,18.58,677,6737.51,150417,67.4,4,1,1,1
1,credit_card,0.1336,94.26,10.502534,15.3,740,3763.04,305985,58.2,4,0,0,0
1,debt_consolidation,0.1015,325.92,9.903458,22.93,767,4535.16,12327,8.7,2,0,0,0
1,credit_card,0.1347,171.51,11.329504,9.88,689,6398.5,127862,80.7,0,0,0,1
1,credit_card,0.1311,837.93,10.307715,5.96,731,180.0,4303,83.2,3,0,0,0
1,credit_card,0.1189,134.52,10.247262,17.01,726,8406.83,4699,39.0,0,0,0,0
1,all_other,0.1713,398.01,11.701607,6.85,710,4934.05,155290,0.0,2,0,0,0
0,home_improvement,0.1982,616.88,11.519431,10.46,652,180.0,12873,5.7,2,1,0,0
1,all_other,0.1781,531.11,10.721075,16.22,661,5482.49,761,30.1,1,1,0,1
1,debt_consolidation,0.1641,272.37,9.072267,11.73,680,3976.78,1608,81.1,1,0,0,1
0,home_improvement,0.2072,118.08,11.255276,9.23,629,2454.2,3176,50.9,0,0,0,0
1,debt_consolidation,0.1456,131.22,11.334128,2.92,764,9954.46,1669,11.1,3,0,0,0
1,credit_card,0.1299,216.88,11.245255,19.06,724,7152.5,25776,89.0,3,0,0,0
1,credit_card,0.1394,139.19,11.217221,10.06,709,4665.12,2748,45.2,2,0,0,1
0,debt_consolidation,0.2074,389.51,10.819353,16.86,627,5196.15,6993,70.0,0,1,0,1
0,debt_consolidation,0.1924,235.89,10.679614,15.95,641,5727.71,4140,37.5,0,0,0,1
1,credit_card,0.1681,157.35,10.255241,20.13,710,989.08,1231,0.0,2,0,0,0
1,home_improvement,0.1043,131.19,10.504588,10.97,785,11632.04,1330,0.0,1,0,1,0
1,home_improvement,0.153,124.94,11.126106,10.2,683,5171.2,47020,22.4,1,0,0,0
1,all_other,0.1503,364.64,11.136135,4.95,743,9581.18,18454,55.6,3,0,0,0
1,debt_consolidation,0.1504,226.97,11.411793,8.86,692,2939.81,66,59.2,0,1,0,0
1,debt_consolidation,0.1246,372.36,10.072077,14.95,712,6526.89,3961,100.7,1,0,0,0
1,credit_card,0.1219,345.09,9.917872,6.96,756,2101.18,45634,46.2,4,0,0,0
1,all_other,0.1576,332.41,10.69838,14.78,697,180.0,27005,44.0,3,0,0,0
1,credit_card,0.2016,640.9,10.307832,22.72,684,7320.89,327842,18.6,0,0,0,0
1,debt_consolidation,0.1148,128.56,11.043452,9.53,764,5547.38,7242,73.4,1,1,0,1
0,debt_consolidation,0.1538,601.98,10.130975,3.53,712,3734.35,19949,88.9,7,2,0,0
1,all_other,0.1783,519.27,11.649942,9.75,751,180.0,2663,28.6,2,0,0,0
1,all_other,0.1457,328.15,10.428543,2.78,684,3883.6,921,43.4,1,0,0,0
1,all_other,0.1453,213.95,11.901531,21.81,763,5744.03,19598,57.0,2,0,0,0
1,debt_consolidation,0.1372,382.8,11.249824,13.19,720,2366.74,5833,23.4,0,1,0,1
1,home_improvement,0.1563,523.69,10.286308,7.57,727,5389.68,778087,0.0,0,0,0,0
1,all_other,0.2003,152.62,12.207794,8.74,715,3473.24,4268,51.0,1,0,0,0
1,credit_card,0.1803,606.25,11.091926,4.44,691,2055.76,5577,63.5,1,0,0,0
1,all_other,0.1589,1228.6,11.031333,19.58,710,4704.23,12452,19.8,2,0,0,1
1,all_other,0.1445,359.5,10.890221,25.28,693,180.0,49262,46.4,2,0,0,0
1,credit_card,0.1362,925.82,11.214598,2.29,746,6313.57,43023,106.7,1,0,0,0
1,all_other,0.1482,527.37,11.250507,19.8,702,5305.88,767,78.9,1,0,0,0
0,all_other,0.1525,457.58,10.402366,10.9,653,6572.27,88567,61.5,2,1,0,1
0,all_other,0.1421,229.59,10.799734,21.35,646,7881.49,8422,31.3,0,0,0,1
0,debt_consolidation,0.169,306.72,11.000578,0.0,644,4428.25,151,65.2,2,0,0,0
1,small_business,0.1599,193.52,11.285472,14.16,733,180.0,10984,0.0,0,1,0,0
1,debt_consolidation,0.1981,784.65,11.29581,9.79,666,4418.17,2145,44.0,1,0,0,0
1,debt_consolidation,0.1362,220.79,11.03037,17.15,721,2197.4,72635,31.7,0,1,0,0
1,credit_card,0.1575,1226.18,10.594303,13.02,715,8641.73,18994,68.6,1,0,0,1
1,debt_consolidation,0.1228,495.76,10.563029,12.75,708,4132.97,61172,0.0,0,0,0,0
1,educational,0.1322,487.13,10.203192,11.87,727,7163.35,73885,119.0,1,0,0,0
1,all_other,0.1043,140.62,11.291487,23.38,716,8712.53,5266,34.1,1,0,0,0
0,debt_consolidation,0.22,665.59,10.554254,11.39,612,3190.7,16312,93.7,2,0,0,1
1,debt_consolidation,0.1653,332.05,10.81303,18.56,698,5248.76,67422,68.0,1,0,0,0
1,debt_consolidation,0.152,256.2,11.075024,16.94,726,5158.09,15615,56.3,1,0,0,0
1,debt_consolidation,0.1387,235.76,10.9324,18.73,772,10575.67,2928,53.8,1,1,0,0
1,debt_consolidation,0.1777,165.33,10.926577,5.6,774,8225.29,110306,49.1,1,1,0,0
0,debt_consolidation,0.1706,393.01,10.377973,17.48,658,2399.42,11389,32.9,0,0,0,1
1,debt_consolidation,0.1421,333.59,11.094006,14.92,697,3533.34,3104,59.2,2,0,0,0
0,all_other,0.22,166.55,10.739175,4.39,650,3900.23,234428,41.1,0,0,0,1
1,debt_consolidation,0.1052,509.88,10.877296,11.13,768,3029.33,519,62.8,2,0,0,0
1,debt_consolidation,0.1648,1238.81,11.636361,28.43,748,4268.79,3765,58.9,0,0,0,0
1,debt_consolidation,0.1486,139.66,11.238244,9.9,723,3735.05,4368,35.4,1,0,1,0
1,debt_consolidation,0.1619,356.19,10.581809,10.06,716,5150.83,44537,32.4,3,0,0,0
1,debt_consolidation,0.1038,1133.02,10.839163,15.71,762,4771.97,6243,54.7,1,0,0,0
1,debt_consolidation,0.1871,231.75,11.905657,8.87,756,7944.3,3656,59.2,3,0,0,0
1,debt_consolidation,0.1285,500.29,10.742497,13.57,754,3155.57,58080,32.7,0,1,0,0
1,major_purchase,0.1342,488.0,10.954328,9.5,727,887.09,38201,17.7,3,1,0,0
1,debt_consolidation,0.1727,620.55,11.335129,15.38,697,3826.87,6903,54.4,3,0,0,0
1,debt_consolidation,0.13,1179.29,11.061267,12.17,739,3526.9,15888,57.2,2,0,0,0
1,credit_card,0.1504,108.38,10.702581,26.07,741,8743.27,1802,50.4,2,0,0,0
1,all_other,0.1338,423.52,10.476513,12.92,703,7173.47,7582,44.3,1,0,1,0
1,debt_consolidation,0.1647,272.59,10.92384,11.06,697,8304.65,9778,70.0,3,0,0,1
1,home_improvement,0.1245,355.61,11.331392,19.7,753,7466.44,1378,18.8,1,0,0,0
1,credit_card,0.1119,370.58,11.735749,3.0,773,180.0,776,22.7,0,0,0,0
1,educational,0.1497,308.48,10.036134,24.27,682,2928.64,5780,30.4,0,1,0,1
1,major_purchase,0.1781,184.24,12.005298,5.78,700,1313.46,59191,43.6,1,0,0,0
1,all_other,0.143,183.95,10.75407,20.83,723,8977.76,27677,28.6,2,0,0,0
1,credit_card,0.1441,1203.2,11.494144,22.65,728,7160.04,4192,29.2,2,0,0,0
1,debt_consolidation,0.1734,148.96,10.480103,8.97,690,6055.74,694411,73.3,1,0,0,0
1,small_business,0.1613,909.18,9.947388,9.63,782,3638.17,1968,44.6,1,0,0,0
1,all_other,0.1302,178.63,10.129103,11.85,726,3920.47,26362,70.3,0,0,0,1
1,debt_consolidation,0.1513,406.1,10.728116,16.89,730,2909.7,4693,47.1,1,0,0,0
1,debt_consolidation,0.1076,1141.88,11.249697,5.71,777,6684.68,76268,26.3,0,0,0,0
1,all_other,0.1594,670.22,10.949027,11.85,693,5319.18,9118,79.1,0,0,0,0
1,all_other,0.1786,144.22,10.777357,10.44,707,6794.5,7463,35.3,2,0,0,0
1,home_improvement,0.1306,291.34,11.611994,4.66,662,6106.49,51130,56.8,2,0,0,0
1,debt_consolidation,0.1406,367.44,10.931211,5.39,703,7123.86,8396,68.3,2,0,0,0
0,home_improvement,0.1769,810.04,11.100669,13.48,653,6351.39,35665,41.5,2,0,0,1
1,debt_consolidation,0.1509,392.42,12.827727,13.36,738,7815.24,9178,39.7,0,0,0,0
1,all_other,0.1731,350.44,10.925097,7.33,726,6909.36,164,24.3,0,0,0,0
1,debt_consolidation,0.1269,1174.07,10.505534,13.15,699,3774.35,344431,50.0,0,0,0,0
1,debt_consolidation,0.186,1205.36,11.223385,8.14,706,6283.14,25068,24.8,4,0,0,0
1,all_other,0.1533,621.23,11.377794,21.62,739,5833.2,6674,38.9,0,1,0,0
1,debt_consolidation,0.1704,251.73,11.1136,11.89,667,4583.69,97036,36.5,0,0,0,0
1,debt_consolidation,0.1229,57.03,11.025717,20.17,718,5016.84,2328,30.4,1,1,0,0
1,home_improvement,0.1323,151.03,11.834161,0.92,737,7577.11,2545,54.6,3,0,0,0
0,debt_consolidation,0.207,139.28,11.757921,14.83,642,6412.26,1137,80.0,3,0,0,1
1,credit_card,0.1447,360.56,10.858568,16.71,736,7386.54,7938,69.5,2,0,0,0
0,credit_card,0.1811,763.61,10.537468,11.65,646,5160.48,3797,0.0,1,0,0,0
1,debt_consolidation,0.1383,1193.33,11.191814,8.88,706,7934.55,6873,48.1,1,1,0,0
1,small_business,0.2054,998.74,10.533968,11.54,666,6993.76,1042,111.2,2,0,0,1
1,home_improvement,0.1286,223.8,11.469949,17.72,764,3044.45,3650,49.5,3,0,0,1
1,home_improvement,0.171,466.49,11.188674,4.25,666,4165.01,22661,37.3,0,0,0,0
0,home_improvement,0.1823,525.74,12.558719,17.43,647,2935.74,97241,84.0,2,0,0,0
1,all_other,0.1407,125.61,11.828711,14.8,715,2361.32,11748,46.2,0,0,0,0
1,educational,0.1468,204.78,10.271968,10.8,694,11759.11,4931,80.8,0,0,0,1
0,debt_consolidation,0.1512,280.95,10.613539,11.1,653,9230.27,29970,42.0,0,1,0,1
1,debt_consolidation,0.1345,1186.89,9.76249,13.03,730,7949.18,71965,59.0,2,0,0,0
0,credit_card,0.1541,499.84,9.625974,24.04,634,6182.47,65933,28.5,3,0,1,0
1,debt_consolidation,0.1832,158.26,10.999434,15.0,671,3704.89,24794,75.8,0,0,0,1
1,all_other,0.1524,282.59,10.202646,6.1,688,2289.49,3275,45.5,0,0,0,0
1,debt_consolidation,0.1346,507.9,11.931123,9.6,740,4535.56,10014,50.7,2,0,0,0
1,debt_consolidation,0.1331,310.5,11.636328,4.7,759,3259.25,16126,74.0,1,0,0,0
1,small_business,0.136,289.69,10.764388,0.0,752,6844.64,216,60.3,4,0,0,0
1,debt_consolidation,0.1351,619.7,10.729729,4.58,704,5440.15,11429,42.0,2,0,0,0
0,debt_consolidation,0.2017,1086.74,11.836078,13.43,618,7200.73,172707,6.7,0,0,0,0
1,credit_card,0.1869,935.29,11.97591,21.39,725,5665.98,3929,43.7,1,0,0,0
1,home_improvement,0.1489,306.82,10.361115,19.47,766,833.39,599,36.6,0,0,0,0
1,home_improvement,0.1603,342.73,10.282678,4.63,757,4629.03,3769,47.4,0,1,0,0
1,debt_consolidation,0.1218,293.37,10.746334,7.1,728,6028.9,3559,40.9,0,0,0,0
1,small_business,0.1873,836.55,11.193027,6.12,665,5747.22,63763,83.3,0,0,0,0
1,all_other,0.1609,293.27,10.61666,0.0,690,3673.42,739629,62.5,0,0,0,0
1,home_improvement,0.1516,98.87,11.205851,11.44,783,3834.96,14033,36.9,0,1,0,0
0,debt_consolidation,0.1985,568.65,12.119682,18.14,656,3397.35,2796,67.1,1,0,0,1
1,debt_consolidation,0.1724,566.76,10.072321,10.86,666,885.05,1577,88.7,0,0,1,0
1,all_other,0.0939,263.4,10.658138,3.85,746,4987.31,56949,28.5,1,0,0,0
1,all_other,0.1399,1196.05,10.083935,6.77,694,7007.87,34810,40.3,1,0,0,0
1,debt_consolidation,0.1888,273.85,10.419683,10.33,665,3870.65,71296,27.3,1,0,0,1
1,all_other,0.1234,984.85,10.750247,17.91,768,1955.09,4697,57.6,1,0,0,0
1,credit_card,0.1456,147.59,10.486401,11.34,728,7545.91,148801,107.4,3,1,0,0
1,debt_consolidation,0.1749,476.45,11.247186,16.98,695,8466.88,14456,81.3,2,0,0,0
1,all_other,0.1983,230.25,11.022083,12.04,666,3958.81,3496,37.8,2,0,0,0
1,debt_consolidation,0.1052,337.88,11.112402,14.23,788,2715.32,410,65.6,0,0,0,1
1,small_business,0.1832,676.89,10.742914,6.11,709,4697.89,4806,82.8,4,1,0,1
1,all_other,0.1643,259.64,10.799089,7.87,763,5762.15,4718,0.0,1,0,0,0
1,all_other,0.1692,238.99,10.716079,3.93,744,3936.28,1971,18.1,3,1,0,1
1,major_purchase,0.1543,326.44,10.778319,16.75,690,1135.06,22372,74.0,4,0,0,0
1,credit_card,0.1703,1248.37,11.185596,10.59,691,7461.66,3611,4.3,2,0,0,0
1,debt_consolidation,0.1462,434.5,9.756671,0.0,765,5665.47,2386,49.1,2,0,0,1
1,all_other,0.1311,408.02,11.105644,15.92,766,8932.11,2522,68.0,1,0,0,0
0,educational,0.1829,538.3,10.400074,19.32,639,5165.82,1129,56.3,2,0,0,0
1,debt_consolidation,0.1118,108.0,10.723297,7.0,731,8740.76,4387,44.3,0,0,0,0
1,all_other,0.1408,713.06,9.977465,15.91,705,4493.94,4571,86.9,3,0,0,1
1,debt_consolidation,0.1595,632.27,10.71121,11.15,671,3549.29,7392,71.2,0,1,1,0
1,home_improvement,0.1262,105.15,11.099509,0.0,720,3809.43,20156,111.0,2,0,0,0
0,all_other,0.181,1267.09,11.208821,26.08,659,9620.65,126698,14.5,2,0,0,1
0,major_purchase,0.1813,396.99,10.206338,11.19,692,4591.01,55078,31.7,5,1,0,1
1,credit_card,0.161,176.22,11.179392,13.99,680,9013.98,896,45.1,0,0,0,0
1,debt_consolidation,0.1204,452.75,11.625263,8.29,691,3906.51,45693,84.7,2,0,0,0
0,all_other,0.1549,202.09,10.628849,10.56,707,1598.48,61849,68.5,5,0,0,0
1,small_business,0.1939,130.57,10.930557,13.72,671,6807.36,36763,35.2,1,0,0,0
1,debt_consolidation,0.133,305.84,9.668187,5.41,770,3456.49,5311,18.6,2,0,0,0
1,debt_consolidation,0.1329,315.58,10.382809,24.29,729,5819.16,113905,15.4,2,0,0,0
1,credit_card,0.1012,117.43,11.095017,18.38,778,5562.52,2600,97.6,3,0,0,0
1,all_other,0.1763,227.84,11.512835,16.17,704,5525.55,60284,46.3,1,0,0,0
1,debt_consolidation,0.1724,189.86,10.564441,11.62,689,9181.43,57439,52.8,1,0,0,1
1,debt_consolidation,0.1121,279.69,12.558326,7.35,777,5690.71,24322,18.2,3,0,0,0
1,debt_consolidation,0.1358,584.77,11.121473,19.71,688,5358.93,616,47.9,1,0,0,0
1,credit_card,0.1635,426.64,10.153252,16.81,703,4173.07,15114,22.2,0,0,0,0
1,all_other,0.1258,358.05,11.715181,9.84,737,6404.77,41440,50.8,1,0,0,0
1,all_other,0.1847,110.93,10.165705,5.12,663,6175.03,11815,37.4,2,0,0,1
1,home_improvement,0.1469,370.16,11.13034,1.73,737,4056.37,9590,26.3,3,0,1,0
1,debt_consolidation,0.1875,186.58,10.363163,12.8,732,7415.45,6013,81.7,0,0,0,0
1,credit_card,0.1327,111.15,10.101965,10.88,758,4548.41,4705,84.1,1,0,0,0
1,debt_consolidation,0.1806,731.53,11.516913,20.78,744,6510.4,9393,61.4,1,0,0,0
1,all_other,0.1355,146.31,10.771536,19.45,759,1744.64,74408,0.0,0,0,0,0
1,all_other,0.1444,401.79,11.98266,12.87,706,7343.98,3550,16.4,2,0,0,0
1,credit_card,0.1496,269.45,10.309061,12.04,677,3264.86,20495,17.6,1,0,0,0
1,major_purchase,0.1024,181.69,9.978619,4.65,790,6748.54,148,101.5,3,0,0,0
0,debt_consolidation,0.1906,942.52,10.637404,19.92,652,8262.15,4719,77.7,1,0,0,1
0,debt_consolidation,0.1828,260.75,12.69321,12.21,656,6085.06,34261,86.4,2,0,0,1
1,all_other,0.1097,246.56,11.438689,16.78,731,7941.5,54661,25.3,0,0,0,0
1,all_other,0.1484,226.15,11.267875,20.72,772,2363.97,1844,2.5,0,0,0,0
1,debt_consolidation,0.1823,448.68,11.288033,8.7,717,4853.22,17205,76.5,0,0,0,1
1,small_business,0.1168,323.42,10.634246,6.89,748,3440.55,38029,0.0,0,0,0,1
0,home_improvement,0.2103,252.24,12.594904,29.63,634,3407.99,2994,49.3,4,0,0,1
1,all_other,0.1981,212.54,11.209432,16.7,691,1114.83,748,64.5,3,0,0,0
0,all_other,0.1519,369.34,11.152233,10.68,639,5261.31,1253,14.5,0,0,0,0
1,debt_consolidation,0.1331,234.79,11.530766,21.16,740,7411.77,843,90.8,0,0,0,0
0,all_other,0.1655,1240.02,10.153322,10.47,651,8225.64,33647,38.7,0,0,0,0
1,all_other,0.1974,280.41,10.393598,14.85,661,2418.58,12698,56.5,0,0,0,0
1,small_business,0.1536,481.54,10.780237,8.68,730,3860.63,5411,62.5,1,0,0,0
1,all_other,0.1288,345.22,11.53471,12.48,750,3208.18,2586,52.5,2,0,1,0
1,debt_consolidation,0.167,317.19,10.138188,10.71,704,3037.22,62647,30.7,0,0,0,0
1,debt_consolidation,0.1772,739.24,10.888914,7.41,732,4318.44,7642,23.5,1,0,0,0
1,debt_consolidation,0.1457,565.68,10.802602,14.28,730,5109.26,17862,58.0,2,0,0,1
1,major_purchase,0.1501,561.61,9.969625,8.19,702,4334.7,2499,65.2,1,0,0,0
1,home_improvement,0.1691,572.35,10.619552,16.57,668,1578.58,1623,75.4,2,0,0,0
1,home_improvement,0.1596,124.14,11.260774,10.5,731,7482.63,54181,42.7,3,1,0,1
1,home_improvement,0.1189,493.79,10.025206,0.73,733,5505.03,12232,49.3,3,1,0,1
1,debt_consolidation,0.1403,314.52,11.790914,16.88,744,6043.96,14057,21.4,1,0,0,0
1,credit_card,0.1317,258.0,11.215508,17.0,722,6188.04,18009,76.7,2,0,0,0
1,credit_card,0.1516,1216.03,11.141064,28.15,666,6601.14,52013,22.4,2,0,0,0
1,debt_consolidation,0.1053,126.78,10.934995,12.72,736,5443.74,69033,64.1,1,0,0,0
1,all_other,0.1456,353.67,10.263684,13.86,710,2976.84,1790,76.4,4,0,0,1
1,credit_card,0.1856,353.49,10.533685,15.9,692,8848.22,7062,75.9,2,0,0,1
1,small_business,0.1362,351.11,11.150731,19.64,699,6656.15,2058,7.5,1,0,0,0
1,debt_consolidation,0.1785,194.05,10.53249,19.2,684,2815.73,14240,2.2,0,0,0,0
1,small_business,0.1426,439.23,11.045137,14.8,744,2851.45,5747,20.3,1,0,0,0
0,major_purchase,0.1589,174.84,10.381682,12.37,656,10034.82,6505,16.3,2,0,0,0
1,major_purchase,0.1799,482.18,11.205372,18.41,672,4653.9,7485,108.2,1,0,0,0
1,debt_consolidation,0.1875,445.86,11.250909,12.09,698,3366.16,6885,57.7,2,0,0,1
1,debt_consolidation,0.1584,323.4,9.93711,3.7,771,3734.06,607651,10.3,3,0,0,0
1,credit_card,0.1436,357.12,10.971058,2.24,750,6187.51,486,18.1,1,0,0,0
0,debt_consolidation,0.1824,1202.56,10.001783,10.58,648,3871.07,8411,92.4,2,0,0,1
1,debt_consolidation,0.1408,560.96,9.794765,13.43,761,5393.38,978,84.5,1,0,0,0
0,credit_card,0.1825,447.89,10.567726,29.66,761,10833.31,13977,8.6,5,0,0,1
1,debt_consolidation,0.1703,525.15,12.63612,11.77,665,1132.08,1115,69.5,0,0,0,0
0,all_other,0.22,429.65,11.402987,12.92,614,4045.08,9689,37.9,1,0,0,1
1,major_purchase,0.1454,554.46,11.779183,9.81,707,5213.29,3335,41.1,3,0,0,1
1,all_other,0.1199,237.69,11.301134,16.87,753,650.04,60196,7.7,2,0,0,0
1,small_business,0.1793,1264.11,11.05532,14.53,770,6352.65,996,35.6,1,0,0,0
1,debt_consolidation,0.1708,445.28,11.476189,8.2,677,7298.21,1229,17.0,3,0,0,0
1,debt_consolidation,0.1302,1179.63,10.539861,5.62,777,1588.94,1720,83.7,2,0,0,0
0,debt_consolidation,0.2051,1309.84,11.217014,9.82,625,4856.49,19550,18.9,0,0,0,0
1,debt_consolidation,0.1443,264.35,11.64803,6.78,696,5517.78,14944,80.6,1,1,0,1
1,debt_consolidation,0.1543,451.11,11.356647,11.0,694,6496.79,6647,35.8,1,0,1,0
1,home_improvement,0.1233,471.48,11.688096,13.58,754,11732.38,29689,0.0,1,0,0,0
1,major_purchase,0.1405,719.21,11.041386,9.14,759,3206.75,284,27.8,2,0,0,0
1,debt_consolidation,0.147,413.9,11.962169,22.64,746,6403.47,7210,10.1,0,0,0,1
0,debt_consolidation,0.1668,903.64,10.802979,20.6,659,4741.3,10333,59.5,2,0,1,1
0,all_other,0.1816,115.68,12.221792,11.02,743,4314.58,14153,11.4,8,0,0,0
1,all_other,0.1468,246.28,11.279901,5.95,729,5100.53,11820,32.2,1,0,0,0
0,debt_consolidation,0.1868,349.25,10.695793,12.39,646,6086.9,15923,54.5,1,0,0,0
0,debt_consolidation,0.2183,261.35,10.210731,11.68,631,5084.07,21836,10.2,1,0,0,0
1,debt_consolidation,0.1209,108.22,10.437125,12.17,749,5748.44,240380,85.3,1,0,1,0
1,all_other,0.1486,702.55,10.344789,9.85,703,4859.04,33506,50.8,0,0,0,0
1,debt_consolidation,0.1837,183.14,10.875881,5.36,661,2717.51,959,47.5,0,0,0,1
1,credit_card,0.13,229.88,10.152885,12.84,702,7123.83,40891,1.2,1,0,0,0
1,debt_consolidation,0.1449,638.53,11.718583,10.18,724,7626.87,8419,29.8,0,0,0,0
1,all_other,0.1983,955.57,10.997541,10.79,707,7513.15,4284,36.8,2,0,0,0
0,all_other,0.219,280.79,10.972791,13.25,651,6745.89,1054,9.1,1,0,0,0
1,debt_consolidation,0.1414,181.29,10.219114,12.12,782,3120.3,6676,69.7,0,0,0,0
1,small_business,0.1775,223.01,10.460887,13.1,748,2676.27,14675,45.5,0,0,0,0
0,credit_card,0.1716,852.85,9.575576,9.86,697,7349.85,35495,19.4,0,2,0,1
1,small_business,0.1672,881.89,11.916861,15.08,699,2049.56,1835,34.5,3,0,0,0
1,all_other,0.1825,502.2,10.065193,7.65,724,3346.51,5494,45.4,0,0,0,0
1,all_other,0.1563,454.77,10.111439,5.09,667,10425.32,4841,102.1,1,0,0,0
1,debt_consolidation,0.1699,154.91,11.792036,6.46,722,6329.66,4300,55.9,2,0,0,0
0,all_other,0.1687,539.05,11.166414,7.93,659,5458.6,937,20.7,0,0,0,0
1,all_other,0.1483,655.62,11.003649,3.71,707,430.17,1954,24.9,0,0,0,0
1,all_other,0.1865,448.0,11.137564,0.92,666,3382.13,6604,32.4,1,0,0,0
1,debt_consolidation,0.2155,478.2,11.511879,16.07,668,7150.09,29240,60.9,2,0,0,0
1,debt_consolidation,0.1561,185.74,10.990924,21.39,773,1351.74,7390,55.5,3,0,0,0
1,debt_consolidation,0.1618,873.5,9.988444,16.45,712,6066.69,1579,57.8,0,0,0,0
1,debt_consolidation,0.1536,147.17,11.377246,9.27,718,1604.67,7047,41.2,3,1,0,0
0,all_other,0.2057,404.95,11.18763,0.76,634,3500.31,1469,0.0,2,0,0,0
1,major_purchase,0.1936,555.05,11.644648,13.92,687,1126.41,35173,59.7,1,0,0,0
1,debt_consolidation,0.1126,798.92,10.16805,1.51,728,5297.77,117656,21.5,4,0,0,0
1,debt_consolidation,0.1502,793.0,10.485101,12.0,717,808.4,12457,59.6,2,0,0,0
0,debt_consolidation,0.1718,867.85,11.169174,7.08,628,4850.54,31485,8.2,0,1,0,0
1,debt_consolidation,0.1479,305.98,10.353848,0.0,718,6656.91,3415,43.6,1,1,0,0
1,credit_card,0.1244,1169.87,9.494766,22.82,724,5559.65,15464,65.4,0,0,1,0
1,debt_consolidation,0.0977,753.27,11.050372,3.93,759,6222.05,9687,101.6,2,0,0,0
1,educational,0.1408,292.36,11.475955,10.15,685,5624.59,50044,28.5,4,0,0,0
0,small_business,0.1981,331.33,10.851352,11.71,625,4832.73,3919,86.3,0,0,1,1
1,all_other,0.1847,677.76,11.264362,9.35,672,4888.88,8877,74.2,1,0,0,0
1,major_purchase,0.1585,276.65,11.176054,15.81,668,5792.59,1728,33.9,0,0,0,0
1,all_other,0.126,149.85,10.936402,7.49,738,2330.47,28028,44.7,0,0,0,0
0,educational,0.2079,435.36,11.012938,15.24,612,4070.08,3623,28.6,1,0,0,1
1,debt_consolidation,0.1693,79.4,11.752974,14.8,693,10145.08,5992,23.4,2,0,0,0
1,educational,0.1656,498.08,10.341807,3.09,764,6271.83,2386,2.4,1,0,0,0
1,debt_consolidation,0.1746,613.42,11.401557,14.23,710,8182.88,7325,15.8,1,0,0,0
1,debt_consolidation,0.1201,301.62,10.209665,5.33,744,5910.92,31141,0.0,2,0,0,0
0,major_purchase,0.1704,872.71,10.445184,4.56,648,3230.22,17510,48.7,2,0,1,1
0,debt_consolidation,0.1983,736.32,11.65951,14.6,649,4298.44,76408,88.7,1,0,0,0
1,debt_consolidation,0.1134,176.35,10.192003,9.78,765,704.27,3473,52.2,2,0,0,0
1,debt_consolidation,0.1476,389.77,10.782629,15.17,714,8496.05,10019,46.6,3,0,0,0
1,debt_consolidation,0.1199,252.53,12.370422,15.23,714,7298.6,62270,27.6,0,0,0,0
1,debt_consolidation,0.1487,301.87,11.555586,2.75,668,2968.95,2210,100.5,1,0,0,0
1,all_other,0.1793,881.33,10.480325,17.71,714,6970.65,67938,75.6,4,1,0,1
1,all_other,0.179,611.79,10.584847,14.57,666,6746.44,114653,8.6,2,0,0,0
1,home_improvement,0.1231,220.83,10.826229,8.55,755,5253.09,1716,106.2,1,0,0,0
1,debt_consolidation,0.0993,412.49,11.730286,11.66,814,6250.38,495468,90.0,0,0,0,1
1,home_improvement,0.1821,233.67,10.318995,17.91,728,6485.09,6479,15.3,3,0,1,0
1,all_other,0.1536,271.44,10.282077,10.39,686,6021.4,675,68.6,2,0,0,1
0,credit_card,0.2086,1208.05,11.365145,27.2,614,5437.87,1735,40.5,1,0,0,0
0,credit_card,0.2021,1304.47,9.904506,22.89,646,5274.4,7828,0.0,4,0,1,1
1,small_business,0.1732,1253.43,10.374243,13.41,769,3641.76,5213,19.4,0,0,0,0
1,debt_consolidation,0.1564,464.6,10.878096,11.03,671,7330.89,2849,68.0,4,0,0,1
1,all_other,0.1342,421.72,10.90937,11.33,696,10013.58,1384,64.4,1,0,1,0
1,small_business,0.1376,760.5,10.097582,8.46,735,2260.14,1062,119.0,2,0,0,0
1,credit_card,0.1453,404.4,11.145782,13.46,766,5145.96,141636,51.2,1,0,1,0
1,debt_consolidation,0.1993,149.68,11.267797,17.34,702,3426.17,17782,0.0,2,1,0,0
1,all_other,0.178,1261.83,10.525882,3.29,695,6436.07,50103,17.4,2,0,0,1
1,home_improvement,0.1414,163.1,11.943062,17.04,713,6126.27,2255,32.9,4,0,0,0
1,debt_consolidation,0.1905,934.49,11.13716,19.04,686,5396.74,5370,37.1,2,0,0,0
1,all_other,0.1564,651.24,10.317036,16.55,688,3581.45,1993,36.1,1,0,0,1
1,home_improvement,0.1321,1182.83,11.918676,11.7,726,3877.56,4562,54.9,0,0,0,0
1,all_other,0.1461,689.68,10.610772,16.26,717,3158.4,55697,88.9,2,0,0,1
1,debt_consolidation,0.1078,236.54,11.039113,21.57,791,756.08,5076,56.9,1,0,1,0
1,all_other,0.1342,792.58,10.633063,12.2,727,8132.87,8628,0.0,2,0,0,0
1,all_other,0.1605,298.4,11.310733,12.76,754,6731.64,3486,56.0,1,0,0,0
1,debt_consolidation,0.164,195.09,10.636268,27.31,669,8285.71,35059,0.0,0,0,0,0
1,credit_card,0.1152,100.11,10.673278,14.72,730,4187.96,4125,26.2,1,0,0,0
1,all_other,0.1798,362.55,10.832414,5.65,683,6285.1,77899,95.7,1,0,0,0
1,small_business,0.1451,115.47,10.62381,18.62,725,2940.88,5861,0.0,3,0,0,1
1,home_improvement,0.1258,1001.39,11.583807,15.37,736,3635.96,528051,101.7,2,0,0,0
0,home_improvement,0.169,129.68,10.162746,8.08,712,10183.45,74360,60.1,1,2,0,1
1,all_other,0.1004,270.65,10.90734,4.98,801,4127.1,10059,54.3,2,0,0,0
1,debt_consolidation,0.1225,287.93,10.984574,14.25,764,7428.35,12202,5.5,2,0,0,0
1,credit_card,0.1365,419.49,10.853973,12.19,755,5687.91,98044,46.9,0,0,0,0
1,debt_consolidation,0.1371,202.87,11.520662,4.01,739,1572.75,18423,30.1,3,0,0,0
1,all_other,0.1172,800.74,10.012592,11.99,777,4723.61,28561,19.3,0,0,0,0
0,debt_consolidation,0.1338,415.36,11.27643,11.56,655,6004.49,322091,40.7,1,3,0,0
0,all_other,0.129,363.49,10.170579,12.17,762,6834.33,15218,112.7,6,0,0,0
1,credit_card,0.2053,259.73,10.619646,15.99,672,592.43,379,67.2,1,0,0,0
1,all_other,0.1779,579.31,10.107909,0.44,689,2646.6,14417,38.0,2,0,0,0
1,all_other,0.1389,992.63,10.727424,4.93,731,5836.2,71419,55.3,3,0,0,0
0,debt_consolidation,0.1442,1203.37,10.577291,9.24,757,2707.88,18093,32.0,1,2,0,0
1,debt_consolidation,0.1882,206.97,11.929346,21.75,666,8107.32,1715,64.9,0,1,0,0
1,all_other,0.1476,343.45,11.077234,28.94,691,4904.39,9545,8.8,2,0,1,0
0,small_business,0.1942,106.13,11.198269,12.63,714,6276.36,117510,69.3,0,2,0,0
1,small_business,0.1773,634.05,10.254423,12.91,703,8299.57,1130,0.1,1,0,0,0
1,major_purchase,0.1353,142.8,11.381447,0.0,742,2023.48,697,36.2,3,0,0,0
1,debt_consolidation,0.1351,450.18,11.929318,18.84,827,6216.06,2866,76.6,1,1,0,0
1,debt_consolidation,0.1073,846.67,11.460645,15.7,726,5396.83,68487,97.2,0,0,0,0
1,all_other,0.145,282.18,10.129672,14.55,682,5472.87,413,0.0,1,0,0,0
1,all_other,0.1908,209.02,10.646873,4.0,661,4500.67,13272,10.1,3,0,0,0
1,credit_card,0.1748,987.76,10.996179,26.26,698,5458.17,24198,45.1,1,1,0,0
1,home_improvement,0.205,673.11,10.57793,23.09,674,180.0,10969,65.7,1,1,0,0
1,all_other,0.1027,160.67,12.475124,14.63,728,8170.42,1023,27.1,0,0,0,0
1,all_other,0.1654,427.29,10.635811,19.44,727,1719.5,13483,44.1,2,0,1,0
1,educational,0.1391,205.4,10.903556,12.95,692,9496.31,1912,45.9,2,0,0,0
1,debt_consolidation,0.1305,774.85,10.563861,18.27,785,2686.51,13810,42.9,0,0,0,0
1,home_improvement,0.1672,423.36,11.071327,3.58,682,2578.04,2630,44.5,2,0,0,0
1,credit_card,0.1751,1144.32,11.773234,0.0,705,6072.77,18600,46.5,1,0,0,0
1,debt_consolidation,0.1404,194.86,11.000062,3.84,734,5738.55,10102,93.5,0,0,0,0
1,major_purchase,0.1608,451.31,10.796402,7.04,744,6186.9,1448,40.3,1,0,0,0
1,small_business,0.1323,366.6,10.274915,8.16,759,5964.62,26475,83.1,4,0,0,0
1,credit_card,0.1471,451.32,11.66739,15.69,726,4708.64,8648,45.1,2,1,0,0
1,debt_consolidation,0.1418,252.13,10.842347,10.82,750,4140.97,18193,26.1,1,0,0,0
0,debt_consolidation,0.2007,84.17,10.816115,12.4,685,6515.7,14965,38.8,5,0,0,1
1,credit_card,0.1568,615.8,9.503248,4.43,745,3330.88,54335,0.0,1,0,0,0
1,debt_consolidation,0.1447,390.73,10.852398,3.83,744,5358.2,27461,15.0,1,0,0,0
1,debt_consolidation,0.143,209.8,10.685326,12.88,767,823.4,20883,25.4,3,1,0,0
0,debt_consolidation,0.206,288.45,9.816137,8.86,647,5695.03,521,50.6,2,0,0,0
1,debt_consolidation,0.1787,174.11,11.533663,12.63,676,5306.13,5429,94.4,2,0,0,0
1,credit_card,0.1214,99.13,10.603502,16.36,741,4957.61,160,36.4,1,0,0,0
0,all_other,0.2126,855.67,12.086297,23.91,612,9325.47,990,16.6,0,0,0,1
1,debt_consolidation,0.1468,563.16,11.792809,12.46,729,8797.16,58144,71.3,1,1,0,0
1,all_other,0.1308,143.28,10.490859,25.11,750,7346.09,4293,52.3,0,0,0,0
1,debt_consolidation,0.1501,1213.46,11.765281,15.4,688,7291.18,55987,80.6,3,0,0,1
1,debt_consolidation,0.1747,178.37,11.912431,17.36,694,5324.19,2547,75.2,3,0,0,0
1,all_other,0.1846,656.27,10.588988,19.87,669,5828.5,7180,63.3,3,0,0,1
1,all_other,0.1458,377.91,10.300077,17.57,690,6141.71,11355,57.3,2,0,1,0
1,debt_consolidation,0.1423,154.94,9.615234,7.07,691,6566.29,106377,75.2,2,0,0,0
1,all_other,0.2054,523.08,11.162069,20.07,684,5238.49,44577,73.2,1,0,0,1
1,debt_consolidation,0.1857,350.29,10.336271,10.02,682,6415.2,4056,74.5,2,0,1,1
1,all_other,0.1621,246.94,11.180401,14.68,700,5221.47,4098,73.9,0,0,0,0
1,debt_consolidation,0.173,986.0,10.583611,13.52,699,6114.02,12233,45.0,2,1,0,1
1,credit_card,0.1146,557.9,10.454364,20.49,781,7354.06,413723,23.5,1,1,1,1
1,all_other,0.1592,635.48,10.58749,15.31,695,3419.69,10390,47.8,4,0,0,0
1,debt_consolidation,0.1505,326.36,10.137112,3.04,723,5390.83,2477,35.3,1,0,0,0
1,credit_card,0.1851,509.57,10.587208,27.03,688,5249.76,2679,20.1,2,0,0,0
1,home_improvement,0.1375,365.57,10.480666,18.36,688,2514.43,6918,93.3,0,0,0,0
0,debt_consolidation,0.1647,549.0,10.921365,8.8,645,8537.74,15476,46.7,0,0,0,0
0,all_other,0.1584,194.37,10.993597,4.75,650,2996.11,2187,16.5,1,0,0,0
0,home_improvement,0.1937,76.48,10.276583,19.15,664,8641.53,42569,85.8,5,0,0,1
1,debt_consolidation,0.1507,980.7,11.601491,5.57,717,1704.03,3269,50.3,1,0,0,0
1,small_business,0.1341,366.9,10.832663,18.12,751,1318.59,74555,75.9,1,0,1,0
0,all_other,0.1821,591.77,11.846488,19.98,642,4219.74,14154,36.3,3,0,0,0
1,credit_card,0.1527,235.73,11.07706,8.12,689,6054.49,5490,64.2,0,0,0,0
0,small_business,0.1656,331.39,10.972153,7.5,658,6040.58,104,65.5,0,0,0,0
1,educational,0.1856,1155.12,10.630503,9.36,700,8292.44,5321,50.0,1,0,0,0
1,all_other,0.1345,478.52,11.305052,5.78,751,3135.05,9671,28.8,0,0,0,1
1,credit_card,0.1892,1281.55,10.950476,14.18,693,7375.1,10386,58.6,3,0,0,0
1,debt_consolidation,0.1278,685.76,11.453664,15.17,708,914.0,24726,64.4,4,1,0,0
1,debt_consolidation,0.1412,234.58,11.908844,17.62,765,2642.71,5187,12.1,2,0,0,0
1,small_business,0.1344,505.22,10.48662,6.85,727,4401.9,25254,117.2,1,0,1,1
1,debt_consolidation,0.2179,1332.87,11.304213,18.4,681,2309.19,2260,94.2,2,0,0,1
1,home_improvement,0.1186,423.01,11.286921,5.79,716,6427.78,48433,51.2,3,0,0,0
1,debt_consolidation,0.2058,643.75,11.209448,18.39,679,3432.49,49538,71.7,0,0,0,0
1,debt_consolidation,0.1483,1016.91,10.665749,2.34,726,7567.67,16654,46.5,1,0,0,0
1,debt_consolidation,0.1432,72.72,10.67809,23.42,730,7231.47,33802,28.7,1,1,0,1
0,all_other,0.1911,656.06,10.573832,9.0,658,3372.08,6157,74.6,2,0,0,0
1,debt_consolidation,0.134,951.5,10.561733,16.73,717,4179.53,7512,23.3,0,1,0,0
1,debt_consolidation,0.1734,228.96,10.417524,17.28,706,4836.65,6826,57.8,1,0,0,1
1,educational,0.1636,803.38,10.866257,3.84,731,8445.93,80067,27.9,2,0,0,0
1,home_improvement,0.1417,373.38,10.467731,18.36,742,2703.86,13800,22.7,0,0,0,1
1,credit_card,0.1528,116.45,11.195743,8.8,728,180.0,2946,51.3,2,0,0,1
1,debt_consolidation,0.1999,706.89,10.964742,10.49,698,4001.23,9127,77.2,3,0,0,0
1,debt_consolidation,0.1532,378.35,11.033165,7.98,745,2761.05,4690,54.6,4,0,0,0
1,credit_card,0.1551,362.54,10.763172,23.74,677,1231.01,13355,48.9,3,0,0,0
1,debt_consolidation,0.1934,633.2,10.972028,4.53,660,4967.88,7715,0.0,1,0,0,0
0,all_other,0.1892,206.08,10.779133,15.57,612,2126.62,1151,41.2,3,0,0,0
1,major_purchase,0.1426,644.05,11.405521,8.3,707,5904.58,1806,6.1,1,1,0,0
1,debt_consolidation,0.1801,208.84,10.660143,20.13,679,2053.0,5545,48.7,1,0,0,0
1,small_business,0.144,1084.11,11.15907,28.62,725,12443.16,91397,46.8,0,1,0,0
0,debt_consolidation,0.1906,890.68,10.133114,8.25,635,7708.04,538,45.3,0,0,0,0
1,debt_consolidation,0.1806,1161.27,11.364366,13.57,685,3227.53,19077,46.1,3,0,0,1
1,debt_consolidation,0.186,551.85,10.588851,9.94,728,3131.95,132336,61.6,0,0,0,1
1,major_purchase,0.1862,296.48,10.373514,19.76,671,4584.87,51257,63.4,1,0,0,0
1,all_other,0.1193,219.12,10.235332,10.88,726,6900.22,10505,56.8,1,0,0,0
1,credit_card,0.1391,216.18,10.187068,18.85,689,3940.4,7604,75.1,0,0,0,0
1,debt_consolidation,0.1909,355.76,10.636302,9.86,709,2155.9,30504,0.0,2,0,0,0
1,small_business,0.1479,233.83,11.844163,28.08,733,1432.36,122149,17.9,0,0,0,0
1,all_other,0.1094,449.14,10.537573,0.0,746,5013.11,34509,59.8,3,0,0,0
1,all_other,0.134,210.93,9.582406,15.2,714,3248.5,14723,47.2,3,0,0,0
0,credit_card,0.1857,257.84,11.152934,12.53,679,5767.89,75839,22.0,0,2,0,1
1,credit_card,0.1658,296.95,10.250304,12.28,693,180.0,14548,59.6,0,0,0,0
1,credit_card,0.158,222.73,11.427033,14.57,734,6241.29,12676,68.3,2,0,0,0
1,debt_consolidation,0.1728,308.1,10.673143,13.0,671,4257.69,30208,25.0,3,0,0,0
1,small_business,0.152,572.2,10.762855,14.11,703,674.12,3940,28.3,2,0,0,1
1,debt_consolidation,0.1269,197.63,11.66036,15.42,695,5965.5,1200000,0.0,0,0,0,0
1,educational,0.141,161.19,11.306815,24.67,706,6306.41,14083,44.1,0,0,0,1
1,debt_consolidation,0.1754,346.83,10.16971,0.0,672,3043.2,8138,45.7,1,0,0,0
0,debt_consolidation,0.1637,174.13,10.259452,25.34,640,6675.98,42224,16.3,0,0,0,0
1,debt_consolidation,0.1666,989.25,9.842047,30.0,730,1645.08,63208,31.9,0,1,0,1
1,all_other,0.1192,222.52,12.517965,0.52,747,180.0,3657,45.5,2,0,0,0
0,debt_consolidation,0.1535,394.09,10.403749,12.93,642,4635.33,710,73.7,1,0,0,0
1,home_improvement,0.1496,520.72,11.643586,22.06,724,2842.74,6442,35.9,1,0,0,0
1,credit_card,0.1527,157.33,10.605313,18.94,751,1945.18,17249,20.8,4,1,0,0
1,debt_consolidation,0.1754,217.52,10.271288,24.17,733,6486.6,3339,90.0,2,0,0,0
1,all_other,0.1309,237.42,10.943152,15.17,694,5596.94,10503,67.1,4,0,0,1
1,home_improvement,0.2006,703.55,10.730735,0.0,674,9160.54,8910,9.3,0,0,0,0
1,small_business,0.1733,1253.6,11.419144,21.6,713,6102.49,798,67.7,1,0,0,1
1,debt_consolidation,0.1394,1195.2,11.426774,16.98,719,6441.9,31506,31.8,2,1,0,0
1,major_purchase,0.1677,947.83,10.570014,22.72,714,2876.87,46038,76.7,1,0,0,0
1,debt_consolidation,0.1862,167.43,10.051628,2.02,703,180.0,14986,34.9,1,0,0,0
1,credit_card,0.1408,202.64,10.19973,4.21,669,10004.8,20349,0.0,2,1,0,0
1,home_improvement,0.1401,987.51,9.537701,12.71,726,6291.84,3846,30.5,2,0,0,0
1,all_other,0.1369,1082.79,10.76258,21.8,728,9069.61,9035,21.5,2,0,0,0
1,debt_consolidation,0.1648,675.73,10.922802,23.72,718,2105.82,32095,27.7,1,0,0,0
1,credit_card,0.1833,698.28,10.232875,7.59,714,7576.25,1228,0.0,2,0,0,0
1,debt_consolidation,0.1286,272.39,10.159173,9.8,774,5782.16,2132,43.6,0,1,0,0
1,debt_consolidation,0.1609,1232.05,10.920189,30.0,686,7715.79,1117,0.0,1,0,0,1
1,debt_consolidation,0.1428,224.99,10.544508,8.79,759,6511.04,161879,43.3,1,0,0,0
1,credit_card,0.1638,125.21,10.800113,17.26,682,4487.63,7020,0.0,2,0,0,0
1,debt_consolidation,0.0936,612.7,10.705993,9.48,752,5762.17,108983,15.2,1,0,0,0
1,all_other,0.1451,250.41,11.081725,15.88,757,4177.28,9715,62.9,0,0,0,0
1,educational,0.1806,159.46,10.58518,6.62,699,7152.84,192930,67.3,1,0,0,0
1,credit_card,0.149,700.07,10.631866,6.82,773,3070.31,78573,23.9,0,0,0,0
1,all_other,0.1247,101.72,9.782103,10.04,728,3303.77,3658,62.8,2,1,0,0
1,all_other,0.1829,545.68,10.899297,8.84,677,4658.1,13115,0.0,1,1,0,0
1,debt_consolidation,0.1929,294.47,10.984102,10.5,696,6597.73,2195,75.3,2,0,0,1
1,all_other,0.1872,1225.26,10.821603,16.23,753,5193.17,31546,81.1,2,0,0,0
1,debt_consolidation,0.1497,522.0,12.096219,25.64,745,4241.99,61352,40.9,1,0,0,0
1,debt_consolidation,0.1936,854.46,11.029295,8.53,670,7700.73,221321,34.2,2,0,0,0
1,debt_consolidation,0.1383,174.57,10.834549,5.78,705,6531.36,99155,0.0,1,1,0,0
1,all_other,0.1298,112.55,11.234478,12.67,718,3911.63,21859,45.2,2,0,0,0
1,debt_consolidation,0.1842,308.65,12.218847,6.73,691,2454.01,19264,66.1,1,0,0,0
1,debt_consolidation,0.0747,521.87,11.084161,1.32,800,4620.88,7374,57.5,1,1,0,0
1,small_business,0.17,409.92,9.573675,19.94,719,3501.15,202377,51.3,2,0,0,1
1,debt_consolidation,0.1854,891.59,11.193556,13.16,708,3129.57,2745,5.4,0,0,0,0
1,credit_card,0.1499,555.76,10.393666,13.83,755,6933.95,2078,50.8,1,0,1,0
1,all_other,0.1763,188.72,9.75729,0.0,696,7878.21,1890,22.0,2,1,0,0
0,all_other,0.1378,515.91,11.965512,8.57,748,4911.61,61048,88.2,5,0,0,0
0,debt_consolidation,0.1761,443.6,11.833682,2.83,647,5045.72,51059,64.5,1,0,0,0
1,debt_consolidation,0.2066,998.43,10.377842,12.46,693,3210.38,22286,54.7,0,0,0,0
1,home_improvement,0.1626,201.84,10.381835,13.53,750,2401.77,18049,48.2,0,0,0,0
1,all_other,0.1458,236.93,11.027702,13.52,770,7049.38,1648,19.5,0,0,0,0
1,debt_consolidation,0.1695,514.51,10.390041,8.0,681,1883.71,16886,23.3,0,0,0,1
1,debt_consolidation,0.1595,1033.82,10.847605,6.71,676,3511.43,78672,102.5,3,1,0,1
1,all_other,0.1676,338.05,10.494959,11.27,732,3431.32,1937,21.0,1,0,0,0
1,debt_consolidation,0.1606,584.34,10.685755,15.06,686,6120.13,1552,47.5,2,0,0,0
1,all_other,0.162,395.26,10.073343,8.6,700,4566.48,18004,49.9,2,0,0,0
1,all_other,0.1534,369.84,11.434408,6.13,743,3635.99,37270,47.0,1,0,0,0
1,all_other,0.1695,872.79,11.664311,6.43,689,8458.13,40344,52.2,4,0,0,0
0,home_improvement,0.22,451.12,10.868876,8.06,635,9135.54,75869,101.2,1,0,0,1
1,all_other,0.1516,278.79,10.907892,9.48,661,6033.99,14140,51.1,1,0,0,0
1,small_business,0.1722,275.33,11.313786,5.02,710,5419.2,772,61.4,2,0,0,1
0,all_other,0.22,336.93,10.93116,9.53,639,3801.55,24980,38.2,2,0,0,1
1,all_other,0.1788,243.2,11.985034,21.13,699,5013.99,73250,41.3,2,0,0,0
0,credit_card,0.1758,332.82,10.127019,10.57,657,2047.71,4045,60.6,1,0,0,1
1,all_other,0.144,391.77,11.455175,4.05,772,7531.84,8783,87.7,1,0,0,0
1,debt_consolidation,0.118,442.78,10.860337,0.0,792,4730.87,336,84.4,3,0,0,0
1,educational,0.2032,204.86,10.24606,25.27,670,3341.1,6989,0.0,3,0,0,0
1,major_purchase,0.1678,289.63,12.300724,20.46,720,4231.17,140985,0.0,3,0,0,0
1,debt_consolidation,0.1548,294.3,12.384972,14.56,674,6825.76,5372,107.2,2,0,0,0
1,all_other,0.1661,227.3,10.803199,20.62,698,4418.77,2019,31.5,0,0,0,0
1,credit_card,0.1332,246.79,11.201282,16.24,779,3091.6,251738,35.9,0,0,0,0
1,major_purchase,0.1734,736.07,10.642576,12.08,692,180.0,29260,30.1,1,1,0,1
1,all_other,0.1672,1009.24,10.74072,4.04,699,4865.17,23428,9.1,0,0,0,0
1,debt_consolidation,0.1834,319.13,10.239175,25.77,674,5998.94,14036,24.6,1,0,0,0
1,credit_card,0.1445,228.72,10.14904,9.58,754,3834.01,3719,31.3,0,0,0,1
0,debt_consolidation,0.1856,376.48,12.054931,9.96,612,3074.89,7176,32.5,1,0,0,1
1,credit_card,0.1544,404.72,10.906352,12.86,693,2246.69,156090,18.6,2,1,0,0
1,all_other,0.1517,616.98,10.960857,12.98,708,4119.68,3646,73.6,0,0,0,0
1,all_other,0.1691,295.11,10.435584,16.57,685,2274.43,97202,44.3,0,0,0,0
1,debt_consolidation,0.136,254.35,11.045882,15.77,743,2258.14,19121,51.3,0,0,0,0
1,all_other,0.1573,1225.84,10.012686,8.62,756,3862.39,19285,49.6,1,0,0,0
0,all_other,0.161,155.71,10.458019,12.78,656,9769.3,756,31.8,1,0,0,0
0,debt_consolidation,0.0852,649.01,10.198137,16.35,790,10897.82,21595,26.5,5,0,0,0
0,debt_consolidation,0.2195,1184.35,11.718659,8.03,656,8004.11,9865,4.0,2,0,0,1
1,debt_consolidation,0.1175,303.07,9.922342,22.58,759,6670.75,828,68.0,3,0,0,0
1,small_business,0.1902,545.69,10.210679,12.46,716,215.55,11693,42.7,2,1,0,0
1,all_other,0.1766,121.69,9.680971,23.63,691,11750.55,5536,82.6,2,0,0,1
1,credit_card,0.1475,384.47,10.387092,2.99,694,6040.12,16712,57.9,0,0,0,0
1,all_other,0.1537,858.22,10.649692,17.12,709,2311.42,2790,92.8,0,0,0,0
1,home_improvement,0.1467,410.62,11.526446,6.46,718,11775.82,2156,35.9,1,1,0,0
1,all_other,0.1788,405.48,10.794581,8.22,675,4813.82,12733,18.8,1,0,0,0
1,debt_consolidation,0.1446,1204.05,10.679542,18.84,701,7145.64,5811,100.9,0,0,0,0
1,debt_consolidation,0.1654,687.46,11.112944,11.02,681,4273.74,6374,80.4,3,0,0,1
1,debt_consolidation,0.1759,645.53,10.659829,30.0,664,6479.05,1552,0.0,1,0,0,0
1,home_improvement,0.1919,227.93,12.400044,16.17,679,6775.71,9979,60.3,0,0,0,0
1,credit_card,0.1675,70.19,10.569488,7.8,666,7210.2,30505,67.5,2,0,0,0
1,credit_card,0.1436,487.88,11.182364,16.19,694,8268.56,16971,40.5,1,1,0,0
1,credit_card,0.1378,374.12,11.434138,10.96,726,5448.15,6065,9.7,4,0,0,0
1,home_improvement,0.161,656.71,10.551974,18.34,715,5584.59,791,41.6,0,0,0,0
1,educational,0.0867,377.72,11.030877,10.56,785,4940.3,2799,52.6,1,0,0,1
0,credit_card,0.2176,429.51,10.624484,15.41,626,2449.84,3325,26.6,2,0,0,1
1,debt_consolidation,0.1482,386.41,11.097153,13.97,728,2798.29,41869,67.9,3,0,0,0
1,debt_consolidation,0.1646,177.99,10.991564,13.14,710,4289.58,39502,0.4,3,0,0,0
1,all_other,0.1463,103.67,10.844427,19.79,741,8215.58,18000,52.1,2,1,0,0
0,credit_card,0.1304,198.38,10.225106,0.16,737,6236.88,6281,103.3,0,2,0,1
1,all_other,0.137,172.04,12.066854,13.27,704,4827.05,88026,64.3,2,1,0,0
1,debt_consolidation,0.1387,361.37,11.287704,7.76,717,4400.78,29923,88.9,2,1,0,0
1,credit_card,0.1384,118.92,9.960931,3.29,682,2142.54,395,43.1,4,0,0,0
1,all_other,0.1525,272.7,10.673575,6.82,733,2812.94,137480,53.0,0,0,0,0
0,debt_consolidation,0.1846,1273.43,9.972668,8.32,639,5447.06,8434,34.4,2,0,0,0
1,home_improvement,0.1117,340.72,11.39487,10.98,740,5080.7,49257,35.4,3,0,0,0
1,all_other,0.144,388.83,10.916713,14.93,709,7005.7,23223,61.7,4,0,0,0
1,debt_consolidation,0.1775,398.36,10.932487,16.34,691,4518.8,1388,19.8,2,0,0,0
1,debt_consolidation,0.1858,462.38,10.416156,9.78,701,6478.6,5178,71.2,2,0,0,0
1,all_other,0.1329,256.0,10.737506,23.53,704,1231.81,502,61.1,2,0,0,0
1,all_other,0.1771,350.85,11.410182,10.04,759,2686.35,3170,11.8,2,1,0,0
1,debt_consolidation,0.0841,235.96,11.574058,0.0,827,5718.97,13725,75.1,1,0,0,0
1,all_other,0.1011,124.32,11.446317,10.22,756,5100.85,12203,108.1,0,1,0,0
1,credit_card,0.2005,924.59,9.983178,12.93,689,6904.23,3745,72.8,4,0,0,0
1,debt_consolidation,0.1243,197.13,10.816469,0.0,734,7999.08,7297,0.0,1,0,0,0
1,all_other,0.1747,1203.56,11.084521,20.93,736,8113.29,13046,115.9,0,0,0,0
1,all_other,0.1584,224.64,10.481787,11.92,675,9024.97,32026,0.0,3,1,0,0
1,debt_consolidation,0.1716,151.0,9.918,4.65,662,9612.15,4015,0.0,1,0,1,1
1,debt_consolidation,0.1307,1180.47,10.145155,5.98,708,4169.43,8597,0.0,2,0,0,0
1,debt_consolidation,0.1675,137.94,11.844863,17.86,741,10809.0,1471,39.0,0,0,0,0
0,all_other,0.2062,84.0,10.203209,18.7,649,12283.33,1557,0.0,1,0,0,0
1,home_improvement,0.1548,138.7,10.959012,8.12,683,1803.98,66714,0.0,3,0,0,0
1,all_other,0.1445,341.62,10.834636,3.25,732,3588.16,126320,26.7,3,0,0,0
1,educational,0.1682,152.49,10.836193,13.5,712,5960.47,15195,25.7,1,0,1,0
1,debt_consolidation,0.1222,245.81,10.734885,14.77,764,5640.13,6500,38.0,0,0,0,0
0,credit_card,0.2075,98.93,11.411374,16.5,656,843.67,5149,60.4,2,0,0,1
1,all_other,0.1137,770.76,10.951724,8.71,799,2685.86,77116,89.2,1,0,0,0
0,credit_card,0.1716,524.38,10.548351,11.76,652,5601.91,22,45.7,2,0,0,0
0,small_business,0.1739,161.65,10.96132,12.74,633,4515.81,415905,59.5,2,1,0,1
1,all_other,0.1309,72.97,10.150698,19.27,708,6612.39,12448,38.0,0,0,0,0
1,all_other,0.187,212.1,11.220326,21.77,667,9949.38,187,80.3,2,0,0,1
1,major_purchase,0.1611,607.13,10.51461,23.64,709,1948.6,560674,90.6,2,0,0,0
1,major_purchase,0.1736,832.8,10.549744,21.59,707,10845.48,234,29.4,2,0,0,0
1,educational,0.1478,320.52,11.242959,25.11,703,9762.94,296,7.6,1,0,0,0
1,debt_consolidation,0.1375,262.24,10.681537,19.59,678,745.39,2607,29.5,1,0,0,0
1,debt_consolidation,0.1388,248.91,10.71588,8.53,726,2075.52,8499,33.0,1,0,0,0
1,all_other,0.2021,504.46,11.642254,23.18,698,4050.38,74776,40.1,0,0,0,0
1,credit_card,0.1177,671.14,10.336355,3.1,752,2676.45,6300,46.7,1,0,0,0
1,debt_consolidation,0.1583,347.05,11.234015,28.91,703,6514.97,3014,40.2,1,1,0,0
1,debt_consolidation,0.1243,281.38,11.50921,5.87,673,6647.46,6681,9.8,1,0,0,0
0,all_other,0.1743,677.62,11.641807,18.72,646,5413.81,6623,39.3,2,1,0,0
1,debt_consolidation,0.1508,1080.49,12.257677,22.57,703,5995.01,109369,54.7,2,0,1,0
1,credit_card,0.1841,325.39,10.538294,15.77,662,4725.33,59174,90.4,2,0,0,0
0,debt_consolidation,0.1725,415.3,10.400559,0.0,659,6051.61,4162,29.8,1,0,0,0
1,home_improvement,0.1165,213.62,11.428501,6.06,730,9842.05,6303,45.7,3,0,0,0
0,debt_consolidation,0.1732,414.36,11.503547,15.06,642,180.0,558,42.6,2,1,1,0
1,all_other,0.1275,191.98,10.447652,16.99,764,5104.77,30059,31.3,2,0,0,0
1,all_other,0.1333,1001.83,11.225731,11.37,716,6221.91,10071,32.0,2,0,0,0
1,debt_consolidation,0.1398,694.94,12.591766,13.11,708,4813.12,20342,0.0,2,0,0,0
1,all_other,0.1936,1289.34,10.993845,2.46,671,5842.14,30062,59.2,0,0,0,1
1,home_improvement,0.1304,249.17,11.493334,24.84,739,8056.89,131908,65.6,2,0,0,0
1,all_other,0.1647,1238.63,11.89181,9.99,710,3769.43,5864,34.2,1,0,0,1
1,debt_consolidation,0.1641,458.98,12.457285,18.04,684,10582.41,11926,60.7,1,0,0,0
1,credit_card,0.1277,334.49,11.079877,22.28,718,1347.91,134087,0.0,1,0,0,0
0,debt_consolidation,0.178,951.35,11.69435,4.63,646,6611.31,8285,89.1,1,0,0,0
0,all_other,0.1896,196.16,10.449019,13.48,648,5026.12,9467,23.9,5,2,0,0
1,all_other,0.21,421.87,10.945177,14.52,667,5709.75,746576,38.6,1,1,0,0
1,all_other,0.1346,332.51,10.657664,10.82,723,6963.5,10177,73.0,1,0,0,1
1,debt_consolidation,0.1542,510.91,9.779942,19.0,710,3514.62,175688,4.2,1,0,0,1
1,debt_consolidation,0.1561,280.34,9.952149,8.0,750,7815.82,4474,32.3,2,0,0,0
1,debt_consolidation,0.1969,277.48,11.19232,12.98,675,9997.6,5289,25.2,1,0,0,0
1,all_other,0.133,283.54,11.20431,10.04,732,4335.08,442,62.0,2,0,0,0
1,all_other,0.1546,311.42,10.294607,28.65,706,3765.67,29105,18.9,3,0,0,1
1,credit_card,0.1944,426.21,11.880005,8.03,674,8223.39,34457,68.2,2,0,0,0
1,debt_consolidation,0.1594,946.56,10.252911,17.74,725,7516.01,12620,53.6,0,0,0,1
1,debt_consolidation,0.1779,87.14,11.086934,25.0,707,1145.92,22782,1.0,3,0,0,0
1,credit_card,0.1901,685.7,10.676704,6.26,686,6441.55,44360,70.7,2,0,0,0
1,all_other,0.1661,278.68,10.995238,13.26,712,6998.51,1021,100.4,1,0,0,0
1,home_improvement,0.161,339.76,11.478105,5.79,705,4923.06,12236,20.0,3,0,0,0
1,debt_consolidation,0.1452,176.0,11.391979,0.0,704,8811.37,155452,31.4,2,0,0,0
1,debt_consolidation,0.1582,396.17,11.361784,7.18,694,1049.67,6957,8.7,0,0,0,0
1,debt_consolidation,0.1748,298.51,11.283895,8.66,660,180.0,1210,44.7,3,0,0,1
1,all_other,0.1785,337.12,10.153626,9.07,713,7722.26,61745,78.0,2,0,0,1
1,all_other,0.1734,589.34,11.622063,10.53,679,3027.57,13870,26.7,1,0,0,0
1,debt_consolidation,0.1772,614.53,10.283224,12.64,671,4973.36,10472,19.6,2,0,0,0
1,debt_consolidation,0.1401,1010.24,10.865319,4.34,701,2227.51,5703,83.3,1,0,0,0
1,credit_card,0.1674,256.68,10.715691,15.03,738,7190.77,47693,24.3,1,0,0,0
1,debt_consolidation,0.1374,600.5,11.143575,20.97,717,5911.99,4537,25.7,2,0,0,0
1,credit_card,0.1592,598.48,10.634324,21.78,690,4728.45,110591,39.5,1,0,0,0
1,debt_consolidation,0.192,427.53,10.833309,10.8,688,1973.35,12527,0.0,2,0,0,0
1,debt_consolidation,0.1628,1235.34,11.91751,18.77,734,4659.4,55335,22.0,0,0,0,0
0,debt_consolidation,0.1799,252.92,10.139895,7.9,619,5894.24,45885,100.5,1,0,0,1
1,educational,0.1208,404.25,10.928495,10.23,740,3730.51,1653,67.2,3,0,0,1
0,debt_consolidation,0.1838,492.12,10.250382,15.35,639,3815.92,23491,64.2,1,0,0,0
0,debt_consolidation,0.1687,168.3,11.341353,10.29,656,5085.95,7120,64.7,3,0,0,0
1,home_improvement,0.1356,900.56,10.486695,3.88,690,6744.47,31273,64.7,3,0,0,0
1,debt_consolidation,0.1039,329.42,10.953507,18.35,792,6119.86,9930,34.7,2,0,0,0
1,debt_consolidation,0.0721,460.11,10.121954,6.88,774,8000.19,538,44.6,1,0,0,0
1,debt_consolidation,0.1618,1164.92,11.717839,9.01,737,4835.71,38747,57.3,1,0,0,0
1,credit_card,0.1664,451.04,10.974402,19.9,724,7592.28,308,32.9,0,0,0,0
0,all_other,0.216,427.37,11.014037,16.31,639,2145.3,13719,85.0,0,0,0,0
1,home_improvement,0.1603,403.02,11.435728,13.82,716,6055.6,226829,0.0,1,0,0,0
1,credit_card,0.1564,189.34,10.166641,2.46,689,5922.55,102926,37.7,3,0,0,0
1,all_other,0.1903,307.3,10.554836,4.57,679,10953.94,20821,79.1,1,0,0,0
1,debt_consolidation,0.1392,335.85,11.033733,15.34,716,3384.62,4827,75.8,4,0,0,1
1,home_improvement,0.1375,399.01,9.855187,16.95,692,2057.43,9893,32.4,0,0,0,0
1,small_business,0.1531,999.65,9.920678,14.35,743,3134.32,58818,56.0,2,0,0,0
0,home_improvement,0.1974,776.19,10.42903,9.33,636,3479.7,3094,55.8,2,1,0,0
1,debt_consolidation,0.1383,247.17,10.233991,9.1,713,6084.77,21351,110.0,3,0,0,0
1,credit_card,0.1498,372.88,10.720243,14.09,677,1908.63,2804,23.8,2,1,0,1
1,credit_card,0.1548,1017.7,11.248684,3.96,694,5923.61,6971,53.0,0,0,0,0
1,major_purchase,0.1587,114.83,11.387427,13.23,722,5145.6,5141,34.9,2,0,0,0
1,debt_consolidation,0.1719,333.45,12.03374,3.02,668,7346.13,21223,91.2,4,0,0,0
1,home_improvement,0.2059,164.24,10.916199,5.34,716,6608.13,26309,43.0,1,0,0,1
1,credit_card,0.1568,1224.97,11.024159,13.83,702,7130.62,343040,29.0,1,0,0,0
1,small_business,0.1972,695.3,10.914823,16.62,685,6287.88,8567,68.4,0,0,0,0
1,credit_card,0.135,262.26,11.125364,14.96,692,7979.5,18331,23.9,2,1,0,0
1,small_business,0.1853,388.5,11.173004,4.91,704,1333.54,71700,52.4,0,0,0,0
1,debt_consolidation,0.1597,216.25,11.492492,0.0,681,1421.02,10508,66.4,1,0,0,0
1,debt_consolidation,0.1557,1223.08,11.490107,12.54,710,5008.55,12782,0.0,3,1,0,0
1,debt_consolidation,0.1946,81.04,11.246812,0.0,699,5270.79,28994,23.4,1,0,0,0
1,home_improvement,0.1588,482.8,11.851205,19.12,687,2499.93,3706,102.4,1,0,0,0
1,debt_consolidation,0.1027,337.11,10.946322,5.14,770,6460.53,15085,53.4,1,0,0,0
1,all_other,0.1257,178.27,10.556944,28.02,726,1799.09,2987,14.0,1,1,0,0
1,educational,0.1661,325.29,10.656693,5.96,695,4389.92,6569,51.2,1,0,0,0
1,small_business,0.1706,125.51,10.865441,15.79,716,5015.07,339326,0.0,1,0,0,0
1,credit_card,0.175,1178.4,10.268983,7.52,671,6490.2,8681,51.8,1,0,0,0
1,home_improvement,0.1378,379.41,10.555846,11.44,693,3799.86,15596,58.4,1,0,0,0
0,debt_consolidation,0.2018,773.23,10.234699,13.87,698,8098.94,159,44.4,2,3,0,0
1,all_other,0.2063,292.07,11.139816,18.54,663,9260.48,22137,25.4,1,0,0,0
1,all_other,0.1518,974.32,11.145831,19.63,725,8904.97,258219,98.8,2,0,0,0
1,home_improvement,0.134,379.79,9.850962,17.62,691,9579.58,2814,37.4,0,1,0,0
1,debt_consolidation,0.1939,854.27,10.53101,19.76,696,7725.27,61968,0.0,0,0,0,0
1,debt_consolidation,0.1885,595.23,12.043365,8.35,688,6597.96,4057,42.2,0,1,0,0
1,credit_card,0.1076,348.55,11.314166,17.08,822,3186.97,774,80.9,2,0,0,0
1,all_other,0.1911,808.45,11.207145,10.25,685,3649.7,5432,93.9,2,0,0,1
0,home_improvement,0.1816,1268.14,10.524806,19.4,631,7431.97,3666,0.0,1,0,0,1
0,all_other,0.1641,175.21,11.105242,13.4,649,607.7,13154,22.8,3,0,0,0
1,home_improvement,0.146,346.44,10.921149,16.88,739,8368.92,6739,36.1,2,0,0,0
1,all_other,0.1019,143.09,10.443985,14.61,761,3544.48,2213,51.8,0,0,0,0
1,home_improvement,0.1454,503.6,10.628788,17.85,684,3724.75,25651,7.5,2,0,0,0
1,credit_card,0.1447,440.77,10.642535,7.03,759,6999.7,71516,63.1,3,0,0,0
1,debt_consolidation,0.1481,1210.03,10.021909,1.75,738,5761.07,30918,73.9,0,0,0,0
1,debt_consolidation,0.1314,308.56,10.122624,19.42,703,4011.18,14544,21.4,1,0,0,0
1,small_business,0.1672,756.31,10.808324,21.88,700,2783.35,9663,45.6,0,0,0,0
1,debt_consolidation,0.126,85.46,10.412721,11.8,717,1306.77,27912,70.6,2,0,0,0
1,credit_card,0.1313,410.62,10.74644,18.2,743,180.0,4534,98.3,2,0,0,0
1,debt_consolidation,0.1372,202.55,9.950552,1.36,725,8717.9,42035,77.6,0,0,0,0
1,credit_card,0.1874,604.76,11.418809,8.31,684,4518.59,1408,31.9,1,0,0,0
1,debt_consolidation,0.1559,855.97,12.199092,13.17,703,2838.09,671,60.1,1,0,0,0
1,all_other,0.1173,237.79,11.556711,0.63,785,6938.8,29196,40.2,1,0,0,0
1,all_other,0.1436,548.58,11.619626,2.05,720,3111.81,1964,25.3,1,0,0,0
1,debt_consolidation,0.1066,277.56,11.311935,13.69,743,3160.7,3265,61.4,2,0,0,1
1,all_other,0.1445,388.9,11.092007,8.42,731,8034.2,2078,61.1,1,0,0,0
1,small_business,0.1761,524.53,10.982779,10.21,720,6913.82,28407,46.8,2,0,0,1
1,credit_card,0.1587,190.08,10.372139,9.8,714,5517.89,3054,76.1,4,0,0,0
1,educational,0.1545,189.61,11.350934,3.74,744,3674.44,101129,38.8,2,0,0,0
1,home_improvement,0.1586,704.29,11.314732,11.1,737,5643.97,37383,44.3,1,0,0,0
1,all_other,0.1954,251.41,10.647564,12.51,720,6511.22,16697,52.7,0,0,0,0
1,all_other,0.145,922.14,11.250862,8.58,684,5705.14,141352,56.3,3,0,0,0
1,major_purchase,0.1538,110.03,10.506693,9.14,725,8096.0,2453,20.2,0,0,0,1
1,all_other,0.1642,744.49,10.545544,11.19,707,2556.7,13469,101.7,0,0,0,0
1,debt_consolidation,0.1549,384.01,11.402814,18.26,698,4414.76,281,66.5,1,0,0,0
1,home_improvement,0.0974,329.31,11.192622,11.95,812,6452.33,4701,47.0,1,1,0,0
0,major_purchase,0.192,445.74,10.788514,0.0,652,3628.32,1330,47.7,0,0,0,0
1,all_other,0.1478,137.38,10.717924,4.36,746,7442.09,46907,44.8,3,0,0,0
1,debt_consolidation,0.1497,831.32,11.036611,19.03,677,8416.9,82202,89.4,0,0,0,0
1,all_other,0.1177,267.93,9.810406,7.87,715,5208.32,7085,74.8,0,0,0,1
1,credit_card,0.102,197.4,10.467761,11.99,808,6017.04,423753,65.4,0,0,0,0
1,debt_consolidation,0.1591,1228.94,10.158283,25.88,673,4538.15,2831,118.9,1,0,0,0
1,credit_card,0.1806,310.01,10.93723,16.96,682,4328.35,1636,64.2,1,0,0,0
1,all_other,0.1379,203.63,11.594057,0.0,709,8268.33,4606,20.9,3,0,0,0
1,debt_consolidation,0.1667,685.74,11.221067,22.57,678,2969.58,20158,68.5,1,1,0,0
1,all_other,0.1065,428.45,10.617986,13.63,744,7126.87,49717,62.5,1,0,0,0
1,debt_consolidation,0.1339,751.5,10.498976,15.15,690,3827.8,38908,87.2,1,0,0,1
1,home_improvement,0.1293,390.31,10.470141,14.7,735,2946.18,6358,68.6,3,1,1,0
0,debt_consolidation,0.1738,765.07,12.149766,18.9,659,7579.98,65977,51.0,3,0,0,0
0,home_improvement,0.1706,1248.89,10.971518,12.05,641,6801.01,4767,75.0,1,0,0,1
1,debt_consolidation,0.1628,227.12,11.051848,2.38,701,3426.71,1149085,0.0,0,0,0,0
0,major_purchase,0.1489,274.57,9.642211,14.83,650,4639.28,61005,60.9,2,0,0,0
1,credit_card,0.1255,119.26,10.209627,3.07,768,4748.71,435,63.6,0,0,0,0
0,debt_consolidation,0.1779,514.43,10.903052,25.13,652,5647.74,5017,8.3,3,0,0,1
1,educational,0.1445,410.67,10.626121,10.1,671,3836.43,3263,50.6,0,0,0,0
1,all_other,0.1533,922.02,11.011165,12.24,726,9401.39,324791,27.8,4,0,0,0
1,all_other,0.1224,357.33,11.003126,7.94,688,2288.31,2461,34.3,4,0,0,0
0,small_business,0.1833,374.51,11.296276,14.94,652,1269.98,298,73.8,1,0,0,1
1,major_purchase,0.1365,426.6,9.789811,15.74,788,4767.32,55713,17.0,0,0,0,0
1,credit_card,0.1285,312.16,10.255811,7.92,672,180.0,110,40.4,1,0,0,0
1,educational,0.1725,506.33,10.869236,15.73,703,3118.06,6259,20.1,0,0,0,0
1,debt_consolidation,0.1362,435.69,10.535084,13.07,702,3477.77,40242,53.5,2,0,0,0
1,debt_consolidation,0.1319,538.91,10.740731,11.94,737,5097.91,5979,56.7,1,0,0,1
1,debt_consolidation,0.1759,335.22,10.996507,7.41,728,4566.63,108657,9.6,2,0,0,0
1,debt_consolidation,0.1573,563.03,10.475591,28.57,679,5650.02,20927,37.1,1,0,0,0
1,all_other,0.1936,620.65,11.047285,20.76,698,3109.84,2591,41.5,1,1,0,0
1,debt_consolidation,0.1538,303.35,11.261831,17.63,701,4113.93,15819,50.4,3,0,0,0
1,all_other,0.1416,353.87,10.969698,20.37,738,6506.85,182313,74.5,2,0,0,0
1,debt_consolidation,0.1925,355.71,11.369644,14.67,666,180.0,16551,19.2,4,0,0,0
1,debt_consolidation,0.1321,156.59,9.604506,10.19,787,6111.81,25991,35.2,1,0,0,0
1,credit_card,0.172,278.33,10.572519,0.0,681,180.0,23553,85.0,1,0,0,0
1,debt_consolidation,0.1466,642.66,11.474322,4.19,710,5086.5,3526,69.7,0,0,0,0
1,credit_card,0.1447,680.48,10.402745,27.54,666,6359.8,784,19.1,2,0,0,0
1,credit_card,0.1479,479.14,10.319964,20.61,661,5829.3,20776,43.7,2,0,0,1
1,all_other,0.197,199.18,10.852976,14.0,677,3509.41,114599,59.0,1,0,0,0
1,small_business,0.22,828.78,10.919435,1.71,673,5702.3,29103,72.7,1,0,0,0
1,major_purchase,0.1657,1240.37,10.603835,16.98,694,2704.21,1304,56.3,0,0,0,1
1,debt_consolidation,0.1371,564.0,12.05458,10.68,673,8515.06,22109,58.9,0,0,1,0
1,credit_card,0.1288,367.2,11.104759,17.42,736,7138.2,50807,59.6,1,0,0,0
1,debt_consolidation,0.153,207.99,10.379241,4.93,680,2687.45,75830,48.3,1,0,0,0
1,debt_consolidation,0.1601,380.86,10.0519,9.22,676,8502.17,30313,1.1,1,0,0,1
1,all_other,0.145,266.27,11.177402,18.71,695,5546.53,17004,32.4,1,0,0,0
1,credit_card,0.1492,329.47,10.364787,25.9,748,2235.85,4065,82.9,1,0,0,1
1,home_improvement,0.1572,944.42,12.243098,8.06,718,7978.95,8400,72.0,2,0,0,0
1,credit_card,0.1893,743.26,11.191045,5.7,706,9168.91,55759,46.6,1,0,0,0
0,credit_card,0.1724,307.77,11.271583,19.66,656,4420.63,2921,39.9,1,0,0,1
1,all_other,0.1793,420.11,11.081699,3.91,667,5974.96,2750,25.5,0,0,0,0
1,debt_consolidation,0.1928,401.13,11.614157,4.4,661,5027.2,35470,21.9,1,0,0,1
1,debt_consolidation,0.1538,281.47,9.468837,14.43,760,6508.42,20661,74.5,1,0,0,0
1,all_other,0.1222,142.3,10.196005,26.99,730,7047.06,117318,37.8,1,0,0,0
1,credit_card,0.1788,704.82,11.560824,6.74,677,7525.15,48329,55.6,1,0,0,0
1,debt_consolidation,0.1683,889.83,11.845354,10.05,689,440.3,4657,116.8,2,0,1,0
1,all_other,0.1759,257.01,10.176478,13.37,679,3764.45,134182,49.9,0,0,0,0
1,debt_consolidation,0.1724,247.7,9.820635,9.34,676,7473.33,18392,25.2,4,0,0,0
1,all_other,0.1825,749.12,11.032188,0.41,727,3314.56,34949,72.4,1,0,0,0
1,debt_consolidation,0.143,235.55,11.226102,18.13,699,5927.98,6443,78.2,1,0,0,0
1,debt_consolidation,0.1013,133.96,11.019903,13.89,789,2768.98,25740,0.0,1,0,0,0
1,debt_consolidation,0.1179,265.44,10.893626,15.13,758,6754.74,4937,83.2,0,0,0,0
1,debt_consolidation,0.1276,948.92,9.800368,11.62,760,5153.7,380,20.8,0,0,1,0
1,all_other,0.1501,262.89,10.701244,23.04,736,6569.98,208761,93.8,2,0,0,0
1,major_purchase,0.154,242.21,10.7922,9.12,694,6047.42,2856,84.0,4,0,0,0
1,debt_consolidation,0.1657,278.77,10.595573,5.17,733,1546.91,4674,50.8,2,0,1,0
1,all_other,0.1617,172.24,9.75957,24.08,697,10297.31,4218,22.5,1,0,0,0
1,all_other,0.1261,145.72,11.286689,0.0,772,1790.36,210642,78.9,0,0,0,0
1,all_other,0.1225,303.44,11.458115,11.54,725,11273.46,24990,59.2,0,1,0,1
1,debt_consolidation,0.1878,149.73,10.445267,12.08,720,180.0,31799,24.6,0,0,0,0
1,debt_consolidation,0.1527,287.98,10.816557,11.81,715,5230.2,54222,62.2,1,0,0,0
1,major_purchase,0.1589,461.72,10.626884,1.9,776,1541.07,38738,14.3,0,0,0,0
0,major_purchase,0.1678,506.11,10.632813,4.42,656,9099.38,16468,54.8,1,0,0,0
1,all_other,0.141,339.26,11.230831,19.21,780,2523.95,15628,55.3,3,0,0,0
1,all_other,0.1478,163.38,11.245565,22.16,703,2322.51,127089,60.9,0,0,0,0
0,debt_consolidation,0.2161,311.57,11.58561,9.72,657,5145.4,1663,82.1,3,1,0,0
1,debt_consolidation,0.1914,511.54,11.572897,6.18,681,8635.63,2810,32.6,2,1,0,1
0,debt_consolidation,0.2012,628.73,10.825198,0.28,647,8142.22,32641,28.4,1,0,0,0
1,credit_card,0.1302,304.53,12.663684,19.09,735,4503.21,19597,47.8,2,0,0,0
1,debt_consolidation,0.2116,252.32,11.875471,19.5,671,4258.83,6631,70.6,0,1,0,1
1,debt_consolidation,0.194,427.3,10.528535,0.0,716,6363.85,517965,40.9,2,0,1,0
1,debt_consolidation,0.129,287.3,11.007225,0.0,753,4914.29,1727,0.4,1,1,0,0
1,debt_consolidation,0.1708,191.38,9.718654,13.54,684,5261.6,12427,39.4,0,0,0,1
1,debt_consolidation,0.1789,489.48,10.946627,14.44,700,4705.71,18006,51.6,1,0,0,0
1,all_other,0.139,378.15,11.950954,9.31,660,6586.14,5979,24.4,1,0,0,0
1,all_other,0.1856,183.54,12.626596,12.37,695,6187.25,3934,0.0,0,0,0,0
1,all_other,0.1323,237.69,10.85602,10.89,808,8863.55,6988,56.0,1,0,0,0
1,all_other,0.1311,323.23,11.134278,12.78,740,3467.83,145146,9.1,2,1,0,1
1,credit_card,0.1166,124.4,11.29924,6.38,700,3444.81,6176,75.1,4,0,0,1
1,debt_consolidation,0.1729,235.4,12.137619,12.52,687,4828.27,21270,113.8,1,0,0,0
1,debt_consolidation,0.1341,576.91,10.330386,7.95,708,4554.44,4301,21.1,2,0,0,0
1,small_business,0.1369,264.14,12.549863,7.37,715,7217.16,35420,57.2,3,0,0,1
1,credit_card,0.1705,223.15,10.736586,0.0,694,2422.77,63513,55.7,0,0,0,0
1,all_other,0.1733,835.95,10.216206,11.39,730,8235.15,8343,2.5,4,0,0,0
1,debt_consolidation,0.1677,496.47,10.737691,18.14,674,4348.85,33929,0.0,1,0,0,0
1,debt_consolidation,0.1958,657.58,10.436141,10.35,674,8013.29,9175,7.7,3,0,0,0
1,debt_consolidation,0.1629,222.84,11.185746,10.16,724,11388.14,11806,38.2,0,0,0,0
1,small_business,0.1632,316.55,9.92204,21.26,666,7626.23,22628,117.7,2,0,0,0
1,all_other,0.1322,366.92,11.0164,19.67,738,6622.16,18179,63.6,1,0,0,1
1,debt_consolidation,0.1779,462.13,11.335021,24.57,709,7849.17,16033,21.4,2,0,0,0
0,debt_consolidation,0.1757,1257.8,11.834529,28.17,641,4324.29,1037,21.1,2,0,0,0
1,debt_consolidation,0.1705,413.91,11.34517,13.01,714,5717.5,1516,27.1,2,0,0,0
0,debt_consolidation,0.1765,840.33,11.796977,4.62,646,3379.42,688,0.0,1,0,0,0
1,all_other,0.1586,1228.08,10.560543,9.0,736,3538.34,1162,21.3,3,0,0,1
1,debt_consolidation,0.1685,1245.23,11.170456,16.55,701,5831.0,22838,60.4,0,1,0,0
1,small_business,0.1344,414.07,9.570172,22.54,780,5299.28,6218,40.4,1,0,0,1
1,credit_card,0.1513,848.23,10.860467,5.36,751,6138.51,3980,35.2,0,0,0,0
1,small_business,0.1457,412.07,11.165918,14.36,670,5395.54,195662,71.2,2,0,1,1
0,small_business,0.1838,386.83,11.221112,7.13,633,4354.08,74899,14.3,1,0,0,0
1,major_purchase,0.1597,692.55,9.969813,11.59,681,7369.32,859,59.4,3,0,0,1
1,educational,0.2001,754.64,10.691999,11.48,664,3516.25,2728,13.9,1,0,0,0
1,debt_consolidation,0.0959,500.35,10.777036,15.23,779,5687.76,2398,71.1,1,0,0,0
1,debt_consolidation,0.1552,339.69,10.668264,26.62,710,7929.12,12086,48.9,0,0,1,0
1,debt_consolidation,0.1465,269.07,11.372254,15.88,745,6833.66,1385,51.7,0,0,0,0
1,all_other,0.1658,166.57,10.797735,9.63,699,4987.7,3678,43.1,0,0,0,0
1,credit_card,0.1571,429.07,10.990589,8.5,703,569.86,21336,62.8,0,0,0,0
1,debt_consolidation,0.1439,443.6,10.631332,11.28,709,4209.77,8832,22.3,2,0,0,0
1,home_improvement,0.1321,661.07,11.579543,6.59,752,10371.2,1345,76.3,1,1,0,1
1,home_improvement,0.17,140.42,11.624933,13.56,722,4439.76,12869,39.6,1,0,0,0
1,all_other,0.1601,413.68,10.741912,0.0,670,5047.21,13455,61.3,2,0,0,0
1,all_other,0.0848,299.57,12.668859,11.14,772,5483.94,15421,66.1,2,0,0,0
1,debt_consolidation,0.1702,374.69,10.462449,11.69,699,6128.29,1150,24.8,1,0,0,0
1,all_other,0.1935,963.25,11.54439,4.59,693,3421.96,52548,61.3,2,0,0,1
0,debt_consolidation,0.179,968.49,10.34989,9.96,612,6955.06,4936,25.4,1,0,0,1
0,all_other,0.1723,796.51,11.401545,20.33,734,6081.95,1734,0.9,1,2,0,0
1,debt_consolidation,0.1645,413.23,11.353952,20.83,714,753.87,12236,52.6,4,0,0,0
1,debt_consolidation,0.131,323.24,10.31284,8.92,714,180.0,31574,109.8,4,0,0,0
1,all_other,0.1486,879.02,10.850332,16.21,695,3717.72,28398,28.0,1,0,0,0
1,all_other,0.1508,1214.66,12.069321,2.26,688,2032.89,85769,61.8,0,1,0,0
1,debt_consolidation,0.1656,1186.89,10.433276,10.56,696,5833.29,3960,70.7,3,0,0,0
1,educational,0.1442,529.64,11.175138,14.19,728,4124.12,820,13.4,2,0,0,0
1,debt_consolidation,0.1672,399.47,11.134645,23.14,734,6235.3,6475,29.1,1,0,0,0
1,small_business,0.1919,652.38,10.904207,20.83,701,6268.02,119,83.2,1,0,0,1
1,debt_consolidation,0.1088,606.49,9.87401,14.04,746,2545.63,2882,66.0,3,0,0,0
1,debt_consolidation,0.1289,278.08,11.435461,6.31,707,4149.33,6401,49.0,1,0,1,0
1,educational,0.1767,344.05,10.937086,21.97,691,3676.79,4967,1.3,1,0,0,0
1,credit_card,0.142,1199.62,11.603346,10.25,718,7392.63,24719,30.3,0,0,0,0
0,all_other,0.1758,297.04,11.071372,15.69,658,4620.79,10572,62.1,2,0,0,0
1,credit_card,0.1628,700.89,10.969326,11.75,719,8187.43,22382,0.0,0,0,0,0
0,debt_consolidation,0.1996,283.43,11.15725,26.35,651,8326.51,17149,70.6,1,0,0,1
1,home_improvement,0.1488,346.97,10.327606,8.39,671,4721.11,1017,79.8,1,0,0,0
0,debt_consolidation,0.1461,197.78,11.880445,18.92,633,3579.09,28634,99.2,0,0,1,0
1,home_improvement,0.1568,201.13,10.700997,12.0,703,2870.88,4612,83.9,2,0,0,0
1,major_purchase,0.1114,552.82,10.708837,16.53,771,6834.87,15433,58.6,0,1,0,0
1,small_business,0.174,555.82,11.718301,23.78,706,4809.12,22898,69.6,0,0,0,0
1,credit_card,0.1433,1201.83,11.080879,0.0,734,3237.84,3064,36.7,1,0,0,0
1,credit_card,0.0963,357.5,10.785765,12.15,799,7302.71,3620,31.0,2,0,0,0
1,all_other,0.1909,447.61,11.18243,6.43,725,7348.5,11545,59.7,2,0,0,0
1,debt_consolidation,0.1693,378.07,11.31185,15.68,681,2688.82,5062,23.1,1,0,0,0
1,small_business,0.1702,197.44,10.857813,17.37,686,5963.85,171395,34.6,2,0,0,0
1,all_other,0.1579,579.2,11.492621,9.35,710,6531.75,11117,110.5,0,0,0,0
1,all_other,0.1773,349.96,10.154962,9.0,686,9313.92,1703,25.5,3,0,0,0
1,home_improvement,0.1527,139.34,11.089704,14.01,689,4647.44,307332,53.9,1,0,0,0
1,debt_consolidation,0.1857,865.24,11.418165,3.81,747,5060.48,19187,0.0,0,1,0,0
1,home_improvement,0.1079,238.8,11.309295,14.9,749,6712.61,10306,23.1,0,1,0,0
0,home_improvement,0.1552,481.42,9.56296,6.96,647,8232.34,124068,23.4,1,0,0,1
1,debt_consolidation,0.1379,481.6,10.852779,17.66,679,6061.55,17908,43.4,2,0,0,0
1,debt_consolidation,0.1641,448.07,10.189437,3.51,692,5623.64,9598,21.5,1,1,0,0
1,credit_card,0.155,189.05,11.714321,8.69,733,3656.72,847,38.7,2,0,0,0
1,debt_consolidation,0.1299,979.21,10.691689,7.42,753,4250.94,280,32.2,1,0,0,0
1,educational,0.1189,217.8,11.646569,10.54,813,4687.54,77091,41.1,4,0,0,0
1,debt_consolidation,0.1731,70.18,10.187603,22.1,692,6813.13,17657,0.0,3,0,0,0
1,debt_consolidation,0.1559,692.48,11.168292,18.44,694,6181.89,7929,1.5,1,0,0,0
1,debt_consolidation,0.1545,675.46,10.934844,9.29,732,3336.99,8728,69.3,1,0,0,0
1,home_improvement,0.1637,167.48,12.616082,9.28,684,7184.42,17863,30.1,2,0,0,0
1,all_other,0.15,377.68,11.648536,18.71,705,4637.29,30202,52.4,1,0,0,0
1,home_improvement,0.1531,811.09,11.609469,4.57,694,4672.91,3151,58.0,0,1,0,0
0,educational,0.2047,1099.23,12.166963,12.75,612,6980.11,14893,48.8,0,1,0,0
1,all_other,0.178,605.44,11.103098,8.42,715,7291.88,25391,7.7,3,0,0,0
1,debt_consolidation,0.1349,662.08,10.869301,11.42,703,5924.74,4905,0.0,2,0,0,0
1,debt_consolidation,0.1247,604.12,10.79975,18.18,758,9738.9,311,34.5,2,0,0,0
1,small_business,0.1742,356.35,11.129968,7.98,710,373.07,3191,47.6,0,0,0,0
1,debt_consolidation,0.2126,192.96,9.240225,19.32,662,7474.13,1359,87.1,0,0,0,0
1,small_business,0.184,331.19,10.931419,27.78,700,2561.56,72864,103.7,3,0,0,0
0,small_business,0.1902,881.01,11.068343,16.77,631,5017.77,2346,56.6,2,0,0,0
1,all_other,0.1581,836.95,10.834931,12.02,664,5121.27,2219,44.0,1,1,1,0
1,all_other,0.1648,446.39,9.996146,20.58,734,4936.09,3877,44.1,4,0,0,0
1,major_purchase,0.1537,301.81,10.8386,4.95,701,2803.51,41614,45.0,0,0,0,0
1,credit_card,0.1155,1154.99,9.994443,23.1,745,1686.49,44646,26.5,0,0,0,0
0,credit_card,0.2099,449.4,12.011992,7.4,635,274.68,3016,85.7,1,0,0,0
1,all_other,0.1661,605.94,10.773016,27.56,701,4561.86,5318,34.3,0,0,0,1
1,all_other,0.1401,160.67,9.671751,7.65,692,5419.17,8252,56.3,1,0,0,0
1,debt_consolidation,0.1129,345.77,10.804028,17.17,746,6567.44,101266,55.8,1,0,0,0
1,major_purchase,0.1008,755.82,11.476193,1.84,736,7985.04,410,0.0,1,1,0,0
1,all_other,0.1327,141.86,11.037408,11.13,734,7182.34,1128,16.6,2,0,0,0
1,home_improvement,0.1354,361.47,10.372548,5.15,769,7551.64,534803,56.4,2,0,0,0
